"file_name","public_path","target_labels"
"[canary_wharf][blob][MERL_EDIT-beige-fabric_diff_mix_grease-covered-steel_spec_hue_1_sat_1_spec_0].png","[canary_wharf][blob][MERL_EDIT-beige-fabric_diff_mix_grease-covered-steel_spec_hue_1_sat_1_spec_0].png","10"
"[canary_wharf][blob][MERL_EDIT-beige-fabric_diff_mix_grease-covered-steel_spec_hue_2_sat_0_spec_1].png","[canary_wharf][blob][MERL_EDIT-beige-fabric_diff_mix_grease-covered-steel_spec_hue_2_sat_0_spec_1].png","10"
"[canary_wharf][blob][MERL_EDIT-beige-fabric_diff_mix_grease-covered-steel_spec_hue_2_sat_1_spec_1].png","[canary_wharf][blob][MERL_EDIT-beige-fabric_diff_mix_grease-covered-steel_spec_hue_2_sat_1_spec_1].png","10"
"[canary_wharf][blob][MERL_EDIT-beige-fabric_diff_mix_natural-209_spec_hue_1_sat_0_spec_1].png","[canary_wharf][blob][MERL_EDIT-beige-fabric_diff_mix_natural-209_spec_hue_1_sat_0_spec_1].png","10"
"[canary_wharf][blob][MERL_EDIT-beige-fabric_diff_mix_polyethylene_spec_hue_3_black_spec_1].png","[canary_wharf][blob][MERL_EDIT-beige-fabric_diff_mix_polyethylene_spec_hue_3_black_spec_1].png","10"
"[canary_wharf][blob][MERL_EDIT-beige-fabric_diff_mix_silver-paint_spec_hue_2_sat_1_spec_1].png","[canary_wharf][blob][MERL_EDIT-beige-fabric_diff_mix_silver-paint_spec_hue_2_sat_1_spec_1].png","10"
"[canary_wharf][blob][MERL_EDIT-beige-fabric_diff_mix_silver-paint_spec_hue_3_black_spec_0].png","[canary_wharf][blob][MERL_EDIT-beige-fabric_diff_mix_silver-paint_spec_hue_3_black_spec_0].png","10"
"[canary_wharf][blob][MERL_EDIT-beige-fabric_diff_mix_silver-paint_spec_hue_3_black_spec_1].png","[canary_wharf][blob][MERL_EDIT-beige-fabric_diff_mix_silver-paint_spec_hue_3_black_spec_1].png","10"
"[canary_wharf][blob][MERL_EDIT-beige-fabric_diff_mix_silver-paint_spec_hue_3_black_spec_2].png","[canary_wharf][blob][MERL_EDIT-beige-fabric_diff_mix_silver-paint_spec_hue_3_black_spec_2].png","10"
"[canary_wharf][blob][MERL_EDIT-beige-fabric_diff_mix_white-paint_spec_hue_0_sat_1_spec_0].png","[canary_wharf][blob][MERL_EDIT-beige-fabric_diff_mix_white-paint_spec_hue_0_sat_1_spec_0].png","10"
"[canary_wharf][blob][MERL_EDIT-beige-fabric_hue_3_black_spec_0].png","[canary_wharf][blob][MERL_EDIT-beige-fabric_hue_3_black_spec_0].png","10"
"[canary_wharf][blob][MERL-alum-bronze].png","[canary_wharf][blob][MERL-alum-bronze].png","10"
"[canary_wharf][blob][MERL-alumina-oxide].png","[canary_wharf][blob][MERL-alumina-oxide].png","10"
"[canary_wharf][blob][MERL-aluminium].png","[canary_wharf][blob][MERL-aluminium].png","10"
"[canary_wharf][blob][MERL-beige-fabric].png","[canary_wharf][blob][MERL-beige-fabric].png","10"
"[canary_wharf][blob][MERL-black-fabric].png","[canary_wharf][blob][MERL-black-fabric].png","10"
"[canary_wharf][blob][MERL-chrome].png","[canary_wharf][blob][MERL-chrome].png","10"
"[canary_wharf][blob][MERL-gold-metallic-paint].png","[canary_wharf][blob][MERL-gold-metallic-paint].png","10"
"[canary_wharf][blob][MERL-gold-metallic-paint2].png","[canary_wharf][blob][MERL-gold-metallic-paint2].png","10"
"[canary_wharf][blob][MERL-gold-metallic-paint3].png","[canary_wharf][blob][MERL-gold-metallic-paint3].png","10"
"[canary_wharf][blob][MERL-green-plastic].png","[canary_wharf][blob][MERL-green-plastic].png","10"
"[canary_wharf][blob][MERL-light-brown-fabric].png","[canary_wharf][blob][MERL-light-brown-fabric].png","10"
"[canary_wharf][blob][MERL-pearl-paint].png","[canary_wharf][blob][MERL-pearl-paint].png","10"
"[canary_wharf][blob][MERL-polyurethane-foam].png","[canary_wharf][blob][MERL-polyurethane-foam].png","10"
"[canary_wharf][blob][MERL-red-metallic-paint].png","[canary_wharf][blob][MERL-red-metallic-paint].png","10"
"[canary_wharf][blob][MERL-silicon-nitrade].png","[canary_wharf][blob][MERL-silicon-nitrade].png","10"
"[canary_wharf][blob][MERL-silver-metallic-paint].png","[canary_wharf][blob][MERL-silver-metallic-paint].png","10"
"[canary_wharf][blob][MERL-silver-metallic-paint2].png","[canary_wharf][blob][MERL-silver-metallic-paint2].png","10"
"[canary_wharf][blob][MERL-specular-blue-phenolic].png","[canary_wharf][blob][MERL-specular-blue-phenolic].png","10"
"[canary_wharf][blob][MERL-specular-green-phenolic].png","[canary_wharf][blob][MERL-specular-green-phenolic].png","10"
"[canary_wharf][blob][MERL-specular-maroon-phenolic].png","[canary_wharf][blob][MERL-specular-maroon-phenolic].png","10"
"[canary_wharf][blob][MERL-specular-orange-phenolic].png","[canary_wharf][blob][MERL-specular-orange-phenolic].png","10"
"[canary_wharf][blob][MERL-specular-red-phenolic].png","[canary_wharf][blob][MERL-specular-red-phenolic].png","10"
"[canary_wharf][blob][MERL-specular-violet-phenolic].png","[canary_wharf][blob][MERL-specular-violet-phenolic].png","10"
"[canary_wharf][blob][MERL-specular-white-phenolic].png","[canary_wharf][blob][MERL-specular-white-phenolic].png","10"
"[canary_wharf][blob][MERL-specular-yellow-phenolic].png","[canary_wharf][blob][MERL-specular-yellow-phenolic].png","10"
"[canary_wharf][blob][MERL-steel].png","[canary_wharf][blob][MERL-steel].png","10"
"[canary_wharf][blob][MERL-tungsten-carbide].png","[canary_wharf][blob][MERL-tungsten-carbide].png","10"
"[canary_wharf][blob][MERL-two-layer-silver].png","[canary_wharf][blob][MERL-two-layer-silver].png","10"
"[canary_wharf][blob][MERL-white-acrylic].png","[canary_wharf][blob][MERL-white-acrylic].png","10"
"[canary_wharf][blob][MERL-yellow-phenolic].png","[canary_wharf][blob][MERL-yellow-phenolic].png","10"
"[canary_wharf][blob][RGL-aniso_copper_sheet_rgb].png","[canary_wharf][blob][RGL-aniso_copper_sheet_rgb].png","10"
"[canary_wharf][blob][RGL-aniso_miro_7_rgb].png","[canary_wharf][blob][RGL-aniso_miro_7_rgb].png","10"
"[canary_wharf][blob][RGL-aniso_sari_silk_2color_rgb].png","[canary_wharf][blob][RGL-aniso_sari_silk_2color_rgb].png","10"
"[canary_wharf][blob][RGL-chm_orange_rgb].png","[canary_wharf][blob][RGL-chm_orange_rgb].png","10"
"[canary_wharf][blob][RGL-ilm_solo_m_68_rgb].png","[canary_wharf][blob][RGL-ilm_solo_m_68_rgb].png","10"
"[canary_wharf][blob][RGL-vch_frozen_amethyst_rgb].png","[canary_wharf][blob][RGL-vch_frozen_amethyst_rgb].png","10"
"[canary_wharf][blob][RGL-vch_golden_yellow_rgb].png","[canary_wharf][blob][RGL-vch_golden_yellow_rgb].png","10"
"[canary_wharf][blob][RGL-vch_silk_blue_rgb].png","[canary_wharf][blob][RGL-vch_silk_blue_rgb].png","10"
"[canary_wharf][blob][SVBRDF-Ceramic__0330_marble_wall_01].png","[canary_wharf][blob][SVBRDF-Ceramic__0330_marble_wall_01].png","10"
"[canary_wharf][blob][SVBRDF-Ceramic__0974_arcane_arabesque_patterns].png","[canary_wharf][blob][SVBRDF-Ceramic__0974_arcane_arabesque_patterns].png","10"
"[canary_wharf][blob][SVBRDF-Ceramic__cgbc_blue_tiles_001].png","[canary_wharf][blob][SVBRDF-Ceramic__cgbc_blue_tiles_001].png","10"
"[canary_wharf][blob][SVBRDF-Ceramic__tc_tiles_085].png","[canary_wharf][blob][SVBRDF-Ceramic__tc_tiles_085].png","10"
"[canary_wharf][blob][SVBRDF-Fabric__0265_fabric_padded_wall].png","[canary_wharf][blob][SVBRDF-Fabric__0265_fabric_padded_wall].png","10"
"[canary_wharf][blob][SVBRDF-Fabric__0266_fabric_padded_wall].png","[canary_wharf][blob][SVBRDF-Fabric__0266_fabric_padded_wall].png","10"
"[canary_wharf][blob][SVBRDF-Fabric__acg_fabric_058].png","[canary_wharf][blob][SVBRDF-Fabric__acg_fabric_058].png","10"
"[canary_wharf][blob][SVBRDF-Fabric__js_fabric_pattern_006].png","[canary_wharf][blob][SVBRDF-Fabric__js_fabric_pattern_006].png","10"
"[canary_wharf][blob][SVBRDF-Metal__0361_metal_brushed_copper].png","[canary_wharf][blob][SVBRDF-Metal__0361_metal_brushed_copper].png","10"
"[canary_wharf][blob][SVBRDF-Metal__acg_metal_016].png","[canary_wharf][blob][SVBRDF-Metal__acg_metal_016].png","10"
"[canary_wharf][blob][SVBRDF-Metal__cgbc_metal_weave_002].png","[canary_wharf][blob][SVBRDF-Metal__cgbc_metal_weave_002].png","10"
"[canary_wharf][bumpiness_high][MERL_EDIT-beige-fabric_diff_mix_grease-covered-steel_spec_hue_1_sat_1_spec_0].png","[canary_wharf][bumpiness_high][MERL_EDIT-beige-fabric_diff_mix_grease-covered-steel_spec_hue_1_sat_1_spec_0].png","10"
"[canary_wharf][bumpiness_high][MERL_EDIT-beige-fabric_diff_mix_grease-covered-steel_spec_hue_2_sat_0_spec_1].png","[canary_wharf][bumpiness_high][MERL_EDIT-beige-fabric_diff_mix_grease-covered-steel_spec_hue_2_sat_0_spec_1].png","10"
"[canary_wharf][bumpiness_high][MERL_EDIT-beige-fabric_diff_mix_grease-covered-steel_spec_hue_2_sat_1_spec_1].png","[canary_wharf][bumpiness_high][MERL_EDIT-beige-fabric_diff_mix_grease-covered-steel_spec_hue_2_sat_1_spec_1].png","10"
"[canary_wharf][bumpiness_high][MERL_EDIT-beige-fabric_diff_mix_natural-209_spec_hue_1_sat_0_spec_1].png","[canary_wharf][bumpiness_high][MERL_EDIT-beige-fabric_diff_mix_natural-209_spec_hue_1_sat_0_spec_1].png","10"
"[canary_wharf][bumpiness_high][MERL_EDIT-beige-fabric_diff_mix_polyethylene_spec_hue_3_black_spec_1].png","[canary_wharf][bumpiness_high][MERL_EDIT-beige-fabric_diff_mix_polyethylene_spec_hue_3_black_spec_1].png","10"
"[canary_wharf][bumpiness_high][MERL_EDIT-beige-fabric_diff_mix_silver-paint_spec_hue_2_sat_1_spec_1].png","[canary_wharf][bumpiness_high][MERL_EDIT-beige-fabric_diff_mix_silver-paint_spec_hue_2_sat_1_spec_1].png","10"
"[canary_wharf][bumpiness_high][MERL_EDIT-beige-fabric_diff_mix_silver-paint_spec_hue_3_black_spec_0].png","[canary_wharf][bumpiness_high][MERL_EDIT-beige-fabric_diff_mix_silver-paint_spec_hue_3_black_spec_0].png","10"
"[canary_wharf][bumpiness_high][MERL_EDIT-beige-fabric_diff_mix_silver-paint_spec_hue_3_black_spec_1].png","[canary_wharf][bumpiness_high][MERL_EDIT-beige-fabric_diff_mix_silver-paint_spec_hue_3_black_spec_1].png","10"
"[canary_wharf][bumpiness_high][MERL_EDIT-beige-fabric_diff_mix_silver-paint_spec_hue_3_black_spec_2].png","[canary_wharf][bumpiness_high][MERL_EDIT-beige-fabric_diff_mix_silver-paint_spec_hue_3_black_spec_2].png","10"
"[canary_wharf][bumpiness_high][MERL_EDIT-beige-fabric_diff_mix_white-paint_spec_hue_0_sat_1_spec_0].png","[canary_wharf][bumpiness_high][MERL_EDIT-beige-fabric_diff_mix_white-paint_spec_hue_0_sat_1_spec_0].png","10"
"[canary_wharf][bumpiness_high][MERL_EDIT-beige-fabric_hue_3_black_spec_0].png","[canary_wharf][bumpiness_high][MERL_EDIT-beige-fabric_hue_3_black_spec_0].png","10"
"[canary_wharf][bumpiness_high][MERL-alum-bronze].png","[canary_wharf][bumpiness_high][MERL-alum-bronze].png","10"
"[canary_wharf][bumpiness_high][MERL-alumina-oxide].png","[canary_wharf][bumpiness_high][MERL-alumina-oxide].png","10"
"[canary_wharf][bumpiness_high][MERL-aluminium].png","[canary_wharf][bumpiness_high][MERL-aluminium].png","10"
"[canary_wharf][bumpiness_high][MERL-beige-fabric].png","[canary_wharf][bumpiness_high][MERL-beige-fabric].png","10"
"[canary_wharf][bumpiness_high][MERL-black-fabric].png","[canary_wharf][bumpiness_high][MERL-black-fabric].png","10"
"[canary_wharf][bumpiness_high][MERL-chrome].png","[canary_wharf][bumpiness_high][MERL-chrome].png","10"
"[canary_wharf][bumpiness_high][MERL-gold-metallic-paint].png","[canary_wharf][bumpiness_high][MERL-gold-metallic-paint].png","10"
"[canary_wharf][bumpiness_high][MERL-gold-metallic-paint2].png","[canary_wharf][bumpiness_high][MERL-gold-metallic-paint2].png","10"
"[canary_wharf][bumpiness_high][MERL-gold-metallic-paint3].png","[canary_wharf][bumpiness_high][MERL-gold-metallic-paint3].png","10"
"[canary_wharf][bumpiness_high][MERL-green-plastic].png","[canary_wharf][bumpiness_high][MERL-green-plastic].png","10"
"[canary_wharf][bumpiness_high][MERL-light-brown-fabric].png","[canary_wharf][bumpiness_high][MERL-light-brown-fabric].png","10"
"[canary_wharf][bumpiness_high][MERL-pearl-paint].png","[canary_wharf][bumpiness_high][MERL-pearl-paint].png","10"
"[canary_wharf][bumpiness_high][MERL-polyurethane-foam].png","[canary_wharf][bumpiness_high][MERL-polyurethane-foam].png","10"
"[canary_wharf][bumpiness_high][MERL-red-metallic-paint].png","[canary_wharf][bumpiness_high][MERL-red-metallic-paint].png","10"
"[canary_wharf][bumpiness_high][MERL-silicon-nitrade].png","[canary_wharf][bumpiness_high][MERL-silicon-nitrade].png","10"
"[canary_wharf][bumpiness_high][MERL-silver-metallic-paint].png","[canary_wharf][bumpiness_high][MERL-silver-metallic-paint].png","10"
"[canary_wharf][bumpiness_high][MERL-silver-metallic-paint2].png","[canary_wharf][bumpiness_high][MERL-silver-metallic-paint2].png","10"
"[canary_wharf][bumpiness_high][MERL-specular-blue-phenolic].png","[canary_wharf][bumpiness_high][MERL-specular-blue-phenolic].png","10"
"[canary_wharf][bumpiness_high][MERL-specular-green-phenolic].png","[canary_wharf][bumpiness_high][MERL-specular-green-phenolic].png","10"
"[canary_wharf][bumpiness_high][MERL-specular-maroon-phenolic].png","[canary_wharf][bumpiness_high][MERL-specular-maroon-phenolic].png","10"
"[canary_wharf][bumpiness_high][MERL-specular-orange-phenolic].png","[canary_wharf][bumpiness_high][MERL-specular-orange-phenolic].png","10"
"[canary_wharf][bumpiness_high][MERL-specular-red-phenolic].png","[canary_wharf][bumpiness_high][MERL-specular-red-phenolic].png","10"
"[canary_wharf][bumpiness_high][MERL-specular-violet-phenolic].png","[canary_wharf][bumpiness_high][MERL-specular-violet-phenolic].png","10"
"[canary_wharf][bumpiness_high][MERL-specular-white-phenolic].png","[canary_wharf][bumpiness_high][MERL-specular-white-phenolic].png","10"
"[canary_wharf][bumpiness_high][MERL-specular-yellow-phenolic].png","[canary_wharf][bumpiness_high][MERL-specular-yellow-phenolic].png","10"
"[canary_wharf][bumpiness_high][MERL-steel].png","[canary_wharf][bumpiness_high][MERL-steel].png","10"
"[canary_wharf][bumpiness_high][MERL-tungsten-carbide].png","[canary_wharf][bumpiness_high][MERL-tungsten-carbide].png","10"
"[canary_wharf][bumpiness_high][MERL-two-layer-silver].png","[canary_wharf][bumpiness_high][MERL-two-layer-silver].png","10"
"[canary_wharf][bumpiness_high][MERL-white-acrylic].png","[canary_wharf][bumpiness_high][MERL-white-acrylic].png","10"
"[canary_wharf][bumpiness_high][MERL-yellow-phenolic].png","[canary_wharf][bumpiness_high][MERL-yellow-phenolic].png","10"
"[canary_wharf][bumpiness_high][RGL-aniso_copper_sheet_rgb].png","[canary_wharf][bumpiness_high][RGL-aniso_copper_sheet_rgb].png","10"
"[canary_wharf][bumpiness_high][RGL-aniso_miro_7_rgb].png","[canary_wharf][bumpiness_high][RGL-aniso_miro_7_rgb].png","10"
"[canary_wharf][bumpiness_high][RGL-aniso_sari_silk_2color_rgb].png","[canary_wharf][bumpiness_high][RGL-aniso_sari_silk_2color_rgb].png","10"
"[canary_wharf][bumpiness_high][RGL-chm_orange_rgb].png","[canary_wharf][bumpiness_high][RGL-chm_orange_rgb].png","10"
"[canary_wharf][bumpiness_high][RGL-ilm_solo_m_68_rgb].png","[canary_wharf][bumpiness_high][RGL-ilm_solo_m_68_rgb].png","10"
"[canary_wharf][bumpiness_high][RGL-vch_frozen_amethyst_rgb].png","[canary_wharf][bumpiness_high][RGL-vch_frozen_amethyst_rgb].png","10"
"[canary_wharf][bumpiness_high][RGL-vch_golden_yellow_rgb].png","[canary_wharf][bumpiness_high][RGL-vch_golden_yellow_rgb].png","10"
"[canary_wharf][bumpiness_high][RGL-vch_silk_blue_rgb].png","[canary_wharf][bumpiness_high][RGL-vch_silk_blue_rgb].png","10"
"[canary_wharf][bumpiness_high][SVBRDF-Ceramic__0330_marble_wall_01].png","[canary_wharf][bumpiness_high][SVBRDF-Ceramic__0330_marble_wall_01].png","10"
"[canary_wharf][bumpiness_high][SVBRDF-Ceramic__0974_arcane_arabesque_patterns].png","[canary_wharf][bumpiness_high][SVBRDF-Ceramic__0974_arcane_arabesque_patterns].png","10"
"[canary_wharf][bumpiness_high][SVBRDF-Ceramic__cgbc_blue_tiles_001].png","[canary_wharf][bumpiness_high][SVBRDF-Ceramic__cgbc_blue_tiles_001].png","10"
"[canary_wharf][bumpiness_high][SVBRDF-Ceramic__tc_tiles_085].png","[canary_wharf][bumpiness_high][SVBRDF-Ceramic__tc_tiles_085].png","10"
"[canary_wharf][bumpiness_high][SVBRDF-Fabric__0265_fabric_padded_wall].png","[canary_wharf][bumpiness_high][SVBRDF-Fabric__0265_fabric_padded_wall].png","10"
"[canary_wharf][bumpiness_high][SVBRDF-Fabric__0266_fabric_padded_wall].png","[canary_wharf][bumpiness_high][SVBRDF-Fabric__0266_fabric_padded_wall].png","10"
"[canary_wharf][bumpiness_high][SVBRDF-Fabric__acg_fabric_058].png","[canary_wharf][bumpiness_high][SVBRDF-Fabric__acg_fabric_058].png","10"
"[canary_wharf][bumpiness_high][SVBRDF-Fabric__js_fabric_pattern_006].png","[canary_wharf][bumpiness_high][SVBRDF-Fabric__js_fabric_pattern_006].png","10"
"[canary_wharf][bumpiness_high][SVBRDF-Metal__0361_metal_brushed_copper].png","[canary_wharf][bumpiness_high][SVBRDF-Metal__0361_metal_brushed_copper].png","10"
"[canary_wharf][bumpiness_high][SVBRDF-Metal__acg_metal_016].png","[canary_wharf][bumpiness_high][SVBRDF-Metal__acg_metal_016].png","10"
"[canary_wharf][bumpiness_high][SVBRDF-Metal__cgbc_metal_weave_002].png","[canary_wharf][bumpiness_high][SVBRDF-Metal__cgbc_metal_weave_002].png","10"
"[canary_wharf][bumpiness_low][MERL_EDIT-beige-fabric_diff_mix_grease-covered-steel_spec_hue_1_sat_1_spec_0].png","[canary_wharf][bumpiness_low][MERL_EDIT-beige-fabric_diff_mix_grease-covered-steel_spec_hue_1_sat_1_spec_0].png","10"
"[canary_wharf][bumpiness_low][MERL_EDIT-beige-fabric_diff_mix_grease-covered-steel_spec_hue_2_sat_0_spec_1].png","[canary_wharf][bumpiness_low][MERL_EDIT-beige-fabric_diff_mix_grease-covered-steel_spec_hue_2_sat_0_spec_1].png","10"
"[canary_wharf][bumpiness_low][MERL_EDIT-beige-fabric_diff_mix_grease-covered-steel_spec_hue_2_sat_1_spec_1].png","[canary_wharf][bumpiness_low][MERL_EDIT-beige-fabric_diff_mix_grease-covered-steel_spec_hue_2_sat_1_spec_1].png","10"
"[canary_wharf][bumpiness_low][MERL_EDIT-beige-fabric_diff_mix_natural-209_spec_hue_1_sat_0_spec_1].png","[canary_wharf][bumpiness_low][MERL_EDIT-beige-fabric_diff_mix_natural-209_spec_hue_1_sat_0_spec_1].png","10"
"[canary_wharf][bumpiness_low][MERL_EDIT-beige-fabric_diff_mix_polyethylene_spec_hue_3_black_spec_1].png","[canary_wharf][bumpiness_low][MERL_EDIT-beige-fabric_diff_mix_polyethylene_spec_hue_3_black_spec_1].png","10"
"[canary_wharf][bumpiness_low][MERL_EDIT-beige-fabric_diff_mix_silver-paint_spec_hue_2_sat_1_spec_1].png","[canary_wharf][bumpiness_low][MERL_EDIT-beige-fabric_diff_mix_silver-paint_spec_hue_2_sat_1_spec_1].png","10"
"[canary_wharf][bumpiness_low][MERL_EDIT-beige-fabric_diff_mix_silver-paint_spec_hue_3_black_spec_0].png","[canary_wharf][bumpiness_low][MERL_EDIT-beige-fabric_diff_mix_silver-paint_spec_hue_3_black_spec_0].png","10"
"[canary_wharf][bumpiness_low][MERL_EDIT-beige-fabric_diff_mix_silver-paint_spec_hue_3_black_spec_1].png","[canary_wharf][bumpiness_low][MERL_EDIT-beige-fabric_diff_mix_silver-paint_spec_hue_3_black_spec_1].png","10"
"[canary_wharf][bumpiness_low][MERL_EDIT-beige-fabric_diff_mix_silver-paint_spec_hue_3_black_spec_2].png","[canary_wharf][bumpiness_low][MERL_EDIT-beige-fabric_diff_mix_silver-paint_spec_hue_3_black_spec_2].png","10"
"[canary_wharf][bumpiness_low][MERL_EDIT-beige-fabric_diff_mix_white-paint_spec_hue_0_sat_1_spec_0].png","[canary_wharf][bumpiness_low][MERL_EDIT-beige-fabric_diff_mix_white-paint_spec_hue_0_sat_1_spec_0].png","10"
"[canary_wharf][bumpiness_low][MERL_EDIT-beige-fabric_hue_3_black_spec_0].png","[canary_wharf][bumpiness_low][MERL_EDIT-beige-fabric_hue_3_black_spec_0].png","10"
"[canary_wharf][bumpiness_low][MERL-alum-bronze].png","[canary_wharf][bumpiness_low][MERL-alum-bronze].png","10"
"[canary_wharf][bumpiness_low][MERL-alumina-oxide].png","[canary_wharf][bumpiness_low][MERL-alumina-oxide].png","10"
"[canary_wharf][bumpiness_low][MERL-aluminium].png","[canary_wharf][bumpiness_low][MERL-aluminium].png","10"
"[canary_wharf][bumpiness_low][MERL-beige-fabric].png","[canary_wharf][bumpiness_low][MERL-beige-fabric].png","10"
"[canary_wharf][bumpiness_low][MERL-black-fabric].png","[canary_wharf][bumpiness_low][MERL-black-fabric].png","10"
"[canary_wharf][bumpiness_low][MERL-chrome].png","[canary_wharf][bumpiness_low][MERL-chrome].png","10"
"[canary_wharf][bumpiness_low][MERL-gold-metallic-paint].png","[canary_wharf][bumpiness_low][MERL-gold-metallic-paint].png","10"
"[canary_wharf][bumpiness_low][MERL-gold-metallic-paint2].png","[canary_wharf][bumpiness_low][MERL-gold-metallic-paint2].png","10"
"[canary_wharf][bumpiness_low][MERL-gold-metallic-paint3].png","[canary_wharf][bumpiness_low][MERL-gold-metallic-paint3].png","10"
"[canary_wharf][bumpiness_low][MERL-green-plastic].png","[canary_wharf][bumpiness_low][MERL-green-plastic].png","10"
"[canary_wharf][bumpiness_low][MERL-light-brown-fabric].png","[canary_wharf][bumpiness_low][MERL-light-brown-fabric].png","10"
"[canary_wharf][bumpiness_low][MERL-pearl-paint].png","[canary_wharf][bumpiness_low][MERL-pearl-paint].png","10"
"[canary_wharf][bumpiness_low][MERL-polyurethane-foam].png","[canary_wharf][bumpiness_low][MERL-polyurethane-foam].png","10"
"[canary_wharf][bumpiness_low][MERL-red-metallic-paint].png","[canary_wharf][bumpiness_low][MERL-red-metallic-paint].png","10"
"[canary_wharf][bumpiness_low][MERL-silicon-nitrade].png","[canary_wharf][bumpiness_low][MERL-silicon-nitrade].png","10"
"[canary_wharf][bumpiness_low][MERL-silver-metallic-paint].png","[canary_wharf][bumpiness_low][MERL-silver-metallic-paint].png","10"
"[canary_wharf][bumpiness_low][MERL-silver-metallic-paint2].png","[canary_wharf][bumpiness_low][MERL-silver-metallic-paint2].png","10"
"[canary_wharf][bumpiness_low][MERL-specular-blue-phenolic].png","[canary_wharf][bumpiness_low][MERL-specular-blue-phenolic].png","10"
"[canary_wharf][bumpiness_low][MERL-specular-green-phenolic].png","[canary_wharf][bumpiness_low][MERL-specular-green-phenolic].png","10"
"[canary_wharf][bumpiness_low][MERL-specular-maroon-phenolic].png","[canary_wharf][bumpiness_low][MERL-specular-maroon-phenolic].png","10"
"[canary_wharf][bumpiness_low][MERL-specular-orange-phenolic].png","[canary_wharf][bumpiness_low][MERL-specular-orange-phenolic].png","10"
"[canary_wharf][bumpiness_low][MERL-specular-red-phenolic].png","[canary_wharf][bumpiness_low][MERL-specular-red-phenolic].png","10"
"[canary_wharf][bumpiness_low][MERL-specular-violet-phenolic].png","[canary_wharf][bumpiness_low][MERL-specular-violet-phenolic].png","10"
"[canary_wharf][bumpiness_low][MERL-specular-white-phenolic].png","[canary_wharf][bumpiness_low][MERL-specular-white-phenolic].png","10"
"[canary_wharf][bumpiness_low][MERL-specular-yellow-phenolic].png","[canary_wharf][bumpiness_low][MERL-specular-yellow-phenolic].png","10"
"[canary_wharf][bumpiness_low][MERL-steel].png","[canary_wharf][bumpiness_low][MERL-steel].png","10"
"[canary_wharf][bumpiness_low][MERL-tungsten-carbide].png","[canary_wharf][bumpiness_low][MERL-tungsten-carbide].png","10"
"[canary_wharf][bumpiness_low][MERL-two-layer-silver].png","[canary_wharf][bumpiness_low][MERL-two-layer-silver].png","10"
"[canary_wharf][bumpiness_low][MERL-white-acrylic].png","[canary_wharf][bumpiness_low][MERL-white-acrylic].png","10"
"[canary_wharf][bumpiness_low][MERL-yellow-phenolic].png","[canary_wharf][bumpiness_low][MERL-yellow-phenolic].png","10"
"[canary_wharf][bumpiness_low][RGL-aniso_copper_sheet_rgb].png","[canary_wharf][bumpiness_low][RGL-aniso_copper_sheet_rgb].png","10"
"[canary_wharf][bumpiness_low][RGL-aniso_miro_7_rgb].png","[canary_wharf][bumpiness_low][RGL-aniso_miro_7_rgb].png","10"
"[canary_wharf][bumpiness_low][RGL-aniso_sari_silk_2color_rgb].png","[canary_wharf][bumpiness_low][RGL-aniso_sari_silk_2color_rgb].png","10"
"[canary_wharf][bumpiness_low][RGL-chm_orange_rgb].png","[canary_wharf][bumpiness_low][RGL-chm_orange_rgb].png","10"
"[canary_wharf][bumpiness_low][RGL-ilm_solo_m_68_rgb].png","[canary_wharf][bumpiness_low][RGL-ilm_solo_m_68_rgb].png","10"
"[canary_wharf][bumpiness_low][RGL-vch_frozen_amethyst_rgb].png","[canary_wharf][bumpiness_low][RGL-vch_frozen_amethyst_rgb].png","10"
"[canary_wharf][bumpiness_low][RGL-vch_golden_yellow_rgb].png","[canary_wharf][bumpiness_low][RGL-vch_golden_yellow_rgb].png","10"
"[canary_wharf][bumpiness_low][RGL-vch_silk_blue_rgb].png","[canary_wharf][bumpiness_low][RGL-vch_silk_blue_rgb].png","10"
"[canary_wharf][bumpiness_low][SVBRDF-Ceramic__0330_marble_wall_01].png","[canary_wharf][bumpiness_low][SVBRDF-Ceramic__0330_marble_wall_01].png","10"
"[canary_wharf][bumpiness_low][SVBRDF-Ceramic__0974_arcane_arabesque_patterns].png","[canary_wharf][bumpiness_low][SVBRDF-Ceramic__0974_arcane_arabesque_patterns].png","10"
"[canary_wharf][bumpiness_low][SVBRDF-Ceramic__cgbc_blue_tiles_001].png","[canary_wharf][bumpiness_low][SVBRDF-Ceramic__cgbc_blue_tiles_001].png","10"
"[canary_wharf][bumpiness_low][SVBRDF-Ceramic__tc_tiles_085].png","[canary_wharf][bumpiness_low][SVBRDF-Ceramic__tc_tiles_085].png","10"
"[canary_wharf][bumpiness_low][SVBRDF-Fabric__0265_fabric_padded_wall].png","[canary_wharf][bumpiness_low][SVBRDF-Fabric__0265_fabric_padded_wall].png","10"
"[canary_wharf][bumpiness_low][SVBRDF-Fabric__0266_fabric_padded_wall].png","[canary_wharf][bumpiness_low][SVBRDF-Fabric__0266_fabric_padded_wall].png","10"
"[canary_wharf][bumpiness_low][SVBRDF-Fabric__acg_fabric_058].png","[canary_wharf][bumpiness_low][SVBRDF-Fabric__acg_fabric_058].png","10"
"[canary_wharf][bumpiness_low][SVBRDF-Fabric__js_fabric_pattern_006].png","[canary_wharf][bumpiness_low][SVBRDF-Fabric__js_fabric_pattern_006].png","10"
"[canary_wharf][bumpiness_low][SVBRDF-Metal__0361_metal_brushed_copper].png","[canary_wharf][bumpiness_low][SVBRDF-Metal__0361_metal_brushed_copper].png","10"
"[canary_wharf][bumpiness_low][SVBRDF-Metal__acg_metal_016].png","[canary_wharf][bumpiness_low][SVBRDF-Metal__acg_metal_016].png","10"
"[canary_wharf][bumpiness_low][SVBRDF-Metal__cgbc_metal_weave_002].png","[canary_wharf][bumpiness_low][SVBRDF-Metal__cgbc_metal_weave_002].png","10"
"[canary_wharf][bumpiness_very_high][MERL_EDIT-beige-fabric_diff_mix_grease-covered-steel_spec_hue_1_sat_1_spec_0].png","[canary_wharf][bumpiness_very_high][MERL_EDIT-beige-fabric_diff_mix_grease-covered-steel_spec_hue_1_sat_1_spec_0].png","10"
"[canary_wharf][bumpiness_very_high][MERL_EDIT-beige-fabric_diff_mix_grease-covered-steel_spec_hue_2_sat_0_spec_1].png","[canary_wharf][bumpiness_very_high][MERL_EDIT-beige-fabric_diff_mix_grease-covered-steel_spec_hue_2_sat_0_spec_1].png","10"
"[canary_wharf][bumpiness_very_high][MERL_EDIT-beige-fabric_diff_mix_grease-covered-steel_spec_hue_2_sat_1_spec_1].png","[canary_wharf][bumpiness_very_high][MERL_EDIT-beige-fabric_diff_mix_grease-covered-steel_spec_hue_2_sat_1_spec_1].png","10"
"[canary_wharf][bumpiness_very_high][MERL_EDIT-beige-fabric_diff_mix_natural-209_spec_hue_1_sat_0_spec_1].png","[canary_wharf][bumpiness_very_high][MERL_EDIT-beige-fabric_diff_mix_natural-209_spec_hue_1_sat_0_spec_1].png","10"
"[canary_wharf][bumpiness_very_high][MERL_EDIT-beige-fabric_diff_mix_polyethylene_spec_hue_3_black_spec_1].png","[canary_wharf][bumpiness_very_high][MERL_EDIT-beige-fabric_diff_mix_polyethylene_spec_hue_3_black_spec_1].png","10"
"[canary_wharf][bumpiness_very_high][MERL_EDIT-beige-fabric_diff_mix_silver-paint_spec_hue_2_sat_1_spec_1].png","[canary_wharf][bumpiness_very_high][MERL_EDIT-beige-fabric_diff_mix_silver-paint_spec_hue_2_sat_1_spec_1].png","10"
"[canary_wharf][bumpiness_very_high][MERL_EDIT-beige-fabric_diff_mix_silver-paint_spec_hue_3_black_spec_0].png","[canary_wharf][bumpiness_very_high][MERL_EDIT-beige-fabric_diff_mix_silver-paint_spec_hue_3_black_spec_0].png","10"
"[canary_wharf][bumpiness_very_high][MERL_EDIT-beige-fabric_diff_mix_silver-paint_spec_hue_3_black_spec_1].png","[canary_wharf][bumpiness_very_high][MERL_EDIT-beige-fabric_diff_mix_silver-paint_spec_hue_3_black_spec_1].png","10"
"[canary_wharf][bumpiness_very_high][MERL_EDIT-beige-fabric_diff_mix_silver-paint_spec_hue_3_black_spec_2].png","[canary_wharf][bumpiness_very_high][MERL_EDIT-beige-fabric_diff_mix_silver-paint_spec_hue_3_black_spec_2].png","10"
"[canary_wharf][bumpiness_very_high][MERL_EDIT-beige-fabric_diff_mix_white-paint_spec_hue_0_sat_1_spec_0].png","[canary_wharf][bumpiness_very_high][MERL_EDIT-beige-fabric_diff_mix_white-paint_spec_hue_0_sat_1_spec_0].png","10"
"[canary_wharf][bumpiness_very_high][MERL_EDIT-beige-fabric_hue_3_black_spec_0].png","[canary_wharf][bumpiness_very_high][MERL_EDIT-beige-fabric_hue_3_black_spec_0].png","10"
"[canary_wharf][bumpiness_very_high][MERL-alum-bronze].png","[canary_wharf][bumpiness_very_high][MERL-alum-bronze].png","10"
"[canary_wharf][bumpiness_very_high][MERL-alumina-oxide].png","[canary_wharf][bumpiness_very_high][MERL-alumina-oxide].png","10"
"[canary_wharf][bumpiness_very_high][MERL-aluminium].png","[canary_wharf][bumpiness_very_high][MERL-aluminium].png","10"
"[canary_wharf][bumpiness_very_high][MERL-beige-fabric].png","[canary_wharf][bumpiness_very_high][MERL-beige-fabric].png","10"
"[canary_wharf][bumpiness_very_high][MERL-black-fabric].png","[canary_wharf][bumpiness_very_high][MERL-black-fabric].png","10"
"[canary_wharf][bumpiness_very_high][MERL-chrome].png","[canary_wharf][bumpiness_very_high][MERL-chrome].png","10"
"[canary_wharf][bumpiness_very_high][MERL-gold-metallic-paint].png","[canary_wharf][bumpiness_very_high][MERL-gold-metallic-paint].png","10"
"[canary_wharf][bumpiness_very_high][MERL-gold-metallic-paint2].png","[canary_wharf][bumpiness_very_high][MERL-gold-metallic-paint2].png","10"
"[canary_wharf][bumpiness_very_high][MERL-gold-metallic-paint3].png","[canary_wharf][bumpiness_very_high][MERL-gold-metallic-paint3].png","10"
"[canary_wharf][bumpiness_very_high][MERL-green-plastic].png","[canary_wharf][bumpiness_very_high][MERL-green-plastic].png","10"
"[canary_wharf][bumpiness_very_high][MERL-light-brown-fabric].png","[canary_wharf][bumpiness_very_high][MERL-light-brown-fabric].png","10"
"[canary_wharf][bumpiness_very_high][MERL-pearl-paint].png","[canary_wharf][bumpiness_very_high][MERL-pearl-paint].png","10"
"[canary_wharf][bumpiness_very_high][MERL-polyurethane-foam].png","[canary_wharf][bumpiness_very_high][MERL-polyurethane-foam].png","10"
"[canary_wharf][bumpiness_very_high][MERL-red-metallic-paint].png","[canary_wharf][bumpiness_very_high][MERL-red-metallic-paint].png","10"
"[canary_wharf][bumpiness_very_high][MERL-silicon-nitrade].png","[canary_wharf][bumpiness_very_high][MERL-silicon-nitrade].png","10"
"[canary_wharf][bumpiness_very_high][MERL-silver-metallic-paint].png","[canary_wharf][bumpiness_very_high][MERL-silver-metallic-paint].png","10"
"[canary_wharf][bumpiness_very_high][MERL-silver-metallic-paint2].png","[canary_wharf][bumpiness_very_high][MERL-silver-metallic-paint2].png","10"
"[canary_wharf][bumpiness_very_high][MERL-specular-blue-phenolic].png","[canary_wharf][bumpiness_very_high][MERL-specular-blue-phenolic].png","10"
"[canary_wharf][bumpiness_very_high][MERL-specular-green-phenolic].png","[canary_wharf][bumpiness_very_high][MERL-specular-green-phenolic].png","10"
"[canary_wharf][bumpiness_very_high][MERL-specular-maroon-phenolic].png","[canary_wharf][bumpiness_very_high][MERL-specular-maroon-phenolic].png","10"
"[canary_wharf][bumpiness_very_high][MERL-specular-orange-phenolic].png","[canary_wharf][bumpiness_very_high][MERL-specular-orange-phenolic].png","10"
"[canary_wharf][bumpiness_very_high][MERL-specular-red-phenolic].png","[canary_wharf][bumpiness_very_high][MERL-specular-red-phenolic].png","10"
"[canary_wharf][bumpiness_very_high][MERL-specular-violet-phenolic].png","[canary_wharf][bumpiness_very_high][MERL-specular-violet-phenolic].png","10"
"[canary_wharf][bumpiness_very_high][MERL-specular-white-phenolic].png","[canary_wharf][bumpiness_very_high][MERL-specular-white-phenolic].png","10"
"[canary_wharf][bumpiness_very_high][MERL-specular-yellow-phenolic].png","[canary_wharf][bumpiness_very_high][MERL-specular-yellow-phenolic].png","10"
"[canary_wharf][bumpiness_very_high][MERL-steel].png","[canary_wharf][bumpiness_very_high][MERL-steel].png","10"
"[canary_wharf][bumpiness_very_high][MERL-tungsten-carbide].png","[canary_wharf][bumpiness_very_high][MERL-tungsten-carbide].png","10"
"[canary_wharf][bumpiness_very_high][MERL-two-layer-silver].png","[canary_wharf][bumpiness_very_high][MERL-two-layer-silver].png","10"
"[canary_wharf][bumpiness_very_high][MERL-white-acrylic].png","[canary_wharf][bumpiness_very_high][MERL-white-acrylic].png","10"
"[canary_wharf][bumpiness_very_high][MERL-yellow-phenolic].png","[canary_wharf][bumpiness_very_high][MERL-yellow-phenolic].png","10"
"[canary_wharf][bumpiness_very_high][RGL-aniso_copper_sheet_rgb].png","[canary_wharf][bumpiness_very_high][RGL-aniso_copper_sheet_rgb].png","10"
"[canary_wharf][bumpiness_very_high][RGL-aniso_miro_7_rgb].png","[canary_wharf][bumpiness_very_high][RGL-aniso_miro_7_rgb].png","10"
"[canary_wharf][bumpiness_very_high][RGL-aniso_sari_silk_2color_rgb].png","[canary_wharf][bumpiness_very_high][RGL-aniso_sari_silk_2color_rgb].png","10"
"[canary_wharf][bumpiness_very_high][RGL-chm_orange_rgb].png","[canary_wharf][bumpiness_very_high][RGL-chm_orange_rgb].png","10"
"[canary_wharf][bumpiness_very_high][RGL-ilm_solo_m_68_rgb].png","[canary_wharf][bumpiness_very_high][RGL-ilm_solo_m_68_rgb].png","10"
"[canary_wharf][bumpiness_very_high][RGL-vch_frozen_amethyst_rgb].png","[canary_wharf][bumpiness_very_high][RGL-vch_frozen_amethyst_rgb].png","10"
"[canary_wharf][bumpiness_very_high][RGL-vch_golden_yellow_rgb].png","[canary_wharf][bumpiness_very_high][RGL-vch_golden_yellow_rgb].png","10"
"[canary_wharf][bumpiness_very_high][RGL-vch_silk_blue_rgb].png","[canary_wharf][bumpiness_very_high][RGL-vch_silk_blue_rgb].png","10"
"[canary_wharf][bumpiness_very_high][SVBRDF-Ceramic__0330_marble_wall_01].png","[canary_wharf][bumpiness_very_high][SVBRDF-Ceramic__0330_marble_wall_01].png","10"
"[canary_wharf][bumpiness_very_high][SVBRDF-Ceramic__0974_arcane_arabesque_patterns].png","[canary_wharf][bumpiness_very_high][SVBRDF-Ceramic__0974_arcane_arabesque_patterns].png","10"
"[canary_wharf][bumpiness_very_high][SVBRDF-Ceramic__cgbc_blue_tiles_001].png","[canary_wharf][bumpiness_very_high][SVBRDF-Ceramic__cgbc_blue_tiles_001].png","10"
"[canary_wharf][bumpiness_very_high][SVBRDF-Ceramic__tc_tiles_085].png","[canary_wharf][bumpiness_very_high][SVBRDF-Ceramic__tc_tiles_085].png","10"
"[canary_wharf][bumpiness_very_high][SVBRDF-Fabric__0265_fabric_padded_wall].png","[canary_wharf][bumpiness_very_high][SVBRDF-Fabric__0265_fabric_padded_wall].png","10"
"[canary_wharf][bumpiness_very_high][SVBRDF-Fabric__0266_fabric_padded_wall].png","[canary_wharf][bumpiness_very_high][SVBRDF-Fabric__0266_fabric_padded_wall].png","10"
"[canary_wharf][bumpiness_very_high][SVBRDF-Fabric__acg_fabric_058].png","[canary_wharf][bumpiness_very_high][SVBRDF-Fabric__acg_fabric_058].png","10"
"[canary_wharf][bumpiness_very_high][SVBRDF-Fabric__js_fabric_pattern_006].png","[canary_wharf][bumpiness_very_high][SVBRDF-Fabric__js_fabric_pattern_006].png","10"
"[canary_wharf][bumpiness_very_high][SVBRDF-Metal__0361_metal_brushed_copper].png","[canary_wharf][bumpiness_very_high][SVBRDF-Metal__0361_metal_brushed_copper].png","10"
"[canary_wharf][bumpiness_very_high][SVBRDF-Metal__acg_metal_016].png","[canary_wharf][bumpiness_very_high][SVBRDF-Metal__acg_metal_016].png","10"
"[canary_wharf][bumpiness_very_high][SVBRDF-Metal__cgbc_metal_weave_002].png","[canary_wharf][bumpiness_very_high][SVBRDF-Metal__cgbc_metal_weave_002].png","10"
"[canary_wharf][ridges_high_frequency][MERL_EDIT-beige-fabric_diff_mix_grease-covered-steel_spec_hue_1_sat_1_spec_0].png","[canary_wharf][ridges_high_frequency][MERL_EDIT-beige-fabric_diff_mix_grease-covered-steel_spec_hue_1_sat_1_spec_0].png","10"
"[canary_wharf][ridges_high_frequency][MERL_EDIT-beige-fabric_diff_mix_grease-covered-steel_spec_hue_2_sat_0_spec_1].png","[canary_wharf][ridges_high_frequency][MERL_EDIT-beige-fabric_diff_mix_grease-covered-steel_spec_hue_2_sat_0_spec_1].png","10"
"[canary_wharf][ridges_high_frequency][MERL_EDIT-beige-fabric_diff_mix_grease-covered-steel_spec_hue_2_sat_1_spec_1].png","[canary_wharf][ridges_high_frequency][MERL_EDIT-beige-fabric_diff_mix_grease-covered-steel_spec_hue_2_sat_1_spec_1].png","10"
"[canary_wharf][ridges_high_frequency][MERL_EDIT-beige-fabric_diff_mix_natural-209_spec_hue_1_sat_0_spec_1].png","[canary_wharf][ridges_high_frequency][MERL_EDIT-beige-fabric_diff_mix_natural-209_spec_hue_1_sat_0_spec_1].png","10"
"[canary_wharf][ridges_high_frequency][MERL_EDIT-beige-fabric_diff_mix_polyethylene_spec_hue_3_black_spec_1].png","[canary_wharf][ridges_high_frequency][MERL_EDIT-beige-fabric_diff_mix_polyethylene_spec_hue_3_black_spec_1].png","10"
"[canary_wharf][ridges_high_frequency][MERL_EDIT-beige-fabric_diff_mix_silver-paint_spec_hue_2_sat_1_spec_1].png","[canary_wharf][ridges_high_frequency][MERL_EDIT-beige-fabric_diff_mix_silver-paint_spec_hue_2_sat_1_spec_1].png","10"
"[canary_wharf][ridges_high_frequency][MERL_EDIT-beige-fabric_diff_mix_silver-paint_spec_hue_3_black_spec_0].png","[canary_wharf][ridges_high_frequency][MERL_EDIT-beige-fabric_diff_mix_silver-paint_spec_hue_3_black_spec_0].png","10"
"[canary_wharf][ridges_high_frequency][MERL_EDIT-beige-fabric_diff_mix_silver-paint_spec_hue_3_black_spec_1].png","[canary_wharf][ridges_high_frequency][MERL_EDIT-beige-fabric_diff_mix_silver-paint_spec_hue_3_black_spec_1].png","10"
"[canary_wharf][ridges_high_frequency][MERL_EDIT-beige-fabric_diff_mix_silver-paint_spec_hue_3_black_spec_2].png","[canary_wharf][ridges_high_frequency][MERL_EDIT-beige-fabric_diff_mix_silver-paint_spec_hue_3_black_spec_2].png","10"
"[canary_wharf][ridges_high_frequency][MERL_EDIT-beige-fabric_diff_mix_white-paint_spec_hue_0_sat_1_spec_0].png","[canary_wharf][ridges_high_frequency][MERL_EDIT-beige-fabric_diff_mix_white-paint_spec_hue_0_sat_1_spec_0].png","10"
"[canary_wharf][ridges_high_frequency][MERL_EDIT-beige-fabric_hue_3_black_spec_0].png","[canary_wharf][ridges_high_frequency][MERL_EDIT-beige-fabric_hue_3_black_spec_0].png","10"
"[canary_wharf][ridges_high_frequency][MERL-alum-bronze].png","[canary_wharf][ridges_high_frequency][MERL-alum-bronze].png","10"
"[canary_wharf][ridges_high_frequency][MERL-alumina-oxide].png","[canary_wharf][ridges_high_frequency][MERL-alumina-oxide].png","10"
"[canary_wharf][ridges_high_frequency][MERL-aluminium].png","[canary_wharf][ridges_high_frequency][MERL-aluminium].png","10"
"[canary_wharf][ridges_high_frequency][MERL-beige-fabric].png","[canary_wharf][ridges_high_frequency][MERL-beige-fabric].png","10"
"[canary_wharf][ridges_high_frequency][MERL-black-fabric].png","[canary_wharf][ridges_high_frequency][MERL-black-fabric].png","10"
"[canary_wharf][ridges_high_frequency][MERL-chrome].png","[canary_wharf][ridges_high_frequency][MERL-chrome].png","10"
"[canary_wharf][ridges_high_frequency][MERL-gold-metallic-paint].png","[canary_wharf][ridges_high_frequency][MERL-gold-metallic-paint].png","10"
"[canary_wharf][ridges_high_frequency][MERL-gold-metallic-paint2].png","[canary_wharf][ridges_high_frequency][MERL-gold-metallic-paint2].png","10"
"[canary_wharf][ridges_high_frequency][MERL-gold-metallic-paint3].png","[canary_wharf][ridges_high_frequency][MERL-gold-metallic-paint3].png","10"
"[canary_wharf][ridges_high_frequency][MERL-green-plastic].png","[canary_wharf][ridges_high_frequency][MERL-green-plastic].png","10"
"[canary_wharf][ridges_high_frequency][MERL-light-brown-fabric].png","[canary_wharf][ridges_high_frequency][MERL-light-brown-fabric].png","10"
"[canary_wharf][ridges_high_frequency][MERL-pearl-paint].png","[canary_wharf][ridges_high_frequency][MERL-pearl-paint].png","10"
"[canary_wharf][ridges_high_frequency][MERL-polyurethane-foam].png","[canary_wharf][ridges_high_frequency][MERL-polyurethane-foam].png","10"
"[canary_wharf][ridges_high_frequency][MERL-red-metallic-paint].png","[canary_wharf][ridges_high_frequency][MERL-red-metallic-paint].png","10"
"[canary_wharf][ridges_high_frequency][MERL-silicon-nitrade].png","[canary_wharf][ridges_high_frequency][MERL-silicon-nitrade].png","10"
"[canary_wharf][ridges_high_frequency][MERL-silver-metallic-paint].png","[canary_wharf][ridges_high_frequency][MERL-silver-metallic-paint].png","10"
"[canary_wharf][ridges_high_frequency][MERL-silver-metallic-paint2].png","[canary_wharf][ridges_high_frequency][MERL-silver-metallic-paint2].png","10"
"[canary_wharf][ridges_high_frequency][MERL-specular-blue-phenolic].png","[canary_wharf][ridges_high_frequency][MERL-specular-blue-phenolic].png","10"
"[canary_wharf][ridges_high_frequency][MERL-specular-green-phenolic].png","[canary_wharf][ridges_high_frequency][MERL-specular-green-phenolic].png","10"
"[canary_wharf][ridges_high_frequency][MERL-specular-maroon-phenolic].png","[canary_wharf][ridges_high_frequency][MERL-specular-maroon-phenolic].png","10"
"[canary_wharf][ridges_high_frequency][MERL-specular-orange-phenolic].png","[canary_wharf][ridges_high_frequency][MERL-specular-orange-phenolic].png","10"
"[canary_wharf][ridges_high_frequency][MERL-specular-red-phenolic].png","[canary_wharf][ridges_high_frequency][MERL-specular-red-phenolic].png","10"
"[canary_wharf][ridges_high_frequency][MERL-specular-violet-phenolic].png","[canary_wharf][ridges_high_frequency][MERL-specular-violet-phenolic].png","10"
"[canary_wharf][ridges_high_frequency][MERL-specular-white-phenolic].png","[canary_wharf][ridges_high_frequency][MERL-specular-white-phenolic].png","10"
"[canary_wharf][ridges_high_frequency][MERL-specular-yellow-phenolic].png","[canary_wharf][ridges_high_frequency][MERL-specular-yellow-phenolic].png","10"
"[canary_wharf][ridges_high_frequency][MERL-steel].png","[canary_wharf][ridges_high_frequency][MERL-steel].png","10"
"[canary_wharf][ridges_high_frequency][MERL-tungsten-carbide].png","[canary_wharf][ridges_high_frequency][MERL-tungsten-carbide].png","10"
"[canary_wharf][ridges_high_frequency][MERL-two-layer-silver].png","[canary_wharf][ridges_high_frequency][MERL-two-layer-silver].png","10"
"[canary_wharf][ridges_high_frequency][MERL-white-acrylic].png","[canary_wharf][ridges_high_frequency][MERL-white-acrylic].png","10"
"[canary_wharf][ridges_high_frequency][MERL-yellow-phenolic].png","[canary_wharf][ridges_high_frequency][MERL-yellow-phenolic].png","10"
"[canary_wharf][ridges_high_frequency][RGL-aniso_copper_sheet_rgb].png","[canary_wharf][ridges_high_frequency][RGL-aniso_copper_sheet_rgb].png","10"
"[canary_wharf][ridges_high_frequency][RGL-aniso_miro_7_rgb].png","[canary_wharf][ridges_high_frequency][RGL-aniso_miro_7_rgb].png","10"
"[canary_wharf][ridges_high_frequency][RGL-aniso_sari_silk_2color_rgb].png","[canary_wharf][ridges_high_frequency][RGL-aniso_sari_silk_2color_rgb].png","10"
"[canary_wharf][ridges_high_frequency][RGL-chm_orange_rgb].png","[canary_wharf][ridges_high_frequency][RGL-chm_orange_rgb].png","10"
"[canary_wharf][ridges_high_frequency][RGL-ilm_solo_m_68_rgb].png","[canary_wharf][ridges_high_frequency][RGL-ilm_solo_m_68_rgb].png","10"
"[canary_wharf][ridges_high_frequency][RGL-vch_frozen_amethyst_rgb].png","[canary_wharf][ridges_high_frequency][RGL-vch_frozen_amethyst_rgb].png","10"
"[canary_wharf][ridges_high_frequency][RGL-vch_golden_yellow_rgb].png","[canary_wharf][ridges_high_frequency][RGL-vch_golden_yellow_rgb].png","10"
"[canary_wharf][ridges_high_frequency][RGL-vch_silk_blue_rgb].png","[canary_wharf][ridges_high_frequency][RGL-vch_silk_blue_rgb].png","10"
"[canary_wharf][ridges_high_frequency][SVBRDF-Ceramic__0330_marble_wall_01].png","[canary_wharf][ridges_high_frequency][SVBRDF-Ceramic__0330_marble_wall_01].png","10"
"[canary_wharf][ridges_high_frequency][SVBRDF-Ceramic__0974_arcane_arabesque_patterns].png","[canary_wharf][ridges_high_frequency][SVBRDF-Ceramic__0974_arcane_arabesque_patterns].png","10"
"[canary_wharf][ridges_high_frequency][SVBRDF-Ceramic__cgbc_blue_tiles_001].png","[canary_wharf][ridges_high_frequency][SVBRDF-Ceramic__cgbc_blue_tiles_001].png","10"
"[canary_wharf][ridges_high_frequency][SVBRDF-Ceramic__tc_tiles_085].png","[canary_wharf][ridges_high_frequency][SVBRDF-Ceramic__tc_tiles_085].png","10"
"[canary_wharf][ridges_high_frequency][SVBRDF-Fabric__0265_fabric_padded_wall].png","[canary_wharf][ridges_high_frequency][SVBRDF-Fabric__0265_fabric_padded_wall].png","10"
"[canary_wharf][ridges_high_frequency][SVBRDF-Fabric__0266_fabric_padded_wall].png","[canary_wharf][ridges_high_frequency][SVBRDF-Fabric__0266_fabric_padded_wall].png","10"
"[canary_wharf][ridges_high_frequency][SVBRDF-Fabric__acg_fabric_058].png","[canary_wharf][ridges_high_frequency][SVBRDF-Fabric__acg_fabric_058].png","10"
"[canary_wharf][ridges_high_frequency][SVBRDF-Fabric__js_fabric_pattern_006].png","[canary_wharf][ridges_high_frequency][SVBRDF-Fabric__js_fabric_pattern_006].png","10"
"[canary_wharf][ridges_high_frequency][SVBRDF-Metal__0361_metal_brushed_copper].png","[canary_wharf][ridges_high_frequency][SVBRDF-Metal__0361_metal_brushed_copper].png","10"
"[canary_wharf][ridges_high_frequency][SVBRDF-Metal__acg_metal_016].png","[canary_wharf][ridges_high_frequency][SVBRDF-Metal__acg_metal_016].png","10"
"[canary_wharf][ridges_high_frequency][SVBRDF-Metal__cgbc_metal_weave_002].png","[canary_wharf][ridges_high_frequency][SVBRDF-Metal__cgbc_metal_weave_002].png","10"
"[canary_wharf][ridges_low_frequency][MERL_EDIT-beige-fabric_diff_mix_grease-covered-steel_spec_hue_1_sat_1_spec_0].png","[canary_wharf][ridges_low_frequency][MERL_EDIT-beige-fabric_diff_mix_grease-covered-steel_spec_hue_1_sat_1_spec_0].png","10"
"[canary_wharf][ridges_low_frequency][MERL_EDIT-beige-fabric_diff_mix_grease-covered-steel_spec_hue_2_sat_0_spec_1].png","[canary_wharf][ridges_low_frequency][MERL_EDIT-beige-fabric_diff_mix_grease-covered-steel_spec_hue_2_sat_0_spec_1].png","10"
"[canary_wharf][ridges_low_frequency][MERL_EDIT-beige-fabric_diff_mix_grease-covered-steel_spec_hue_2_sat_1_spec_1].png","[canary_wharf][ridges_low_frequency][MERL_EDIT-beige-fabric_diff_mix_grease-covered-steel_spec_hue_2_sat_1_spec_1].png","10"
"[canary_wharf][ridges_low_frequency][MERL_EDIT-beige-fabric_diff_mix_natural-209_spec_hue_1_sat_0_spec_1].png","[canary_wharf][ridges_low_frequency][MERL_EDIT-beige-fabric_diff_mix_natural-209_spec_hue_1_sat_0_spec_1].png","10"
"[canary_wharf][ridges_low_frequency][MERL_EDIT-beige-fabric_diff_mix_polyethylene_spec_hue_3_black_spec_1].png","[canary_wharf][ridges_low_frequency][MERL_EDIT-beige-fabric_diff_mix_polyethylene_spec_hue_3_black_spec_1].png","10"
"[canary_wharf][ridges_low_frequency][MERL_EDIT-beige-fabric_diff_mix_silver-paint_spec_hue_2_sat_1_spec_1].png","[canary_wharf][ridges_low_frequency][MERL_EDIT-beige-fabric_diff_mix_silver-paint_spec_hue_2_sat_1_spec_1].png","10"
"[canary_wharf][ridges_low_frequency][MERL_EDIT-beige-fabric_diff_mix_silver-paint_spec_hue_3_black_spec_0].png","[canary_wharf][ridges_low_frequency][MERL_EDIT-beige-fabric_diff_mix_silver-paint_spec_hue_3_black_spec_0].png","10"
"[canary_wharf][ridges_low_frequency][MERL_EDIT-beige-fabric_diff_mix_silver-paint_spec_hue_3_black_spec_1].png","[canary_wharf][ridges_low_frequency][MERL_EDIT-beige-fabric_diff_mix_silver-paint_spec_hue_3_black_spec_1].png","10"
"[canary_wharf][ridges_low_frequency][MERL_EDIT-beige-fabric_diff_mix_silver-paint_spec_hue_3_black_spec_2].png","[canary_wharf][ridges_low_frequency][MERL_EDIT-beige-fabric_diff_mix_silver-paint_spec_hue_3_black_spec_2].png","10"
"[canary_wharf][ridges_low_frequency][MERL_EDIT-beige-fabric_diff_mix_white-paint_spec_hue_0_sat_1_spec_0].png","[canary_wharf][ridges_low_frequency][MERL_EDIT-beige-fabric_diff_mix_white-paint_spec_hue_0_sat_1_spec_0].png","10"
"[canary_wharf][ridges_low_frequency][MERL_EDIT-beige-fabric_hue_3_black_spec_0].png","[canary_wharf][ridges_low_frequency][MERL_EDIT-beige-fabric_hue_3_black_spec_0].png","10"
"[canary_wharf][ridges_low_frequency][MERL-alum-bronze].png","[canary_wharf][ridges_low_frequency][MERL-alum-bronze].png","10"
"[canary_wharf][ridges_low_frequency][MERL-alumina-oxide].png","[canary_wharf][ridges_low_frequency][MERL-alumina-oxide].png","10"
"[canary_wharf][ridges_low_frequency][MERL-aluminium].png","[canary_wharf][ridges_low_frequency][MERL-aluminium].png","10"
"[canary_wharf][ridges_low_frequency][MERL-beige-fabric].png","[canary_wharf][ridges_low_frequency][MERL-beige-fabric].png","10"
"[canary_wharf][ridges_low_frequency][MERL-black-fabric].png","[canary_wharf][ridges_low_frequency][MERL-black-fabric].png","10"
"[canary_wharf][ridges_low_frequency][MERL-chrome].png","[canary_wharf][ridges_low_frequency][MERL-chrome].png","10"
"[canary_wharf][ridges_low_frequency][MERL-gold-metallic-paint].png","[canary_wharf][ridges_low_frequency][MERL-gold-metallic-paint].png","10"
"[canary_wharf][ridges_low_frequency][MERL-gold-metallic-paint2].png","[canary_wharf][ridges_low_frequency][MERL-gold-metallic-paint2].png","10"
"[canary_wharf][ridges_low_frequency][MERL-gold-metallic-paint3].png","[canary_wharf][ridges_low_frequency][MERL-gold-metallic-paint3].png","10"
"[canary_wharf][ridges_low_frequency][MERL-green-plastic].png","[canary_wharf][ridges_low_frequency][MERL-green-plastic].png","10"
"[canary_wharf][ridges_low_frequency][MERL-light-brown-fabric].png","[canary_wharf][ridges_low_frequency][MERL-light-brown-fabric].png","10"
"[canary_wharf][ridges_low_frequency][MERL-pearl-paint].png","[canary_wharf][ridges_low_frequency][MERL-pearl-paint].png","10"
"[canary_wharf][ridges_low_frequency][MERL-polyurethane-foam].png","[canary_wharf][ridges_low_frequency][MERL-polyurethane-foam].png","10"
"[canary_wharf][ridges_low_frequency][MERL-red-metallic-paint].png","[canary_wharf][ridges_low_frequency][MERL-red-metallic-paint].png","10"
"[canary_wharf][ridges_low_frequency][MERL-silicon-nitrade].png","[canary_wharf][ridges_low_frequency][MERL-silicon-nitrade].png","10"
"[canary_wharf][ridges_low_frequency][MERL-silver-metallic-paint].png","[canary_wharf][ridges_low_frequency][MERL-silver-metallic-paint].png","10"
"[canary_wharf][ridges_low_frequency][MERL-silver-metallic-paint2].png","[canary_wharf][ridges_low_frequency][MERL-silver-metallic-paint2].png","10"
"[canary_wharf][ridges_low_frequency][MERL-specular-blue-phenolic].png","[canary_wharf][ridges_low_frequency][MERL-specular-blue-phenolic].png","10"
"[canary_wharf][ridges_low_frequency][MERL-specular-green-phenolic].png","[canary_wharf][ridges_low_frequency][MERL-specular-green-phenolic].png","10"
"[canary_wharf][ridges_low_frequency][MERL-specular-maroon-phenolic].png","[canary_wharf][ridges_low_frequency][MERL-specular-maroon-phenolic].png","10"
"[canary_wharf][ridges_low_frequency][MERL-specular-orange-phenolic].png","[canary_wharf][ridges_low_frequency][MERL-specular-orange-phenolic].png","10"
"[canary_wharf][ridges_low_frequency][MERL-specular-red-phenolic].png","[canary_wharf][ridges_low_frequency][MERL-specular-red-phenolic].png","10"
"[canary_wharf][ridges_low_frequency][MERL-specular-violet-phenolic].png","[canary_wharf][ridges_low_frequency][MERL-specular-violet-phenolic].png","10"
"[canary_wharf][ridges_low_frequency][MERL-specular-white-phenolic].png","[canary_wharf][ridges_low_frequency][MERL-specular-white-phenolic].png","10"
"[canary_wharf][ridges_low_frequency][MERL-specular-yellow-phenolic].png","[canary_wharf][ridges_low_frequency][MERL-specular-yellow-phenolic].png","10"
"[canary_wharf][ridges_low_frequency][MERL-steel].png","[canary_wharf][ridges_low_frequency][MERL-steel].png","10"
"[canary_wharf][ridges_low_frequency][MERL-tungsten-carbide].png","[canary_wharf][ridges_low_frequency][MERL-tungsten-carbide].png","10"
"[canary_wharf][ridges_low_frequency][MERL-two-layer-silver].png","[canary_wharf][ridges_low_frequency][MERL-two-layer-silver].png","10"
"[canary_wharf][ridges_low_frequency][MERL-white-acrylic].png","[canary_wharf][ridges_low_frequency][MERL-white-acrylic].png","10"
"[canary_wharf][ridges_low_frequency][MERL-yellow-phenolic].png","[canary_wharf][ridges_low_frequency][MERL-yellow-phenolic].png","10"
"[canary_wharf][ridges_low_frequency][RGL-aniso_copper_sheet_rgb].png","[canary_wharf][ridges_low_frequency][RGL-aniso_copper_sheet_rgb].png","10"
"[canary_wharf][ridges_low_frequency][RGL-aniso_miro_7_rgb].png","[canary_wharf][ridges_low_frequency][RGL-aniso_miro_7_rgb].png","10"
"[canary_wharf][ridges_low_frequency][RGL-aniso_sari_silk_2color_rgb].png","[canary_wharf][ridges_low_frequency][RGL-aniso_sari_silk_2color_rgb].png","10"
"[canary_wharf][ridges_low_frequency][RGL-chm_orange_rgb].png","[canary_wharf][ridges_low_frequency][RGL-chm_orange_rgb].png","10"
"[canary_wharf][ridges_low_frequency][RGL-ilm_solo_m_68_rgb].png","[canary_wharf][ridges_low_frequency][RGL-ilm_solo_m_68_rgb].png","10"
"[canary_wharf][ridges_low_frequency][RGL-vch_frozen_amethyst_rgb].png","[canary_wharf][ridges_low_frequency][RGL-vch_frozen_amethyst_rgb].png","10"
"[canary_wharf][ridges_low_frequency][RGL-vch_golden_yellow_rgb].png","[canary_wharf][ridges_low_frequency][RGL-vch_golden_yellow_rgb].png","10"
"[canary_wharf][ridges_low_frequency][RGL-vch_silk_blue_rgb].png","[canary_wharf][ridges_low_frequency][RGL-vch_silk_blue_rgb].png","10"
"[canary_wharf][ridges_low_frequency][SVBRDF-Ceramic__0330_marble_wall_01].png","[canary_wharf][ridges_low_frequency][SVBRDF-Ceramic__0330_marble_wall_01].png","10"
"[canary_wharf][ridges_low_frequency][SVBRDF-Ceramic__0974_arcane_arabesque_patterns].png","[canary_wharf][ridges_low_frequency][SVBRDF-Ceramic__0974_arcane_arabesque_patterns].png","10"
"[canary_wharf][ridges_low_frequency][SVBRDF-Ceramic__cgbc_blue_tiles_001].png","[canary_wharf][ridges_low_frequency][SVBRDF-Ceramic__cgbc_blue_tiles_001].png","10"
"[canary_wharf][ridges_low_frequency][SVBRDF-Ceramic__tc_tiles_085].png","[canary_wharf][ridges_low_frequency][SVBRDF-Ceramic__tc_tiles_085].png","10"
"[canary_wharf][ridges_low_frequency][SVBRDF-Fabric__0265_fabric_padded_wall].png","[canary_wharf][ridges_low_frequency][SVBRDF-Fabric__0265_fabric_padded_wall].png","10"
"[canary_wharf][ridges_low_frequency][SVBRDF-Fabric__0266_fabric_padded_wall].png","[canary_wharf][ridges_low_frequency][SVBRDF-Fabric__0266_fabric_padded_wall].png","10"
"[canary_wharf][ridges_low_frequency][SVBRDF-Fabric__acg_fabric_058].png","[canary_wharf][ridges_low_frequency][SVBRDF-Fabric__acg_fabric_058].png","10"
"[canary_wharf][ridges_low_frequency][SVBRDF-Fabric__js_fabric_pattern_006].png","[canary_wharf][ridges_low_frequency][SVBRDF-Fabric__js_fabric_pattern_006].png","10"
"[canary_wharf][ridges_low_frequency][SVBRDF-Metal__0361_metal_brushed_copper].png","[canary_wharf][ridges_low_frequency][SVBRDF-Metal__0361_metal_brushed_copper].png","10"
"[canary_wharf][ridges_low_frequency][SVBRDF-Metal__acg_metal_016].png","[canary_wharf][ridges_low_frequency][SVBRDF-Metal__acg_metal_016].png","10"
"[canary_wharf][ridges_low_frequency][SVBRDF-Metal__cgbc_metal_weave_002].png","[canary_wharf][ridges_low_frequency][SVBRDF-Metal__cgbc_metal_weave_002].png","10"
"[canary_wharf][ridges_very_high_frequency][MERL_EDIT-beige-fabric_diff_mix_grease-covered-steel_spec_hue_1_sat_1_spec_0].png","[canary_wharf][ridges_very_high_frequency][MERL_EDIT-beige-fabric_diff_mix_grease-covered-steel_spec_hue_1_sat_1_spec_0].png","10"
"[canary_wharf][ridges_very_high_frequency][MERL_EDIT-beige-fabric_diff_mix_grease-covered-steel_spec_hue_2_sat_0_spec_1].png","[canary_wharf][ridges_very_high_frequency][MERL_EDIT-beige-fabric_diff_mix_grease-covered-steel_spec_hue_2_sat_0_spec_1].png","10"
"[canary_wharf][ridges_very_high_frequency][MERL_EDIT-beige-fabric_diff_mix_grease-covered-steel_spec_hue_2_sat_1_spec_1].png","[canary_wharf][ridges_very_high_frequency][MERL_EDIT-beige-fabric_diff_mix_grease-covered-steel_spec_hue_2_sat_1_spec_1].png","10"
"[canary_wharf][ridges_very_high_frequency][MERL_EDIT-beige-fabric_diff_mix_natural-209_spec_hue_1_sat_0_spec_1].png","[canary_wharf][ridges_very_high_frequency][MERL_EDIT-beige-fabric_diff_mix_natural-209_spec_hue_1_sat_0_spec_1].png","10"
"[canary_wharf][ridges_very_high_frequency][MERL_EDIT-beige-fabric_diff_mix_polyethylene_spec_hue_3_black_spec_1].png","[canary_wharf][ridges_very_high_frequency][MERL_EDIT-beige-fabric_diff_mix_polyethylene_spec_hue_3_black_spec_1].png","10"
"[canary_wharf][ridges_very_high_frequency][MERL_EDIT-beige-fabric_diff_mix_silver-paint_spec_hue_2_sat_1_spec_1].png","[canary_wharf][ridges_very_high_frequency][MERL_EDIT-beige-fabric_diff_mix_silver-paint_spec_hue_2_sat_1_spec_1].png","10"
"[canary_wharf][ridges_very_high_frequency][MERL_EDIT-beige-fabric_diff_mix_silver-paint_spec_hue_3_black_spec_0].png","[canary_wharf][ridges_very_high_frequency][MERL_EDIT-beige-fabric_diff_mix_silver-paint_spec_hue_3_black_spec_0].png","10"
"[canary_wharf][ridges_very_high_frequency][MERL_EDIT-beige-fabric_diff_mix_silver-paint_spec_hue_3_black_spec_1].png","[canary_wharf][ridges_very_high_frequency][MERL_EDIT-beige-fabric_diff_mix_silver-paint_spec_hue_3_black_spec_1].png","10"
"[canary_wharf][ridges_very_high_frequency][MERL_EDIT-beige-fabric_diff_mix_silver-paint_spec_hue_3_black_spec_2].png","[canary_wharf][ridges_very_high_frequency][MERL_EDIT-beige-fabric_diff_mix_silver-paint_spec_hue_3_black_spec_2].png","10"
"[canary_wharf][ridges_very_high_frequency][MERL_EDIT-beige-fabric_diff_mix_white-paint_spec_hue_0_sat_1_spec_0].png","[canary_wharf][ridges_very_high_frequency][MERL_EDIT-beige-fabric_diff_mix_white-paint_spec_hue_0_sat_1_spec_0].png","10"
"[canary_wharf][ridges_very_high_frequency][MERL_EDIT-beige-fabric_hue_3_black_spec_0].png","[canary_wharf][ridges_very_high_frequency][MERL_EDIT-beige-fabric_hue_3_black_spec_0].png","10"
"[canary_wharf][ridges_very_high_frequency][MERL-alum-bronze].png","[canary_wharf][ridges_very_high_frequency][MERL-alum-bronze].png","10"
"[canary_wharf][ridges_very_high_frequency][MERL-alumina-oxide].png","[canary_wharf][ridges_very_high_frequency][MERL-alumina-oxide].png","10"
"[canary_wharf][ridges_very_high_frequency][MERL-aluminium].png","[canary_wharf][ridges_very_high_frequency][MERL-aluminium].png","10"
"[canary_wharf][ridges_very_high_frequency][MERL-beige-fabric].png","[canary_wharf][ridges_very_high_frequency][MERL-beige-fabric].png","10"
"[canary_wharf][ridges_very_high_frequency][MERL-black-fabric].png","[canary_wharf][ridges_very_high_frequency][MERL-black-fabric].png","10"
"[canary_wharf][ridges_very_high_frequency][MERL-chrome].png","[canary_wharf][ridges_very_high_frequency][MERL-chrome].png","10"
"[canary_wharf][ridges_very_high_frequency][MERL-gold-metallic-paint].png","[canary_wharf][ridges_very_high_frequency][MERL-gold-metallic-paint].png","10"
"[canary_wharf][ridges_very_high_frequency][MERL-gold-metallic-paint2].png","[canary_wharf][ridges_very_high_frequency][MERL-gold-metallic-paint2].png","10"
"[canary_wharf][ridges_very_high_frequency][MERL-gold-metallic-paint3].png","[canary_wharf][ridges_very_high_frequency][MERL-gold-metallic-paint3].png","10"
"[canary_wharf][ridges_very_high_frequency][MERL-green-plastic].png","[canary_wharf][ridges_very_high_frequency][MERL-green-plastic].png","10"
"[canary_wharf][ridges_very_high_frequency][MERL-light-brown-fabric].png","[canary_wharf][ridges_very_high_frequency][MERL-light-brown-fabric].png","10"
"[canary_wharf][ridges_very_high_frequency][MERL-pearl-paint].png","[canary_wharf][ridges_very_high_frequency][MERL-pearl-paint].png","10"
"[canary_wharf][ridges_very_high_frequency][MERL-polyurethane-foam].png","[canary_wharf][ridges_very_high_frequency][MERL-polyurethane-foam].png","10"
"[canary_wharf][ridges_very_high_frequency][MERL-red-metallic-paint].png","[canary_wharf][ridges_very_high_frequency][MERL-red-metallic-paint].png","10"
"[canary_wharf][ridges_very_high_frequency][MERL-silicon-nitrade].png","[canary_wharf][ridges_very_high_frequency][MERL-silicon-nitrade].png","10"
"[canary_wharf][ridges_very_high_frequency][MERL-silver-metallic-paint].png","[canary_wharf][ridges_very_high_frequency][MERL-silver-metallic-paint].png","10"
"[canary_wharf][ridges_very_high_frequency][MERL-silver-metallic-paint2].png","[canary_wharf][ridges_very_high_frequency][MERL-silver-metallic-paint2].png","10"
"[canary_wharf][ridges_very_high_frequency][MERL-specular-blue-phenolic].png","[canary_wharf][ridges_very_high_frequency][MERL-specular-blue-phenolic].png","10"
"[canary_wharf][ridges_very_high_frequency][MERL-specular-green-phenolic].png","[canary_wharf][ridges_very_high_frequency][MERL-specular-green-phenolic].png","10"
"[canary_wharf][ridges_very_high_frequency][MERL-specular-maroon-phenolic].png","[canary_wharf][ridges_very_high_frequency][MERL-specular-maroon-phenolic].png","10"
"[canary_wharf][ridges_very_high_frequency][MERL-specular-orange-phenolic].png","[canary_wharf][ridges_very_high_frequency][MERL-specular-orange-phenolic].png","10"
"[canary_wharf][ridges_very_high_frequency][MERL-specular-red-phenolic].png","[canary_wharf][ridges_very_high_frequency][MERL-specular-red-phenolic].png","10"
"[canary_wharf][ridges_very_high_frequency][MERL-specular-violet-phenolic].png","[canary_wharf][ridges_very_high_frequency][MERL-specular-violet-phenolic].png","10"
"[canary_wharf][ridges_very_high_frequency][MERL-specular-white-phenolic].png","[canary_wharf][ridges_very_high_frequency][MERL-specular-white-phenolic].png","10"
"[canary_wharf][ridges_very_high_frequency][MERL-specular-yellow-phenolic].png","[canary_wharf][ridges_very_high_frequency][MERL-specular-yellow-phenolic].png","10"
"[canary_wharf][ridges_very_high_frequency][MERL-steel].png","[canary_wharf][ridges_very_high_frequency][MERL-steel].png","10"
"[canary_wharf][ridges_very_high_frequency][MERL-tungsten-carbide].png","[canary_wharf][ridges_very_high_frequency][MERL-tungsten-carbide].png","10"
"[canary_wharf][ridges_very_high_frequency][MERL-two-layer-silver].png","[canary_wharf][ridges_very_high_frequency][MERL-two-layer-silver].png","10"
"[canary_wharf][ridges_very_high_frequency][MERL-white-acrylic].png","[canary_wharf][ridges_very_high_frequency][MERL-white-acrylic].png","10"
"[canary_wharf][ridges_very_high_frequency][MERL-yellow-phenolic].png","[canary_wharf][ridges_very_high_frequency][MERL-yellow-phenolic].png","10"
"[canary_wharf][ridges_very_high_frequency][RGL-aniso_copper_sheet_rgb].png","[canary_wharf][ridges_very_high_frequency][RGL-aniso_copper_sheet_rgb].png","10"
"[canary_wharf][ridges_very_high_frequency][RGL-aniso_miro_7_rgb].png","[canary_wharf][ridges_very_high_frequency][RGL-aniso_miro_7_rgb].png","10"
"[canary_wharf][ridges_very_high_frequency][RGL-aniso_sari_silk_2color_rgb].png","[canary_wharf][ridges_very_high_frequency][RGL-aniso_sari_silk_2color_rgb].png","10"
"[canary_wharf][ridges_very_high_frequency][RGL-chm_orange_rgb].png","[canary_wharf][ridges_very_high_frequency][RGL-chm_orange_rgb].png","10"
"[canary_wharf][ridges_very_high_frequency][RGL-ilm_solo_m_68_rgb].png","[canary_wharf][ridges_very_high_frequency][RGL-ilm_solo_m_68_rgb].png","10"
"[canary_wharf][ridges_very_high_frequency][RGL-vch_frozen_amethyst_rgb].png","[canary_wharf][ridges_very_high_frequency][RGL-vch_frozen_amethyst_rgb].png","10"
"[canary_wharf][ridges_very_high_frequency][RGL-vch_golden_yellow_rgb].png","[canary_wharf][ridges_very_high_frequency][RGL-vch_golden_yellow_rgb].png","10"
"[canary_wharf][ridges_very_high_frequency][RGL-vch_silk_blue_rgb].png","[canary_wharf][ridges_very_high_frequency][RGL-vch_silk_blue_rgb].png","10"
"[canary_wharf][ridges_very_high_frequency][SVBRDF-Ceramic__0330_marble_wall_01].png","[canary_wharf][ridges_very_high_frequency][SVBRDF-Ceramic__0330_marble_wall_01].png","10"
"[canary_wharf][ridges_very_high_frequency][SVBRDF-Ceramic__0974_arcane_arabesque_patterns].png","[canary_wharf][ridges_very_high_frequency][SVBRDF-Ceramic__0974_arcane_arabesque_patterns].png","10"
"[canary_wharf][ridges_very_high_frequency][SVBRDF-Ceramic__cgbc_blue_tiles_001].png","[canary_wharf][ridges_very_high_frequency][SVBRDF-Ceramic__cgbc_blue_tiles_001].png","10"
"[canary_wharf][ridges_very_high_frequency][SVBRDF-Ceramic__tc_tiles_085].png","[canary_wharf][ridges_very_high_frequency][SVBRDF-Ceramic__tc_tiles_085].png","10"
"[canary_wharf][ridges_very_high_frequency][SVBRDF-Fabric__0265_fabric_padded_wall].png","[canary_wharf][ridges_very_high_frequency][SVBRDF-Fabric__0265_fabric_padded_wall].png","10"
"[canary_wharf][ridges_very_high_frequency][SVBRDF-Fabric__0266_fabric_padded_wall].png","[canary_wharf][ridges_very_high_frequency][SVBRDF-Fabric__0266_fabric_padded_wall].png","10"
"[canary_wharf][ridges_very_high_frequency][SVBRDF-Fabric__acg_fabric_058].png","[canary_wharf][ridges_very_high_frequency][SVBRDF-Fabric__acg_fabric_058].png","10"
"[canary_wharf][ridges_very_high_frequency][SVBRDF-Fabric__js_fabric_pattern_006].png","[canary_wharf][ridges_very_high_frequency][SVBRDF-Fabric__js_fabric_pattern_006].png","10"
"[canary_wharf][ridges_very_high_frequency][SVBRDF-Metal__0361_metal_brushed_copper].png","[canary_wharf][ridges_very_high_frequency][SVBRDF-Metal__0361_metal_brushed_copper].png","10"
"[canary_wharf][ridges_very_high_frequency][SVBRDF-Metal__acg_metal_016].png","[canary_wharf][ridges_very_high_frequency][SVBRDF-Metal__acg_metal_016].png","10"
"[canary_wharf][ridges_very_high_frequency][SVBRDF-Metal__cgbc_metal_weave_002].png","[canary_wharf][ridges_very_high_frequency][SVBRDF-Metal__cgbc_metal_weave_002].png","10"
"[canary_wharf][sphere][MERL_EDIT-beige-fabric_diff_mix_grease-covered-steel_spec_hue_1_sat_1_spec_0].png","[canary_wharf][sphere][MERL_EDIT-beige-fabric_diff_mix_grease-covered-steel_spec_hue_1_sat_1_spec_0].png","10"
"[canary_wharf][sphere][MERL_EDIT-beige-fabric_diff_mix_grease-covered-steel_spec_hue_2_sat_0_spec_1].png","[canary_wharf][sphere][MERL_EDIT-beige-fabric_diff_mix_grease-covered-steel_spec_hue_2_sat_0_spec_1].png","10"
"[canary_wharf][sphere][MERL_EDIT-beige-fabric_diff_mix_grease-covered-steel_spec_hue_2_sat_1_spec_1].png","[canary_wharf][sphere][MERL_EDIT-beige-fabric_diff_mix_grease-covered-steel_spec_hue_2_sat_1_spec_1].png","10"
"[canary_wharf][sphere][MERL_EDIT-beige-fabric_diff_mix_natural-209_spec_hue_1_sat_0_spec_1].png","[canary_wharf][sphere][MERL_EDIT-beige-fabric_diff_mix_natural-209_spec_hue_1_sat_0_spec_1].png","10"
"[canary_wharf][sphere][MERL_EDIT-beige-fabric_diff_mix_polyethylene_spec_hue_3_black_spec_1].png","[canary_wharf][sphere][MERL_EDIT-beige-fabric_diff_mix_polyethylene_spec_hue_3_black_spec_1].png","10"
"[canary_wharf][sphere][MERL_EDIT-beige-fabric_diff_mix_silver-paint_spec_hue_2_sat_1_spec_1].png","[canary_wharf][sphere][MERL_EDIT-beige-fabric_diff_mix_silver-paint_spec_hue_2_sat_1_spec_1].png","10"
"[canary_wharf][sphere][MERL_EDIT-beige-fabric_diff_mix_silver-paint_spec_hue_3_black_spec_0].png","[canary_wharf][sphere][MERL_EDIT-beige-fabric_diff_mix_silver-paint_spec_hue_3_black_spec_0].png","10"
"[canary_wharf][sphere][MERL_EDIT-beige-fabric_diff_mix_silver-paint_spec_hue_3_black_spec_1].png","[canary_wharf][sphere][MERL_EDIT-beige-fabric_diff_mix_silver-paint_spec_hue_3_black_spec_1].png","10"
"[canary_wharf][sphere][MERL_EDIT-beige-fabric_diff_mix_silver-paint_spec_hue_3_black_spec_2].png","[canary_wharf][sphere][MERL_EDIT-beige-fabric_diff_mix_silver-paint_spec_hue_3_black_spec_2].png","10"
"[canary_wharf][sphere][MERL_EDIT-beige-fabric_diff_mix_white-paint_spec_hue_0_sat_1_spec_0].png","[canary_wharf][sphere][MERL_EDIT-beige-fabric_diff_mix_white-paint_spec_hue_0_sat_1_spec_0].png","10"
"[canary_wharf][sphere][MERL_EDIT-beige-fabric_hue_3_black_spec_0].png","[canary_wharf][sphere][MERL_EDIT-beige-fabric_hue_3_black_spec_0].png","10"
"[canary_wharf][sphere][MERL-alum-bronze].png","[canary_wharf][sphere][MERL-alum-bronze].png","10"
"[canary_wharf][sphere][MERL-alumina-oxide].png","[canary_wharf][sphere][MERL-alumina-oxide].png","10"
"[canary_wharf][sphere][MERL-aluminium].png","[canary_wharf][sphere][MERL-aluminium].png","10"
"[canary_wharf][sphere][MERL-beige-fabric].png","[canary_wharf][sphere][MERL-beige-fabric].png","10"
"[canary_wharf][sphere][MERL-black-fabric].png","[canary_wharf][sphere][MERL-black-fabric].png","10"
"[canary_wharf][sphere][MERL-chrome].png","[canary_wharf][sphere][MERL-chrome].png","10"
"[canary_wharf][sphere][MERL-gold-metallic-paint].png","[canary_wharf][sphere][MERL-gold-metallic-paint].png","10"
"[canary_wharf][sphere][MERL-gold-metallic-paint2].png","[canary_wharf][sphere][MERL-gold-metallic-paint2].png","10"
"[canary_wharf][sphere][MERL-gold-metallic-paint3].png","[canary_wharf][sphere][MERL-gold-metallic-paint3].png","10"
"[canary_wharf][sphere][MERL-green-plastic].png","[canary_wharf][sphere][MERL-green-plastic].png","10"
"[canary_wharf][sphere][MERL-light-brown-fabric].png","[canary_wharf][sphere][MERL-light-brown-fabric].png","10"
"[canary_wharf][sphere][MERL-pearl-paint].png","[canary_wharf][sphere][MERL-pearl-paint].png","10"
"[canary_wharf][sphere][MERL-polyurethane-foam].png","[canary_wharf][sphere][MERL-polyurethane-foam].png","10"
"[canary_wharf][sphere][MERL-red-metallic-paint].png","[canary_wharf][sphere][MERL-red-metallic-paint].png","10"
"[canary_wharf][sphere][MERL-silicon-nitrade].png","[canary_wharf][sphere][MERL-silicon-nitrade].png","10"
"[canary_wharf][sphere][MERL-silver-metallic-paint].png","[canary_wharf][sphere][MERL-silver-metallic-paint].png","10"
"[canary_wharf][sphere][MERL-silver-metallic-paint2].png","[canary_wharf][sphere][MERL-silver-metallic-paint2].png","10"
"[canary_wharf][sphere][MERL-specular-blue-phenolic].png","[canary_wharf][sphere][MERL-specular-blue-phenolic].png","10"
"[canary_wharf][sphere][MERL-specular-green-phenolic].png","[canary_wharf][sphere][MERL-specular-green-phenolic].png","10"
"[canary_wharf][sphere][MERL-specular-maroon-phenolic].png","[canary_wharf][sphere][MERL-specular-maroon-phenolic].png","10"
"[canary_wharf][sphere][MERL-specular-orange-phenolic].png","[canary_wharf][sphere][MERL-specular-orange-phenolic].png","10"
"[canary_wharf][sphere][MERL-specular-red-phenolic].png","[canary_wharf][sphere][MERL-specular-red-phenolic].png","10"
"[canary_wharf][sphere][MERL-specular-violet-phenolic].png","[canary_wharf][sphere][MERL-specular-violet-phenolic].png","10"
"[canary_wharf][sphere][MERL-specular-white-phenolic].png","[canary_wharf][sphere][MERL-specular-white-phenolic].png","10"
"[canary_wharf][sphere][MERL-specular-yellow-phenolic].png","[canary_wharf][sphere][MERL-specular-yellow-phenolic].png","10"
"[canary_wharf][sphere][MERL-steel].png","[canary_wharf][sphere][MERL-steel].png","10"
"[canary_wharf][sphere][MERL-tungsten-carbide].png","[canary_wharf][sphere][MERL-tungsten-carbide].png","10"
"[canary_wharf][sphere][MERL-two-layer-silver].png","[canary_wharf][sphere][MERL-two-layer-silver].png","10"
"[canary_wharf][sphere][MERL-white-acrylic].png","[canary_wharf][sphere][MERL-white-acrylic].png","10"
"[canary_wharf][sphere][MERL-yellow-phenolic].png","[canary_wharf][sphere][MERL-yellow-phenolic].png","10"
"[canary_wharf][sphere][RGL-aniso_copper_sheet_rgb].png","[canary_wharf][sphere][RGL-aniso_copper_sheet_rgb].png","10"
"[canary_wharf][sphere][RGL-aniso_miro_7_rgb].png","[canary_wharf][sphere][RGL-aniso_miro_7_rgb].png","10"
"[canary_wharf][sphere][RGL-aniso_sari_silk_2color_rgb].png","[canary_wharf][sphere][RGL-aniso_sari_silk_2color_rgb].png","10"
"[canary_wharf][sphere][RGL-chm_orange_rgb].png","[canary_wharf][sphere][RGL-chm_orange_rgb].png","10"
"[canary_wharf][sphere][RGL-ilm_solo_m_68_rgb].png","[canary_wharf][sphere][RGL-ilm_solo_m_68_rgb].png","10"
"[canary_wharf][sphere][RGL-vch_frozen_amethyst_rgb].png","[canary_wharf][sphere][RGL-vch_frozen_amethyst_rgb].png","10"
"[canary_wharf][sphere][RGL-vch_golden_yellow_rgb].png","[canary_wharf][sphere][RGL-vch_golden_yellow_rgb].png","10"
"[canary_wharf][sphere][RGL-vch_silk_blue_rgb].png","[canary_wharf][sphere][RGL-vch_silk_blue_rgb].png","10"
"[canary_wharf][sphere][SVBRDF-Ceramic__0330_marble_wall_01].png","[canary_wharf][sphere][SVBRDF-Ceramic__0330_marble_wall_01].png","10"
"[canary_wharf][sphere][SVBRDF-Ceramic__0974_arcane_arabesque_patterns].png","[canary_wharf][sphere][SVBRDF-Ceramic__0974_arcane_arabesque_patterns].png","10"
"[canary_wharf][sphere][SVBRDF-Ceramic__cgbc_blue_tiles_001].png","[canary_wharf][sphere][SVBRDF-Ceramic__cgbc_blue_tiles_001].png","10"
"[canary_wharf][sphere][SVBRDF-Ceramic__tc_tiles_085].png","[canary_wharf][sphere][SVBRDF-Ceramic__tc_tiles_085].png","10"
"[canary_wharf][sphere][SVBRDF-Fabric__0265_fabric_padded_wall].png","[canary_wharf][sphere][SVBRDF-Fabric__0265_fabric_padded_wall].png","10"
"[canary_wharf][sphere][SVBRDF-Fabric__0266_fabric_padded_wall].png","[canary_wharf][sphere][SVBRDF-Fabric__0266_fabric_padded_wall].png","10"
"[canary_wharf][sphere][SVBRDF-Fabric__acg_fabric_058].png","[canary_wharf][sphere][SVBRDF-Fabric__acg_fabric_058].png","10"
"[canary_wharf][sphere][SVBRDF-Fabric__js_fabric_pattern_006].png","[canary_wharf][sphere][SVBRDF-Fabric__js_fabric_pattern_006].png","10"
"[canary_wharf][sphere][SVBRDF-Metal__0361_metal_brushed_copper].png","[canary_wharf][sphere][SVBRDF-Metal__0361_metal_brushed_copper].png","10"
"[canary_wharf][sphere][SVBRDF-Metal__acg_metal_016].png","[canary_wharf][sphere][SVBRDF-Metal__acg_metal_016].png","10"
"[canary_wharf][sphere][SVBRDF-Metal__cgbc_metal_weave_002].png","[canary_wharf][sphere][SVBRDF-Metal__cgbc_metal_weave_002].png","10"
"[chinese_garden][blob][MERL_EDIT-beige-fabric_diff_mix_grease-covered-steel_spec_hue_1_sat_1_spec_0].png","[chinese_garden][blob][MERL_EDIT-beige-fabric_diff_mix_grease-covered-steel_spec_hue_1_sat_1_spec_0].png","10"
"[chinese_garden][blob][MERL_EDIT-beige-fabric_diff_mix_grease-covered-steel_spec_hue_2_sat_0_spec_1].png","[chinese_garden][blob][MERL_EDIT-beige-fabric_diff_mix_grease-covered-steel_spec_hue_2_sat_0_spec_1].png","10"
"[chinese_garden][blob][MERL_EDIT-beige-fabric_diff_mix_grease-covered-steel_spec_hue_2_sat_1_spec_1].png","[chinese_garden][blob][MERL_EDIT-beige-fabric_diff_mix_grease-covered-steel_spec_hue_2_sat_1_spec_1].png","10"
"[chinese_garden][blob][MERL_EDIT-beige-fabric_diff_mix_natural-209_spec_hue_1_sat_0_spec_1].png","[chinese_garden][blob][MERL_EDIT-beige-fabric_diff_mix_natural-209_spec_hue_1_sat_0_spec_1].png","10"
"[chinese_garden][blob][MERL_EDIT-beige-fabric_diff_mix_polyethylene_spec_hue_3_black_spec_1].png","[chinese_garden][blob][MERL_EDIT-beige-fabric_diff_mix_polyethylene_spec_hue_3_black_spec_1].png","10"
"[chinese_garden][blob][MERL_EDIT-beige-fabric_diff_mix_silver-paint_spec_hue_2_sat_1_spec_1].png","[chinese_garden][blob][MERL_EDIT-beige-fabric_diff_mix_silver-paint_spec_hue_2_sat_1_spec_1].png","10"
"[chinese_garden][blob][MERL_EDIT-beige-fabric_diff_mix_silver-paint_spec_hue_3_black_spec_0].png","[chinese_garden][blob][MERL_EDIT-beige-fabric_diff_mix_silver-paint_spec_hue_3_black_spec_0].png","10"
"[chinese_garden][blob][MERL_EDIT-beige-fabric_diff_mix_silver-paint_spec_hue_3_black_spec_1].png","[chinese_garden][blob][MERL_EDIT-beige-fabric_diff_mix_silver-paint_spec_hue_3_black_spec_1].png","10"
"[chinese_garden][blob][MERL_EDIT-beige-fabric_diff_mix_silver-paint_spec_hue_3_black_spec_2].png","[chinese_garden][blob][MERL_EDIT-beige-fabric_diff_mix_silver-paint_spec_hue_3_black_spec_2].png","10"
"[chinese_garden][blob][MERL_EDIT-beige-fabric_diff_mix_white-paint_spec_hue_0_sat_1_spec_0].png","[chinese_garden][blob][MERL_EDIT-beige-fabric_diff_mix_white-paint_spec_hue_0_sat_1_spec_0].png","10"
"[chinese_garden][blob][MERL_EDIT-beige-fabric_hue_3_black_spec_0].png","[chinese_garden][blob][MERL_EDIT-beige-fabric_hue_3_black_spec_0].png","10"
"[chinese_garden][blob][MERL-alum-bronze].png","[chinese_garden][blob][MERL-alum-bronze].png","10"
"[chinese_garden][blob][MERL-alumina-oxide].png","[chinese_garden][blob][MERL-alumina-oxide].png","10"
"[chinese_garden][blob][MERL-aluminium].png","[chinese_garden][blob][MERL-aluminium].png","10"
"[chinese_garden][blob][MERL-beige-fabric].png","[chinese_garden][blob][MERL-beige-fabric].png","10"
"[chinese_garden][blob][MERL-black-fabric].png","[chinese_garden][blob][MERL-black-fabric].png","10"
"[chinese_garden][blob][MERL-chrome].png","[chinese_garden][blob][MERL-chrome].png","10"
"[chinese_garden][blob][MERL-gold-metallic-paint].png","[chinese_garden][blob][MERL-gold-metallic-paint].png","10"
"[chinese_garden][blob][MERL-gold-metallic-paint2].png","[chinese_garden][blob][MERL-gold-metallic-paint2].png","10"
"[chinese_garden][blob][MERL-gold-metallic-paint3].png","[chinese_garden][blob][MERL-gold-metallic-paint3].png","10"
"[chinese_garden][blob][MERL-green-plastic].png","[chinese_garden][blob][MERL-green-plastic].png","10"
"[chinese_garden][blob][MERL-light-brown-fabric].png","[chinese_garden][blob][MERL-light-brown-fabric].png","10"
"[chinese_garden][blob][MERL-pearl-paint].png","[chinese_garden][blob][MERL-pearl-paint].png","10"
"[chinese_garden][blob][MERL-polyurethane-foam].png","[chinese_garden][blob][MERL-polyurethane-foam].png","10"
"[chinese_garden][blob][MERL-red-metallic-paint].png","[chinese_garden][blob][MERL-red-metallic-paint].png","10"
"[chinese_garden][blob][MERL-silicon-nitrade].png","[chinese_garden][blob][MERL-silicon-nitrade].png","10"
"[chinese_garden][blob][MERL-silver-metallic-paint].png","[chinese_garden][blob][MERL-silver-metallic-paint].png","10"
"[chinese_garden][blob][MERL-silver-metallic-paint2].png","[chinese_garden][blob][MERL-silver-metallic-paint2].png","10"
"[chinese_garden][blob][MERL-specular-blue-phenolic].png","[chinese_garden][blob][MERL-specular-blue-phenolic].png","10"
"[chinese_garden][blob][MERL-specular-green-phenolic].png","[chinese_garden][blob][MERL-specular-green-phenolic].png","10"
"[chinese_garden][blob][MERL-specular-maroon-phenolic].png","[chinese_garden][blob][MERL-specular-maroon-phenolic].png","10"
"[chinese_garden][blob][MERL-specular-orange-phenolic].png","[chinese_garden][blob][MERL-specular-orange-phenolic].png","10"
"[chinese_garden][blob][MERL-specular-red-phenolic].png","[chinese_garden][blob][MERL-specular-red-phenolic].png","10"
"[chinese_garden][blob][MERL-specular-violet-phenolic].png","[chinese_garden][blob][MERL-specular-violet-phenolic].png","10"
"[chinese_garden][blob][MERL-specular-white-phenolic].png","[chinese_garden][blob][MERL-specular-white-phenolic].png","10"
"[chinese_garden][blob][MERL-specular-yellow-phenolic].png","[chinese_garden][blob][MERL-specular-yellow-phenolic].png","10"
"[chinese_garden][blob][MERL-steel].png","[chinese_garden][blob][MERL-steel].png","10"
"[chinese_garden][blob][MERL-tungsten-carbide].png","[chinese_garden][blob][MERL-tungsten-carbide].png","10"
"[chinese_garden][blob][MERL-two-layer-silver].png","[chinese_garden][blob][MERL-two-layer-silver].png","10"
"[chinese_garden][blob][MERL-white-acrylic].png","[chinese_garden][blob][MERL-white-acrylic].png","10"
"[chinese_garden][blob][MERL-yellow-phenolic].png","[chinese_garden][blob][MERL-yellow-phenolic].png","10"
"[chinese_garden][blob][RGL-aniso_copper_sheet_rgb].png","[chinese_garden][blob][RGL-aniso_copper_sheet_rgb].png","10"
"[chinese_garden][blob][RGL-aniso_miro_7_rgb].png","[chinese_garden][blob][RGL-aniso_miro_7_rgb].png","10"
"[chinese_garden][blob][RGL-aniso_sari_silk_2color_rgb].png","[chinese_garden][blob][RGL-aniso_sari_silk_2color_rgb].png","10"
"[chinese_garden][blob][RGL-chm_orange_rgb].png","[chinese_garden][blob][RGL-chm_orange_rgb].png","10"
"[chinese_garden][blob][RGL-ilm_solo_m_68_rgb].png","[chinese_garden][blob][RGL-ilm_solo_m_68_rgb].png","10"
"[chinese_garden][blob][RGL-vch_frozen_amethyst_rgb].png","[chinese_garden][blob][RGL-vch_frozen_amethyst_rgb].png","10"
"[chinese_garden][blob][RGL-vch_golden_yellow_rgb].png","[chinese_garden][blob][RGL-vch_golden_yellow_rgb].png","10"
"[chinese_garden][blob][RGL-vch_silk_blue_rgb].png","[chinese_garden][blob][RGL-vch_silk_blue_rgb].png","10"
"[chinese_garden][blob][SVBRDF-Ceramic__0330_marble_wall_01].png","[chinese_garden][blob][SVBRDF-Ceramic__0330_marble_wall_01].png","10"
"[chinese_garden][blob][SVBRDF-Ceramic__0974_arcane_arabesque_patterns].png","[chinese_garden][blob][SVBRDF-Ceramic__0974_arcane_arabesque_patterns].png","10"
"[chinese_garden][blob][SVBRDF-Ceramic__cgbc_blue_tiles_001].png","[chinese_garden][blob][SVBRDF-Ceramic__cgbc_blue_tiles_001].png","10"
"[chinese_garden][blob][SVBRDF-Ceramic__tc_tiles_085].png","[chinese_garden][blob][SVBRDF-Ceramic__tc_tiles_085].png","10"
"[chinese_garden][blob][SVBRDF-Fabric__0265_fabric_padded_wall].png","[chinese_garden][blob][SVBRDF-Fabric__0265_fabric_padded_wall].png","10"
"[chinese_garden][blob][SVBRDF-Fabric__0266_fabric_padded_wall].png","[chinese_garden][blob][SVBRDF-Fabric__0266_fabric_padded_wall].png","10"
"[chinese_garden][blob][SVBRDF-Fabric__acg_fabric_058].png","[chinese_garden][blob][SVBRDF-Fabric__acg_fabric_058].png","10"
"[chinese_garden][blob][SVBRDF-Fabric__js_fabric_pattern_006].png","[chinese_garden][blob][SVBRDF-Fabric__js_fabric_pattern_006].png","10"
"[chinese_garden][blob][SVBRDF-Metal__0361_metal_brushed_copper].png","[chinese_garden][blob][SVBRDF-Metal__0361_metal_brushed_copper].png","10"
"[chinese_garden][blob][SVBRDF-Metal__acg_metal_016].png","[chinese_garden][blob][SVBRDF-Metal__acg_metal_016].png","10"
"[chinese_garden][blob][SVBRDF-Metal__cgbc_metal_weave_002].png","[chinese_garden][blob][SVBRDF-Metal__cgbc_metal_weave_002].png","10"
"[chinese_garden][bumpiness_high][MERL_EDIT-beige-fabric_diff_mix_grease-covered-steel_spec_hue_1_sat_1_spec_0].png","[chinese_garden][bumpiness_high][MERL_EDIT-beige-fabric_diff_mix_grease-covered-steel_spec_hue_1_sat_1_spec_0].png","10"
"[chinese_garden][bumpiness_high][MERL_EDIT-beige-fabric_diff_mix_grease-covered-steel_spec_hue_2_sat_0_spec_1].png","[chinese_garden][bumpiness_high][MERL_EDIT-beige-fabric_diff_mix_grease-covered-steel_spec_hue_2_sat_0_spec_1].png","10"
"[chinese_garden][bumpiness_high][MERL_EDIT-beige-fabric_diff_mix_grease-covered-steel_spec_hue_2_sat_1_spec_1].png","[chinese_garden][bumpiness_high][MERL_EDIT-beige-fabric_diff_mix_grease-covered-steel_spec_hue_2_sat_1_spec_1].png","10"
"[chinese_garden][bumpiness_high][MERL_EDIT-beige-fabric_diff_mix_natural-209_spec_hue_1_sat_0_spec_1].png","[chinese_garden][bumpiness_high][MERL_EDIT-beige-fabric_diff_mix_natural-209_spec_hue_1_sat_0_spec_1].png","10"
"[chinese_garden][bumpiness_high][MERL_EDIT-beige-fabric_diff_mix_polyethylene_spec_hue_3_black_spec_1].png","[chinese_garden][bumpiness_high][MERL_EDIT-beige-fabric_diff_mix_polyethylene_spec_hue_3_black_spec_1].png","10"
"[chinese_garden][bumpiness_high][MERL_EDIT-beige-fabric_diff_mix_silver-paint_spec_hue_2_sat_1_spec_1].png","[chinese_garden][bumpiness_high][MERL_EDIT-beige-fabric_diff_mix_silver-paint_spec_hue_2_sat_1_spec_1].png","10"
"[chinese_garden][bumpiness_high][MERL_EDIT-beige-fabric_diff_mix_silver-paint_spec_hue_3_black_spec_0].png","[chinese_garden][bumpiness_high][MERL_EDIT-beige-fabric_diff_mix_silver-paint_spec_hue_3_black_spec_0].png","10"
"[chinese_garden][bumpiness_high][MERL_EDIT-beige-fabric_diff_mix_silver-paint_spec_hue_3_black_spec_1].png","[chinese_garden][bumpiness_high][MERL_EDIT-beige-fabric_diff_mix_silver-paint_spec_hue_3_black_spec_1].png","10"
"[chinese_garden][bumpiness_high][MERL_EDIT-beige-fabric_diff_mix_silver-paint_spec_hue_3_black_spec_2].png","[chinese_garden][bumpiness_high][MERL_EDIT-beige-fabric_diff_mix_silver-paint_spec_hue_3_black_spec_2].png","10"
"[chinese_garden][bumpiness_high][MERL_EDIT-beige-fabric_diff_mix_white-paint_spec_hue_0_sat_1_spec_0].png","[chinese_garden][bumpiness_high][MERL_EDIT-beige-fabric_diff_mix_white-paint_spec_hue_0_sat_1_spec_0].png","10"
"[chinese_garden][bumpiness_high][MERL_EDIT-beige-fabric_hue_3_black_spec_0].png","[chinese_garden][bumpiness_high][MERL_EDIT-beige-fabric_hue_3_black_spec_0].png","10"
"[chinese_garden][bumpiness_high][MERL-alum-bronze].png","[chinese_garden][bumpiness_high][MERL-alum-bronze].png","10"
"[chinese_garden][bumpiness_high][MERL-alumina-oxide].png","[chinese_garden][bumpiness_high][MERL-alumina-oxide].png","10"
"[chinese_garden][bumpiness_high][MERL-aluminium].png","[chinese_garden][bumpiness_high][MERL-aluminium].png","10"
"[chinese_garden][bumpiness_high][MERL-beige-fabric].png","[chinese_garden][bumpiness_high][MERL-beige-fabric].png","10"
"[chinese_garden][bumpiness_high][MERL-black-fabric].png","[chinese_garden][bumpiness_high][MERL-black-fabric].png","10"
"[chinese_garden][bumpiness_high][MERL-chrome].png","[chinese_garden][bumpiness_high][MERL-chrome].png","10"
"[chinese_garden][bumpiness_high][MERL-gold-metallic-paint].png","[chinese_garden][bumpiness_high][MERL-gold-metallic-paint].png","10"
"[chinese_garden][bumpiness_high][MERL-gold-metallic-paint2].png","[chinese_garden][bumpiness_high][MERL-gold-metallic-paint2].png","10"
"[chinese_garden][bumpiness_high][MERL-gold-metallic-paint3].png","[chinese_garden][bumpiness_high][MERL-gold-metallic-paint3].png","10"
"[chinese_garden][bumpiness_high][MERL-green-plastic].png","[chinese_garden][bumpiness_high][MERL-green-plastic].png","10"
"[chinese_garden][bumpiness_high][MERL-light-brown-fabric].png","[chinese_garden][bumpiness_high][MERL-light-brown-fabric].png","10"
"[chinese_garden][bumpiness_high][MERL-pearl-paint].png","[chinese_garden][bumpiness_high][MERL-pearl-paint].png","10"
"[chinese_garden][bumpiness_high][MERL-polyurethane-foam].png","[chinese_garden][bumpiness_high][MERL-polyurethane-foam].png","10"
"[chinese_garden][bumpiness_high][MERL-red-metallic-paint].png","[chinese_garden][bumpiness_high][MERL-red-metallic-paint].png","10"
"[chinese_garden][bumpiness_high][MERL-silicon-nitrade].png","[chinese_garden][bumpiness_high][MERL-silicon-nitrade].png","10"
"[chinese_garden][bumpiness_high][MERL-silver-metallic-paint].png","[chinese_garden][bumpiness_high][MERL-silver-metallic-paint].png","10"
"[chinese_garden][bumpiness_high][MERL-silver-metallic-paint2].png","[chinese_garden][bumpiness_high][MERL-silver-metallic-paint2].png","10"
"[chinese_garden][bumpiness_high][MERL-specular-blue-phenolic].png","[chinese_garden][bumpiness_high][MERL-specular-blue-phenolic].png","10"
"[chinese_garden][bumpiness_high][MERL-specular-green-phenolic].png","[chinese_garden][bumpiness_high][MERL-specular-green-phenolic].png","10"
"[chinese_garden][bumpiness_high][MERL-specular-maroon-phenolic].png","[chinese_garden][bumpiness_high][MERL-specular-maroon-phenolic].png","10"
"[chinese_garden][bumpiness_high][MERL-specular-orange-phenolic].png","[chinese_garden][bumpiness_high][MERL-specular-orange-phenolic].png","10"
"[chinese_garden][bumpiness_high][MERL-specular-red-phenolic].png","[chinese_garden][bumpiness_high][MERL-specular-red-phenolic].png","10"
"[chinese_garden][bumpiness_high][MERL-specular-violet-phenolic].png","[chinese_garden][bumpiness_high][MERL-specular-violet-phenolic].png","10"
"[chinese_garden][bumpiness_high][MERL-specular-white-phenolic].png","[chinese_garden][bumpiness_high][MERL-specular-white-phenolic].png","10"
"[chinese_garden][bumpiness_high][MERL-specular-yellow-phenolic].png","[chinese_garden][bumpiness_high][MERL-specular-yellow-phenolic].png","10"
"[chinese_garden][bumpiness_high][MERL-steel].png","[chinese_garden][bumpiness_high][MERL-steel].png","10"
"[chinese_garden][bumpiness_high][MERL-tungsten-carbide].png","[chinese_garden][bumpiness_high][MERL-tungsten-carbide].png","10"
"[chinese_garden][bumpiness_high][MERL-two-layer-silver].png","[chinese_garden][bumpiness_high][MERL-two-layer-silver].png","10"
"[chinese_garden][bumpiness_high][MERL-white-acrylic].png","[chinese_garden][bumpiness_high][MERL-white-acrylic].png","10"
"[chinese_garden][bumpiness_high][MERL-yellow-phenolic].png","[chinese_garden][bumpiness_high][MERL-yellow-phenolic].png","10"
"[chinese_garden][bumpiness_high][RGL-aniso_copper_sheet_rgb].png","[chinese_garden][bumpiness_high][RGL-aniso_copper_sheet_rgb].png","10"
"[chinese_garden][bumpiness_high][RGL-aniso_miro_7_rgb].png","[chinese_garden][bumpiness_high][RGL-aniso_miro_7_rgb].png","10"
"[chinese_garden][bumpiness_high][RGL-aniso_sari_silk_2color_rgb].png","[chinese_garden][bumpiness_high][RGL-aniso_sari_silk_2color_rgb].png","10"
"[chinese_garden][bumpiness_high][RGL-chm_orange_rgb].png","[chinese_garden][bumpiness_high][RGL-chm_orange_rgb].png","10"
"[chinese_garden][bumpiness_high][RGL-ilm_solo_m_68_rgb].png","[chinese_garden][bumpiness_high][RGL-ilm_solo_m_68_rgb].png","10"
"[chinese_garden][bumpiness_high][RGL-vch_frozen_amethyst_rgb].png","[chinese_garden][bumpiness_high][RGL-vch_frozen_amethyst_rgb].png","10"
"[chinese_garden][bumpiness_high][RGL-vch_golden_yellow_rgb].png","[chinese_garden][bumpiness_high][RGL-vch_golden_yellow_rgb].png","10"
"[chinese_garden][bumpiness_high][RGL-vch_silk_blue_rgb].png","[chinese_garden][bumpiness_high][RGL-vch_silk_blue_rgb].png","10"
"[chinese_garden][bumpiness_high][SVBRDF-Ceramic__0330_marble_wall_01].png","[chinese_garden][bumpiness_high][SVBRDF-Ceramic__0330_marble_wall_01].png","10"
"[chinese_garden][bumpiness_high][SVBRDF-Ceramic__0974_arcane_arabesque_patterns].png","[chinese_garden][bumpiness_high][SVBRDF-Ceramic__0974_arcane_arabesque_patterns].png","10"
"[chinese_garden][bumpiness_high][SVBRDF-Ceramic__cgbc_blue_tiles_001].png","[chinese_garden][bumpiness_high][SVBRDF-Ceramic__cgbc_blue_tiles_001].png","10"
"[chinese_garden][bumpiness_high][SVBRDF-Ceramic__tc_tiles_085].png","[chinese_garden][bumpiness_high][SVBRDF-Ceramic__tc_tiles_085].png","10"
"[chinese_garden][bumpiness_high][SVBRDF-Fabric__0265_fabric_padded_wall].png","[chinese_garden][bumpiness_high][SVBRDF-Fabric__0265_fabric_padded_wall].png","10"
"[chinese_garden][bumpiness_high][SVBRDF-Fabric__0266_fabric_padded_wall].png","[chinese_garden][bumpiness_high][SVBRDF-Fabric__0266_fabric_padded_wall].png","10"
"[chinese_garden][bumpiness_high][SVBRDF-Fabric__acg_fabric_058].png","[chinese_garden][bumpiness_high][SVBRDF-Fabric__acg_fabric_058].png","10"
"[chinese_garden][bumpiness_high][SVBRDF-Fabric__js_fabric_pattern_006].png","[chinese_garden][bumpiness_high][SVBRDF-Fabric__js_fabric_pattern_006].png","10"
"[chinese_garden][bumpiness_high][SVBRDF-Metal__0361_metal_brushed_copper].png","[chinese_garden][bumpiness_high][SVBRDF-Metal__0361_metal_brushed_copper].png","10"
"[chinese_garden][bumpiness_high][SVBRDF-Metal__acg_metal_016].png","[chinese_garden][bumpiness_high][SVBRDF-Metal__acg_metal_016].png","10"
"[chinese_garden][bumpiness_high][SVBRDF-Metal__cgbc_metal_weave_002].png","[chinese_garden][bumpiness_high][SVBRDF-Metal__cgbc_metal_weave_002].png","10"
"[chinese_garden][bumpiness_low][MERL_EDIT-beige-fabric_diff_mix_grease-covered-steel_spec_hue_1_sat_1_spec_0].png","[chinese_garden][bumpiness_low][MERL_EDIT-beige-fabric_diff_mix_grease-covered-steel_spec_hue_1_sat_1_spec_0].png","10"
"[chinese_garden][bumpiness_low][MERL_EDIT-beige-fabric_diff_mix_grease-covered-steel_spec_hue_2_sat_0_spec_1].png","[chinese_garden][bumpiness_low][MERL_EDIT-beige-fabric_diff_mix_grease-covered-steel_spec_hue_2_sat_0_spec_1].png","10"
"[chinese_garden][bumpiness_low][MERL_EDIT-beige-fabric_diff_mix_grease-covered-steel_spec_hue_2_sat_1_spec_1].png","[chinese_garden][bumpiness_low][MERL_EDIT-beige-fabric_diff_mix_grease-covered-steel_spec_hue_2_sat_1_spec_1].png","10"
"[chinese_garden][bumpiness_low][MERL_EDIT-beige-fabric_diff_mix_natural-209_spec_hue_1_sat_0_spec_1].png","[chinese_garden][bumpiness_low][MERL_EDIT-beige-fabric_diff_mix_natural-209_spec_hue_1_sat_0_spec_1].png","10"
"[chinese_garden][bumpiness_low][MERL_EDIT-beige-fabric_diff_mix_polyethylene_spec_hue_3_black_spec_1].png","[chinese_garden][bumpiness_low][MERL_EDIT-beige-fabric_diff_mix_polyethylene_spec_hue_3_black_spec_1].png","10"
"[chinese_garden][bumpiness_low][MERL_EDIT-beige-fabric_diff_mix_silver-paint_spec_hue_2_sat_1_spec_1].png","[chinese_garden][bumpiness_low][MERL_EDIT-beige-fabric_diff_mix_silver-paint_spec_hue_2_sat_1_spec_1].png","10"
"[chinese_garden][bumpiness_low][MERL_EDIT-beige-fabric_diff_mix_silver-paint_spec_hue_3_black_spec_0].png","[chinese_garden][bumpiness_low][MERL_EDIT-beige-fabric_diff_mix_silver-paint_spec_hue_3_black_spec_0].png","10"
"[chinese_garden][bumpiness_low][MERL_EDIT-beige-fabric_diff_mix_silver-paint_spec_hue_3_black_spec_1].png","[chinese_garden][bumpiness_low][MERL_EDIT-beige-fabric_diff_mix_silver-paint_spec_hue_3_black_spec_1].png","10"
"[chinese_garden][bumpiness_low][MERL_EDIT-beige-fabric_diff_mix_silver-paint_spec_hue_3_black_spec_2].png","[chinese_garden][bumpiness_low][MERL_EDIT-beige-fabric_diff_mix_silver-paint_spec_hue_3_black_spec_2].png","10"
"[chinese_garden][bumpiness_low][MERL_EDIT-beige-fabric_diff_mix_white-paint_spec_hue_0_sat_1_spec_0].png","[chinese_garden][bumpiness_low][MERL_EDIT-beige-fabric_diff_mix_white-paint_spec_hue_0_sat_1_spec_0].png","10"
"[chinese_garden][bumpiness_low][MERL_EDIT-beige-fabric_hue_3_black_spec_0].png","[chinese_garden][bumpiness_low][MERL_EDIT-beige-fabric_hue_3_black_spec_0].png","10"
"[chinese_garden][bumpiness_low][MERL-alum-bronze].png","[chinese_garden][bumpiness_low][MERL-alum-bronze].png","10"
"[chinese_garden][bumpiness_low][MERL-alumina-oxide].png","[chinese_garden][bumpiness_low][MERL-alumina-oxide].png","10"
"[chinese_garden][bumpiness_low][MERL-aluminium].png","[chinese_garden][bumpiness_low][MERL-aluminium].png","10"
"[chinese_garden][bumpiness_low][MERL-beige-fabric].png","[chinese_garden][bumpiness_low][MERL-beige-fabric].png","10"
"[chinese_garden][bumpiness_low][MERL-black-fabric].png","[chinese_garden][bumpiness_low][MERL-black-fabric].png","10"
"[chinese_garden][bumpiness_low][MERL-chrome].png","[chinese_garden][bumpiness_low][MERL-chrome].png","10"
"[chinese_garden][bumpiness_low][MERL-gold-metallic-paint].png","[chinese_garden][bumpiness_low][MERL-gold-metallic-paint].png","10"
"[chinese_garden][bumpiness_low][MERL-gold-metallic-paint2].png","[chinese_garden][bumpiness_low][MERL-gold-metallic-paint2].png","10"
"[chinese_garden][bumpiness_low][MERL-gold-metallic-paint3].png","[chinese_garden][bumpiness_low][MERL-gold-metallic-paint3].png","10"
"[chinese_garden][bumpiness_low][MERL-green-plastic].png","[chinese_garden][bumpiness_low][MERL-green-plastic].png","10"
"[chinese_garden][bumpiness_low][MERL-light-brown-fabric].png","[chinese_garden][bumpiness_low][MERL-light-brown-fabric].png","10"
"[chinese_garden][bumpiness_low][MERL-pearl-paint].png","[chinese_garden][bumpiness_low][MERL-pearl-paint].png","10"
"[chinese_garden][bumpiness_low][MERL-polyurethane-foam].png","[chinese_garden][bumpiness_low][MERL-polyurethane-foam].png","10"
"[chinese_garden][bumpiness_low][MERL-red-metallic-paint].png","[chinese_garden][bumpiness_low][MERL-red-metallic-paint].png","10"
"[chinese_garden][bumpiness_low][MERL-silicon-nitrade].png","[chinese_garden][bumpiness_low][MERL-silicon-nitrade].png","10"
"[chinese_garden][bumpiness_low][MERL-silver-metallic-paint].png","[chinese_garden][bumpiness_low][MERL-silver-metallic-paint].png","10"
"[chinese_garden][bumpiness_low][MERL-silver-metallic-paint2].png","[chinese_garden][bumpiness_low][MERL-silver-metallic-paint2].png","10"
"[chinese_garden][bumpiness_low][MERL-specular-blue-phenolic].png","[chinese_garden][bumpiness_low][MERL-specular-blue-phenolic].png","10"
"[chinese_garden][bumpiness_low][MERL-specular-green-phenolic].png","[chinese_garden][bumpiness_low][MERL-specular-green-phenolic].png","10"
"[chinese_garden][bumpiness_low][MERL-specular-maroon-phenolic].png","[chinese_garden][bumpiness_low][MERL-specular-maroon-phenolic].png","10"
"[chinese_garden][bumpiness_low][MERL-specular-orange-phenolic].png","[chinese_garden][bumpiness_low][MERL-specular-orange-phenolic].png","10"
"[chinese_garden][bumpiness_low][MERL-specular-red-phenolic].png","[chinese_garden][bumpiness_low][MERL-specular-red-phenolic].png","10"
"[chinese_garden][bumpiness_low][MERL-specular-violet-phenolic].png","[chinese_garden][bumpiness_low][MERL-specular-violet-phenolic].png","10"
"[chinese_garden][bumpiness_low][MERL-specular-white-phenolic].png","[chinese_garden][bumpiness_low][MERL-specular-white-phenolic].png","10"
"[chinese_garden][bumpiness_low][MERL-specular-yellow-phenolic].png","[chinese_garden][bumpiness_low][MERL-specular-yellow-phenolic].png","10"
"[chinese_garden][bumpiness_low][MERL-steel].png","[chinese_garden][bumpiness_low][MERL-steel].png","10"
"[chinese_garden][bumpiness_low][MERL-tungsten-carbide].png","[chinese_garden][bumpiness_low][MERL-tungsten-carbide].png","10"
"[chinese_garden][bumpiness_low][MERL-two-layer-silver].png","[chinese_garden][bumpiness_low][MERL-two-layer-silver].png","10"
"[chinese_garden][bumpiness_low][MERL-white-acrylic].png","[chinese_garden][bumpiness_low][MERL-white-acrylic].png","10"
"[chinese_garden][bumpiness_low][MERL-yellow-phenolic].png","[chinese_garden][bumpiness_low][MERL-yellow-phenolic].png","10"
"[chinese_garden][bumpiness_low][RGL-aniso_copper_sheet_rgb].png","[chinese_garden][bumpiness_low][RGL-aniso_copper_sheet_rgb].png","10"
"[chinese_garden][bumpiness_low][RGL-aniso_miro_7_rgb].png","[chinese_garden][bumpiness_low][RGL-aniso_miro_7_rgb].png","10"
"[chinese_garden][bumpiness_low][RGL-aniso_sari_silk_2color_rgb].png","[chinese_garden][bumpiness_low][RGL-aniso_sari_silk_2color_rgb].png","10"
"[chinese_garden][bumpiness_low][RGL-chm_orange_rgb].png","[chinese_garden][bumpiness_low][RGL-chm_orange_rgb].png","10"
"[chinese_garden][bumpiness_low][RGL-ilm_solo_m_68_rgb].png","[chinese_garden][bumpiness_low][RGL-ilm_solo_m_68_rgb].png","10"
"[chinese_garden][bumpiness_low][RGL-vch_frozen_amethyst_rgb].png","[chinese_garden][bumpiness_low][RGL-vch_frozen_amethyst_rgb].png","10"
"[chinese_garden][bumpiness_low][RGL-vch_golden_yellow_rgb].png","[chinese_garden][bumpiness_low][RGL-vch_golden_yellow_rgb].png","10"
"[chinese_garden][bumpiness_low][RGL-vch_silk_blue_rgb].png","[chinese_garden][bumpiness_low][RGL-vch_silk_blue_rgb].png","10"
"[chinese_garden][bumpiness_low][SVBRDF-Ceramic__0330_marble_wall_01].png","[chinese_garden][bumpiness_low][SVBRDF-Ceramic__0330_marble_wall_01].png","10"
"[chinese_garden][bumpiness_low][SVBRDF-Ceramic__0974_arcane_arabesque_patterns].png","[chinese_garden][bumpiness_low][SVBRDF-Ceramic__0974_arcane_arabesque_patterns].png","10"
"[chinese_garden][bumpiness_low][SVBRDF-Ceramic__cgbc_blue_tiles_001].png","[chinese_garden][bumpiness_low][SVBRDF-Ceramic__cgbc_blue_tiles_001].png","10"
"[chinese_garden][bumpiness_low][SVBRDF-Ceramic__tc_tiles_085].png","[chinese_garden][bumpiness_low][SVBRDF-Ceramic__tc_tiles_085].png","10"
"[chinese_garden][bumpiness_low][SVBRDF-Fabric__0265_fabric_padded_wall].png","[chinese_garden][bumpiness_low][SVBRDF-Fabric__0265_fabric_padded_wall].png","10"
"[chinese_garden][bumpiness_low][SVBRDF-Fabric__0266_fabric_padded_wall].png","[chinese_garden][bumpiness_low][SVBRDF-Fabric__0266_fabric_padded_wall].png","10"
"[chinese_garden][bumpiness_low][SVBRDF-Fabric__acg_fabric_058].png","[chinese_garden][bumpiness_low][SVBRDF-Fabric__acg_fabric_058].png","10"
"[chinese_garden][bumpiness_low][SVBRDF-Fabric__js_fabric_pattern_006].png","[chinese_garden][bumpiness_low][SVBRDF-Fabric__js_fabric_pattern_006].png","10"
"[chinese_garden][bumpiness_low][SVBRDF-Metal__0361_metal_brushed_copper].png","[chinese_garden][bumpiness_low][SVBRDF-Metal__0361_metal_brushed_copper].png","10"
"[chinese_garden][bumpiness_low][SVBRDF-Metal__acg_metal_016].png","[chinese_garden][bumpiness_low][SVBRDF-Metal__acg_metal_016].png","10"
"[chinese_garden][bumpiness_low][SVBRDF-Metal__cgbc_metal_weave_002].png","[chinese_garden][bumpiness_low][SVBRDF-Metal__cgbc_metal_weave_002].png","10"
"[chinese_garden][bumpiness_very_high][MERL_EDIT-beige-fabric_diff_mix_grease-covered-steel_spec_hue_1_sat_1_spec_0].png","[chinese_garden][bumpiness_very_high][MERL_EDIT-beige-fabric_diff_mix_grease-covered-steel_spec_hue_1_sat_1_spec_0].png","10"
"[chinese_garden][bumpiness_very_high][MERL_EDIT-beige-fabric_diff_mix_grease-covered-steel_spec_hue_2_sat_0_spec_1].png","[chinese_garden][bumpiness_very_high][MERL_EDIT-beige-fabric_diff_mix_grease-covered-steel_spec_hue_2_sat_0_spec_1].png","10"
"[chinese_garden][bumpiness_very_high][MERL_EDIT-beige-fabric_diff_mix_grease-covered-steel_spec_hue_2_sat_1_spec_1].png","[chinese_garden][bumpiness_very_high][MERL_EDIT-beige-fabric_diff_mix_grease-covered-steel_spec_hue_2_sat_1_spec_1].png","10"
"[chinese_garden][bumpiness_very_high][MERL_EDIT-beige-fabric_diff_mix_natural-209_spec_hue_1_sat_0_spec_1].png","[chinese_garden][bumpiness_very_high][MERL_EDIT-beige-fabric_diff_mix_natural-209_spec_hue_1_sat_0_spec_1].png","10"
"[chinese_garden][bumpiness_very_high][MERL_EDIT-beige-fabric_diff_mix_polyethylene_spec_hue_3_black_spec_1].png","[chinese_garden][bumpiness_very_high][MERL_EDIT-beige-fabric_diff_mix_polyethylene_spec_hue_3_black_spec_1].png","10"
"[chinese_garden][bumpiness_very_high][MERL_EDIT-beige-fabric_diff_mix_silver-paint_spec_hue_2_sat_1_spec_1].png","[chinese_garden][bumpiness_very_high][MERL_EDIT-beige-fabric_diff_mix_silver-paint_spec_hue_2_sat_1_spec_1].png","10"
"[chinese_garden][bumpiness_very_high][MERL_EDIT-beige-fabric_diff_mix_silver-paint_spec_hue_3_black_spec_0].png","[chinese_garden][bumpiness_very_high][MERL_EDIT-beige-fabric_diff_mix_silver-paint_spec_hue_3_black_spec_0].png","10"
"[chinese_garden][bumpiness_very_high][MERL_EDIT-beige-fabric_diff_mix_silver-paint_spec_hue_3_black_spec_1].png","[chinese_garden][bumpiness_very_high][MERL_EDIT-beige-fabric_diff_mix_silver-paint_spec_hue_3_black_spec_1].png","10"
"[chinese_garden][bumpiness_very_high][MERL_EDIT-beige-fabric_diff_mix_silver-paint_spec_hue_3_black_spec_2].png","[chinese_garden][bumpiness_very_high][MERL_EDIT-beige-fabric_diff_mix_silver-paint_spec_hue_3_black_spec_2].png","10"
"[chinese_garden][bumpiness_very_high][MERL_EDIT-beige-fabric_diff_mix_white-paint_spec_hue_0_sat_1_spec_0].png","[chinese_garden][bumpiness_very_high][MERL_EDIT-beige-fabric_diff_mix_white-paint_spec_hue_0_sat_1_spec_0].png","10"
"[chinese_garden][bumpiness_very_high][MERL_EDIT-beige-fabric_hue_3_black_spec_0].png","[chinese_garden][bumpiness_very_high][MERL_EDIT-beige-fabric_hue_3_black_spec_0].png","10"
"[chinese_garden][bumpiness_very_high][MERL-alum-bronze].png","[chinese_garden][bumpiness_very_high][MERL-alum-bronze].png","10"
"[chinese_garden][bumpiness_very_high][MERL-alumina-oxide].png","[chinese_garden][bumpiness_very_high][MERL-alumina-oxide].png","10"
"[chinese_garden][bumpiness_very_high][MERL-aluminium].png","[chinese_garden][bumpiness_very_high][MERL-aluminium].png","10"
"[chinese_garden][bumpiness_very_high][MERL-beige-fabric].png","[chinese_garden][bumpiness_very_high][MERL-beige-fabric].png","10"
"[chinese_garden][bumpiness_very_high][MERL-black-fabric].png","[chinese_garden][bumpiness_very_high][MERL-black-fabric].png","10"
"[chinese_garden][bumpiness_very_high][MERL-chrome].png","[chinese_garden][bumpiness_very_high][MERL-chrome].png","10"
"[chinese_garden][bumpiness_very_high][MERL-gold-metallic-paint].png","[chinese_garden][bumpiness_very_high][MERL-gold-metallic-paint].png","10"
"[chinese_garden][bumpiness_very_high][MERL-gold-metallic-paint2].png","[chinese_garden][bumpiness_very_high][MERL-gold-metallic-paint2].png","10"
"[chinese_garden][bumpiness_very_high][MERL-gold-metallic-paint3].png","[chinese_garden][bumpiness_very_high][MERL-gold-metallic-paint3].png","10"
"[chinese_garden][bumpiness_very_high][MERL-green-plastic].png","[chinese_garden][bumpiness_very_high][MERL-green-plastic].png","10"
"[chinese_garden][bumpiness_very_high][MERL-light-brown-fabric].png","[chinese_garden][bumpiness_very_high][MERL-light-brown-fabric].png","10"
"[chinese_garden][bumpiness_very_high][MERL-pearl-paint].png","[chinese_garden][bumpiness_very_high][MERL-pearl-paint].png","10"
"[chinese_garden][bumpiness_very_high][MERL-polyurethane-foam].png","[chinese_garden][bumpiness_very_high][MERL-polyurethane-foam].png","10"
"[chinese_garden][bumpiness_very_high][MERL-red-metallic-paint].png","[chinese_garden][bumpiness_very_high][MERL-red-metallic-paint].png","10"
"[chinese_garden][bumpiness_very_high][MERL-silicon-nitrade].png","[chinese_garden][bumpiness_very_high][MERL-silicon-nitrade].png","10"
"[chinese_garden][bumpiness_very_high][MERL-silver-metallic-paint].png","[chinese_garden][bumpiness_very_high][MERL-silver-metallic-paint].png","10"
"[chinese_garden][bumpiness_very_high][MERL-silver-metallic-paint2].png","[chinese_garden][bumpiness_very_high][MERL-silver-metallic-paint2].png","10"
"[chinese_garden][bumpiness_very_high][MERL-specular-blue-phenolic].png","[chinese_garden][bumpiness_very_high][MERL-specular-blue-phenolic].png","10"
"[chinese_garden][bumpiness_very_high][MERL-specular-green-phenolic].png","[chinese_garden][bumpiness_very_high][MERL-specular-green-phenolic].png","10"
"[chinese_garden][bumpiness_very_high][MERL-specular-maroon-phenolic].png","[chinese_garden][bumpiness_very_high][MERL-specular-maroon-phenolic].png","10"
"[chinese_garden][bumpiness_very_high][MERL-specular-orange-phenolic].png","[chinese_garden][bumpiness_very_high][MERL-specular-orange-phenolic].png","10"
"[chinese_garden][bumpiness_very_high][MERL-specular-red-phenolic].png","[chinese_garden][bumpiness_very_high][MERL-specular-red-phenolic].png","10"
"[chinese_garden][bumpiness_very_high][MERL-specular-violet-phenolic].png","[chinese_garden][bumpiness_very_high][MERL-specular-violet-phenolic].png","10"
"[chinese_garden][bumpiness_very_high][MERL-specular-white-phenolic].png","[chinese_garden][bumpiness_very_high][MERL-specular-white-phenolic].png","10"
"[chinese_garden][bumpiness_very_high][MERL-specular-yellow-phenolic].png","[chinese_garden][bumpiness_very_high][MERL-specular-yellow-phenolic].png","10"
"[chinese_garden][bumpiness_very_high][MERL-steel].png","[chinese_garden][bumpiness_very_high][MERL-steel].png","10"
"[chinese_garden][bumpiness_very_high][MERL-tungsten-carbide].png","[chinese_garden][bumpiness_very_high][MERL-tungsten-carbide].png","10"
"[chinese_garden][bumpiness_very_high][MERL-two-layer-silver].png","[chinese_garden][bumpiness_very_high][MERL-two-layer-silver].png","10"
"[chinese_garden][bumpiness_very_high][MERL-white-acrylic].png","[chinese_garden][bumpiness_very_high][MERL-white-acrylic].png","10"
"[chinese_garden][bumpiness_very_high][MERL-yellow-phenolic].png","[chinese_garden][bumpiness_very_high][MERL-yellow-phenolic].png","10"
"[chinese_garden][bumpiness_very_high][RGL-aniso_copper_sheet_rgb].png","[chinese_garden][bumpiness_very_high][RGL-aniso_copper_sheet_rgb].png","10"
"[chinese_garden][bumpiness_very_high][RGL-aniso_miro_7_rgb].png","[chinese_garden][bumpiness_very_high][RGL-aniso_miro_7_rgb].png","10"
"[chinese_garden][bumpiness_very_high][RGL-aniso_sari_silk_2color_rgb].png","[chinese_garden][bumpiness_very_high][RGL-aniso_sari_silk_2color_rgb].png","10"
"[chinese_garden][bumpiness_very_high][RGL-chm_orange_rgb].png","[chinese_garden][bumpiness_very_high][RGL-chm_orange_rgb].png","10"
"[chinese_garden][bumpiness_very_high][RGL-ilm_solo_m_68_rgb].png","[chinese_garden][bumpiness_very_high][RGL-ilm_solo_m_68_rgb].png","10"
"[chinese_garden][bumpiness_very_high][RGL-vch_frozen_amethyst_rgb].png","[chinese_garden][bumpiness_very_high][RGL-vch_frozen_amethyst_rgb].png","10"
"[chinese_garden][bumpiness_very_high][RGL-vch_golden_yellow_rgb].png","[chinese_garden][bumpiness_very_high][RGL-vch_golden_yellow_rgb].png","10"
"[chinese_garden][bumpiness_very_high][RGL-vch_silk_blue_rgb].png","[chinese_garden][bumpiness_very_high][RGL-vch_silk_blue_rgb].png","10"
"[chinese_garden][bumpiness_very_high][SVBRDF-Ceramic__0330_marble_wall_01].png","[chinese_garden][bumpiness_very_high][SVBRDF-Ceramic__0330_marble_wall_01].png","10"
"[chinese_garden][bumpiness_very_high][SVBRDF-Ceramic__0974_arcane_arabesque_patterns].png","[chinese_garden][bumpiness_very_high][SVBRDF-Ceramic__0974_arcane_arabesque_patterns].png","10"
"[chinese_garden][bumpiness_very_high][SVBRDF-Ceramic__cgbc_blue_tiles_001].png","[chinese_garden][bumpiness_very_high][SVBRDF-Ceramic__cgbc_blue_tiles_001].png","10"
"[chinese_garden][bumpiness_very_high][SVBRDF-Ceramic__tc_tiles_085].png","[chinese_garden][bumpiness_very_high][SVBRDF-Ceramic__tc_tiles_085].png","10"
"[chinese_garden][bumpiness_very_high][SVBRDF-Fabric__0265_fabric_padded_wall].png","[chinese_garden][bumpiness_very_high][SVBRDF-Fabric__0265_fabric_padded_wall].png","10"
"[chinese_garden][bumpiness_very_high][SVBRDF-Fabric__0266_fabric_padded_wall].png","[chinese_garden][bumpiness_very_high][SVBRDF-Fabric__0266_fabric_padded_wall].png","10"
"[chinese_garden][bumpiness_very_high][SVBRDF-Fabric__acg_fabric_058].png","[chinese_garden][bumpiness_very_high][SVBRDF-Fabric__acg_fabric_058].png","10"
"[chinese_garden][bumpiness_very_high][SVBRDF-Fabric__js_fabric_pattern_006].png","[chinese_garden][bumpiness_very_high][SVBRDF-Fabric__js_fabric_pattern_006].png","10"
"[chinese_garden][bumpiness_very_high][SVBRDF-Metal__0361_metal_brushed_copper].png","[chinese_garden][bumpiness_very_high][SVBRDF-Metal__0361_metal_brushed_copper].png","10"
"[chinese_garden][bumpiness_very_high][SVBRDF-Metal__acg_metal_016].png","[chinese_garden][bumpiness_very_high][SVBRDF-Metal__acg_metal_016].png","10"
"[chinese_garden][bumpiness_very_high][SVBRDF-Metal__cgbc_metal_weave_002].png","[chinese_garden][bumpiness_very_high][SVBRDF-Metal__cgbc_metal_weave_002].png","10"
"[chinese_garden][ridges_high_frequency][MERL_EDIT-beige-fabric_diff_mix_grease-covered-steel_spec_hue_1_sat_1_spec_0].png","[chinese_garden][ridges_high_frequency][MERL_EDIT-beige-fabric_diff_mix_grease-covered-steel_spec_hue_1_sat_1_spec_0].png","10"
"[chinese_garden][ridges_high_frequency][MERL_EDIT-beige-fabric_diff_mix_grease-covered-steel_spec_hue_2_sat_0_spec_1].png","[chinese_garden][ridges_high_frequency][MERL_EDIT-beige-fabric_diff_mix_grease-covered-steel_spec_hue_2_sat_0_spec_1].png","10"
"[chinese_garden][ridges_high_frequency][MERL_EDIT-beige-fabric_diff_mix_grease-covered-steel_spec_hue_2_sat_1_spec_1].png","[chinese_garden][ridges_high_frequency][MERL_EDIT-beige-fabric_diff_mix_grease-covered-steel_spec_hue_2_sat_1_spec_1].png","10"
"[chinese_garden][ridges_high_frequency][MERL_EDIT-beige-fabric_diff_mix_natural-209_spec_hue_1_sat_0_spec_1].png","[chinese_garden][ridges_high_frequency][MERL_EDIT-beige-fabric_diff_mix_natural-209_spec_hue_1_sat_0_spec_1].png","10"
"[chinese_garden][ridges_high_frequency][MERL_EDIT-beige-fabric_diff_mix_polyethylene_spec_hue_3_black_spec_1].png","[chinese_garden][ridges_high_frequency][MERL_EDIT-beige-fabric_diff_mix_polyethylene_spec_hue_3_black_spec_1].png","10"
"[chinese_garden][ridges_high_frequency][MERL_EDIT-beige-fabric_diff_mix_silver-paint_spec_hue_2_sat_1_spec_1].png","[chinese_garden][ridges_high_frequency][MERL_EDIT-beige-fabric_diff_mix_silver-paint_spec_hue_2_sat_1_spec_1].png","10"
"[chinese_garden][ridges_high_frequency][MERL_EDIT-beige-fabric_diff_mix_silver-paint_spec_hue_3_black_spec_0].png","[chinese_garden][ridges_high_frequency][MERL_EDIT-beige-fabric_diff_mix_silver-paint_spec_hue_3_black_spec_0].png","10"
"[chinese_garden][ridges_high_frequency][MERL_EDIT-beige-fabric_diff_mix_silver-paint_spec_hue_3_black_spec_1].png","[chinese_garden][ridges_high_frequency][MERL_EDIT-beige-fabric_diff_mix_silver-paint_spec_hue_3_black_spec_1].png","10"
"[chinese_garden][ridges_high_frequency][MERL_EDIT-beige-fabric_diff_mix_silver-paint_spec_hue_3_black_spec_2].png","[chinese_garden][ridges_high_frequency][MERL_EDIT-beige-fabric_diff_mix_silver-paint_spec_hue_3_black_spec_2].png","10"
"[chinese_garden][ridges_high_frequency][MERL_EDIT-beige-fabric_diff_mix_white-paint_spec_hue_0_sat_1_spec_0].png","[chinese_garden][ridges_high_frequency][MERL_EDIT-beige-fabric_diff_mix_white-paint_spec_hue_0_sat_1_spec_0].png","10"
"[chinese_garden][ridges_high_frequency][MERL_EDIT-beige-fabric_hue_3_black_spec_0].png","[chinese_garden][ridges_high_frequency][MERL_EDIT-beige-fabric_hue_3_black_spec_0].png","10"
"[chinese_garden][ridges_high_frequency][MERL-alum-bronze].png","[chinese_garden][ridges_high_frequency][MERL-alum-bronze].png","10"
"[chinese_garden][ridges_high_frequency][MERL-alumina-oxide].png","[chinese_garden][ridges_high_frequency][MERL-alumina-oxide].png","10"
"[chinese_garden][ridges_high_frequency][MERL-aluminium].png","[chinese_garden][ridges_high_frequency][MERL-aluminium].png","10"
"[chinese_garden][ridges_high_frequency][MERL-beige-fabric].png","[chinese_garden][ridges_high_frequency][MERL-beige-fabric].png","10"
"[chinese_garden][ridges_high_frequency][MERL-black-fabric].png","[chinese_garden][ridges_high_frequency][MERL-black-fabric].png","10"
"[chinese_garden][ridges_high_frequency][MERL-chrome].png","[chinese_garden][ridges_high_frequency][MERL-chrome].png","10"
"[chinese_garden][ridges_high_frequency][MERL-gold-metallic-paint].png","[chinese_garden][ridges_high_frequency][MERL-gold-metallic-paint].png","10"
"[chinese_garden][ridges_high_frequency][MERL-gold-metallic-paint2].png","[chinese_garden][ridges_high_frequency][MERL-gold-metallic-paint2].png","10"
"[chinese_garden][ridges_high_frequency][MERL-gold-metallic-paint3].png","[chinese_garden][ridges_high_frequency][MERL-gold-metallic-paint3].png","10"
"[chinese_garden][ridges_high_frequency][MERL-green-plastic].png","[chinese_garden][ridges_high_frequency][MERL-green-plastic].png","10"
"[chinese_garden][ridges_high_frequency][MERL-light-brown-fabric].png","[chinese_garden][ridges_high_frequency][MERL-light-brown-fabric].png","10"
"[chinese_garden][ridges_high_frequency][MERL-pearl-paint].png","[chinese_garden][ridges_high_frequency][MERL-pearl-paint].png","10"
"[chinese_garden][ridges_high_frequency][MERL-polyurethane-foam].png","[chinese_garden][ridges_high_frequency][MERL-polyurethane-foam].png","10"
"[chinese_garden][ridges_high_frequency][MERL-red-metallic-paint].png","[chinese_garden][ridges_high_frequency][MERL-red-metallic-paint].png","10"
"[chinese_garden][ridges_high_frequency][MERL-silicon-nitrade].png","[chinese_garden][ridges_high_frequency][MERL-silicon-nitrade].png","10"
"[chinese_garden][ridges_high_frequency][MERL-silver-metallic-paint].png","[chinese_garden][ridges_high_frequency][MERL-silver-metallic-paint].png","10"
"[chinese_garden][ridges_high_frequency][MERL-silver-metallic-paint2].png","[chinese_garden][ridges_high_frequency][MERL-silver-metallic-paint2].png","10"
"[chinese_garden][ridges_high_frequency][MERL-specular-blue-phenolic].png","[chinese_garden][ridges_high_frequency][MERL-specular-blue-phenolic].png","10"
"[chinese_garden][ridges_high_frequency][MERL-specular-green-phenolic].png","[chinese_garden][ridges_high_frequency][MERL-specular-green-phenolic].png","10"
"[chinese_garden][ridges_high_frequency][MERL-specular-maroon-phenolic].png","[chinese_garden][ridges_high_frequency][MERL-specular-maroon-phenolic].png","10"
"[chinese_garden][ridges_high_frequency][MERL-specular-orange-phenolic].png","[chinese_garden][ridges_high_frequency][MERL-specular-orange-phenolic].png","10"
"[chinese_garden][ridges_high_frequency][MERL-specular-red-phenolic].png","[chinese_garden][ridges_high_frequency][MERL-specular-red-phenolic].png","10"
"[chinese_garden][ridges_high_frequency][MERL-specular-violet-phenolic].png","[chinese_garden][ridges_high_frequency][MERL-specular-violet-phenolic].png","10"
"[chinese_garden][ridges_high_frequency][MERL-specular-white-phenolic].png","[chinese_garden][ridges_high_frequency][MERL-specular-white-phenolic].png","10"
"[chinese_garden][ridges_high_frequency][MERL-specular-yellow-phenolic].png","[chinese_garden][ridges_high_frequency][MERL-specular-yellow-phenolic].png","10"
"[chinese_garden][ridges_high_frequency][MERL-steel].png","[chinese_garden][ridges_high_frequency][MERL-steel].png","10"
"[chinese_garden][ridges_high_frequency][MERL-tungsten-carbide].png","[chinese_garden][ridges_high_frequency][MERL-tungsten-carbide].png","10"
"[chinese_garden][ridges_high_frequency][MERL-two-layer-silver].png","[chinese_garden][ridges_high_frequency][MERL-two-layer-silver].png","10"
"[chinese_garden][ridges_high_frequency][MERL-white-acrylic].png","[chinese_garden][ridges_high_frequency][MERL-white-acrylic].png","10"
"[chinese_garden][ridges_high_frequency][MERL-yellow-phenolic].png","[chinese_garden][ridges_high_frequency][MERL-yellow-phenolic].png","10"
"[chinese_garden][ridges_high_frequency][RGL-aniso_copper_sheet_rgb].png","[chinese_garden][ridges_high_frequency][RGL-aniso_copper_sheet_rgb].png","10"
"[chinese_garden][ridges_high_frequency][RGL-aniso_miro_7_rgb].png","[chinese_garden][ridges_high_frequency][RGL-aniso_miro_7_rgb].png","10"
"[chinese_garden][ridges_high_frequency][RGL-aniso_sari_silk_2color_rgb].png","[chinese_garden][ridges_high_frequency][RGL-aniso_sari_silk_2color_rgb].png","10"
"[chinese_garden][ridges_high_frequency][RGL-chm_orange_rgb].png","[chinese_garden][ridges_high_frequency][RGL-chm_orange_rgb].png","10"
"[chinese_garden][ridges_high_frequency][RGL-ilm_solo_m_68_rgb].png","[chinese_garden][ridges_high_frequency][RGL-ilm_solo_m_68_rgb].png","10"
"[chinese_garden][ridges_high_frequency][RGL-vch_frozen_amethyst_rgb].png","[chinese_garden][ridges_high_frequency][RGL-vch_frozen_amethyst_rgb].png","10"
"[chinese_garden][ridges_high_frequency][RGL-vch_golden_yellow_rgb].png","[chinese_garden][ridges_high_frequency][RGL-vch_golden_yellow_rgb].png","10"
"[chinese_garden][ridges_high_frequency][RGL-vch_silk_blue_rgb].png","[chinese_garden][ridges_high_frequency][RGL-vch_silk_blue_rgb].png","10"
"[chinese_garden][ridges_high_frequency][SVBRDF-Ceramic__0330_marble_wall_01].png","[chinese_garden][ridges_high_frequency][SVBRDF-Ceramic__0330_marble_wall_01].png","10"
"[chinese_garden][ridges_high_frequency][SVBRDF-Ceramic__0974_arcane_arabesque_patterns].png","[chinese_garden][ridges_high_frequency][SVBRDF-Ceramic__0974_arcane_arabesque_patterns].png","10"
"[chinese_garden][ridges_high_frequency][SVBRDF-Ceramic__cgbc_blue_tiles_001].png","[chinese_garden][ridges_high_frequency][SVBRDF-Ceramic__cgbc_blue_tiles_001].png","10"
"[chinese_garden][ridges_high_frequency][SVBRDF-Ceramic__tc_tiles_085].png","[chinese_garden][ridges_high_frequency][SVBRDF-Ceramic__tc_tiles_085].png","10"
"[chinese_garden][ridges_high_frequency][SVBRDF-Fabric__0265_fabric_padded_wall].png","[chinese_garden][ridges_high_frequency][SVBRDF-Fabric__0265_fabric_padded_wall].png","10"
"[chinese_garden][ridges_high_frequency][SVBRDF-Fabric__0266_fabric_padded_wall].png","[chinese_garden][ridges_high_frequency][SVBRDF-Fabric__0266_fabric_padded_wall].png","10"
"[chinese_garden][ridges_high_frequency][SVBRDF-Fabric__acg_fabric_058].png","[chinese_garden][ridges_high_frequency][SVBRDF-Fabric__acg_fabric_058].png","10"
"[chinese_garden][ridges_high_frequency][SVBRDF-Fabric__js_fabric_pattern_006].png","[chinese_garden][ridges_high_frequency][SVBRDF-Fabric__js_fabric_pattern_006].png","10"
"[chinese_garden][ridges_high_frequency][SVBRDF-Metal__0361_metal_brushed_copper].png","[chinese_garden][ridges_high_frequency][SVBRDF-Metal__0361_metal_brushed_copper].png","10"
"[chinese_garden][ridges_high_frequency][SVBRDF-Metal__acg_metal_016].png","[chinese_garden][ridges_high_frequency][SVBRDF-Metal__acg_metal_016].png","10"
"[chinese_garden][ridges_high_frequency][SVBRDF-Metal__cgbc_metal_weave_002].png","[chinese_garden][ridges_high_frequency][SVBRDF-Metal__cgbc_metal_weave_002].png","10"
"[chinese_garden][ridges_low_frequency][MERL_EDIT-beige-fabric_diff_mix_grease-covered-steel_spec_hue_1_sat_1_spec_0].png","[chinese_garden][ridges_low_frequency][MERL_EDIT-beige-fabric_diff_mix_grease-covered-steel_spec_hue_1_sat_1_spec_0].png","10"
"[chinese_garden][ridges_low_frequency][MERL_EDIT-beige-fabric_diff_mix_grease-covered-steel_spec_hue_2_sat_0_spec_1].png","[chinese_garden][ridges_low_frequency][MERL_EDIT-beige-fabric_diff_mix_grease-covered-steel_spec_hue_2_sat_0_spec_1].png","10"
"[chinese_garden][ridges_low_frequency][MERL_EDIT-beige-fabric_diff_mix_grease-covered-steel_spec_hue_2_sat_1_spec_1].png","[chinese_garden][ridges_low_frequency][MERL_EDIT-beige-fabric_diff_mix_grease-covered-steel_spec_hue_2_sat_1_spec_1].png","10"
"[chinese_garden][ridges_low_frequency][MERL_EDIT-beige-fabric_diff_mix_natural-209_spec_hue_1_sat_0_spec_1].png","[chinese_garden][ridges_low_frequency][MERL_EDIT-beige-fabric_diff_mix_natural-209_spec_hue_1_sat_0_spec_1].png","10"
"[chinese_garden][ridges_low_frequency][MERL_EDIT-beige-fabric_diff_mix_polyethylene_spec_hue_3_black_spec_1].png","[chinese_garden][ridges_low_frequency][MERL_EDIT-beige-fabric_diff_mix_polyethylene_spec_hue_3_black_spec_1].png","10"
"[chinese_garden][ridges_low_frequency][MERL_EDIT-beige-fabric_diff_mix_silver-paint_spec_hue_2_sat_1_spec_1].png","[chinese_garden][ridges_low_frequency][MERL_EDIT-beige-fabric_diff_mix_silver-paint_spec_hue_2_sat_1_spec_1].png","10"
"[chinese_garden][ridges_low_frequency][MERL_EDIT-beige-fabric_diff_mix_silver-paint_spec_hue_3_black_spec_0].png","[chinese_garden][ridges_low_frequency][MERL_EDIT-beige-fabric_diff_mix_silver-paint_spec_hue_3_black_spec_0].png","10"
"[chinese_garden][ridges_low_frequency][MERL_EDIT-beige-fabric_diff_mix_silver-paint_spec_hue_3_black_spec_1].png","[chinese_garden][ridges_low_frequency][MERL_EDIT-beige-fabric_diff_mix_silver-paint_spec_hue_3_black_spec_1].png","10"
"[chinese_garden][ridges_low_frequency][MERL_EDIT-beige-fabric_diff_mix_silver-paint_spec_hue_3_black_spec_2].png","[chinese_garden][ridges_low_frequency][MERL_EDIT-beige-fabric_diff_mix_silver-paint_spec_hue_3_black_spec_2].png","10"
"[chinese_garden][ridges_low_frequency][MERL_EDIT-beige-fabric_diff_mix_white-paint_spec_hue_0_sat_1_spec_0].png","[chinese_garden][ridges_low_frequency][MERL_EDIT-beige-fabric_diff_mix_white-paint_spec_hue_0_sat_1_spec_0].png","10"
"[chinese_garden][ridges_low_frequency][MERL_EDIT-beige-fabric_hue_3_black_spec_0].png","[chinese_garden][ridges_low_frequency][MERL_EDIT-beige-fabric_hue_3_black_spec_0].png","10"
"[chinese_garden][ridges_low_frequency][MERL-alum-bronze].png","[chinese_garden][ridges_low_frequency][MERL-alum-bronze].png","10"
"[chinese_garden][ridges_low_frequency][MERL-alumina-oxide].png","[chinese_garden][ridges_low_frequency][MERL-alumina-oxide].png","10"
"[chinese_garden][ridges_low_frequency][MERL-aluminium].png","[chinese_garden][ridges_low_frequency][MERL-aluminium].png","10"
"[chinese_garden][ridges_low_frequency][MERL-beige-fabric].png","[chinese_garden][ridges_low_frequency][MERL-beige-fabric].png","10"
"[chinese_garden][ridges_low_frequency][MERL-black-fabric].png","[chinese_garden][ridges_low_frequency][MERL-black-fabric].png","10"
"[chinese_garden][ridges_low_frequency][MERL-chrome].png","[chinese_garden][ridges_low_frequency][MERL-chrome].png","10"
"[chinese_garden][ridges_low_frequency][MERL-gold-metallic-paint].png","[chinese_garden][ridges_low_frequency][MERL-gold-metallic-paint].png","10"
"[chinese_garden][ridges_low_frequency][MERL-gold-metallic-paint2].png","[chinese_garden][ridges_low_frequency][MERL-gold-metallic-paint2].png","10"
"[chinese_garden][ridges_low_frequency][MERL-gold-metallic-paint3].png","[chinese_garden][ridges_low_frequency][MERL-gold-metallic-paint3].png","10"
"[chinese_garden][ridges_low_frequency][MERL-green-plastic].png","[chinese_garden][ridges_low_frequency][MERL-green-plastic].png","10"
"[chinese_garden][ridges_low_frequency][MERL-light-brown-fabric].png","[chinese_garden][ridges_low_frequency][MERL-light-brown-fabric].png","10"
"[chinese_garden][ridges_low_frequency][MERL-pearl-paint].png","[chinese_garden][ridges_low_frequency][MERL-pearl-paint].png","10"
"[chinese_garden][ridges_low_frequency][MERL-polyurethane-foam].png","[chinese_garden][ridges_low_frequency][MERL-polyurethane-foam].png","10"
"[chinese_garden][ridges_low_frequency][MERL-red-metallic-paint].png","[chinese_garden][ridges_low_frequency][MERL-red-metallic-paint].png","10"
"[chinese_garden][ridges_low_frequency][MERL-silicon-nitrade].png","[chinese_garden][ridges_low_frequency][MERL-silicon-nitrade].png","10"
"[chinese_garden][ridges_low_frequency][MERL-silver-metallic-paint].png","[chinese_garden][ridges_low_frequency][MERL-silver-metallic-paint].png","10"
"[chinese_garden][ridges_low_frequency][MERL-silver-metallic-paint2].png","[chinese_garden][ridges_low_frequency][MERL-silver-metallic-paint2].png","10"
"[chinese_garden][ridges_low_frequency][MERL-specular-blue-phenolic].png","[chinese_garden][ridges_low_frequency][MERL-specular-blue-phenolic].png","10"
"[chinese_garden][ridges_low_frequency][MERL-specular-green-phenolic].png","[chinese_garden][ridges_low_frequency][MERL-specular-green-phenolic].png","10"
"[chinese_garden][ridges_low_frequency][MERL-specular-maroon-phenolic].png","[chinese_garden][ridges_low_frequency][MERL-specular-maroon-phenolic].png","10"
"[chinese_garden][ridges_low_frequency][MERL-specular-orange-phenolic].png","[chinese_garden][ridges_low_frequency][MERL-specular-orange-phenolic].png","10"
"[chinese_garden][ridges_low_frequency][MERL-specular-red-phenolic].png","[chinese_garden][ridges_low_frequency][MERL-specular-red-phenolic].png","10"
"[chinese_garden][ridges_low_frequency][MERL-specular-violet-phenolic].png","[chinese_garden][ridges_low_frequency][MERL-specular-violet-phenolic].png","10"
"[chinese_garden][ridges_low_frequency][MERL-specular-white-phenolic].png","[chinese_garden][ridges_low_frequency][MERL-specular-white-phenolic].png","10"
"[chinese_garden][ridges_low_frequency][MERL-specular-yellow-phenolic].png","[chinese_garden][ridges_low_frequency][MERL-specular-yellow-phenolic].png","10"
"[chinese_garden][ridges_low_frequency][MERL-steel].png","[chinese_garden][ridges_low_frequency][MERL-steel].png","10"
"[chinese_garden][ridges_low_frequency][MERL-tungsten-carbide].png","[chinese_garden][ridges_low_frequency][MERL-tungsten-carbide].png","10"
"[chinese_garden][ridges_low_frequency][MERL-two-layer-silver].png","[chinese_garden][ridges_low_frequency][MERL-two-layer-silver].png","10"
"[chinese_garden][ridges_low_frequency][MERL-white-acrylic].png","[chinese_garden][ridges_low_frequency][MERL-white-acrylic].png","10"
"[chinese_garden][ridges_low_frequency][MERL-yellow-phenolic].png","[chinese_garden][ridges_low_frequency][MERL-yellow-phenolic].png","10"
"[chinese_garden][ridges_low_frequency][RGL-aniso_copper_sheet_rgb].png","[chinese_garden][ridges_low_frequency][RGL-aniso_copper_sheet_rgb].png","10"
"[chinese_garden][ridges_low_frequency][RGL-aniso_miro_7_rgb].png","[chinese_garden][ridges_low_frequency][RGL-aniso_miro_7_rgb].png","10"
"[chinese_garden][ridges_low_frequency][RGL-aniso_sari_silk_2color_rgb].png","[chinese_garden][ridges_low_frequency][RGL-aniso_sari_silk_2color_rgb].png","10"
"[chinese_garden][ridges_low_frequency][RGL-chm_orange_rgb].png","[chinese_garden][ridges_low_frequency][RGL-chm_orange_rgb].png","10"
"[chinese_garden][ridges_low_frequency][RGL-ilm_solo_m_68_rgb].png","[chinese_garden][ridges_low_frequency][RGL-ilm_solo_m_68_rgb].png","10"
"[chinese_garden][ridges_low_frequency][RGL-vch_frozen_amethyst_rgb].png","[chinese_garden][ridges_low_frequency][RGL-vch_frozen_amethyst_rgb].png","10"
"[chinese_garden][ridges_low_frequency][RGL-vch_golden_yellow_rgb].png","[chinese_garden][ridges_low_frequency][RGL-vch_golden_yellow_rgb].png","10"
"[chinese_garden][ridges_low_frequency][RGL-vch_silk_blue_rgb].png","[chinese_garden][ridges_low_frequency][RGL-vch_silk_blue_rgb].png","10"
"[chinese_garden][ridges_low_frequency][SVBRDF-Ceramic__0330_marble_wall_01].png","[chinese_garden][ridges_low_frequency][SVBRDF-Ceramic__0330_marble_wall_01].png","10"
"[chinese_garden][ridges_low_frequency][SVBRDF-Ceramic__0974_arcane_arabesque_patterns].png","[chinese_garden][ridges_low_frequency][SVBRDF-Ceramic__0974_arcane_arabesque_patterns].png","10"
"[chinese_garden][ridges_low_frequency][SVBRDF-Ceramic__cgbc_blue_tiles_001].png","[chinese_garden][ridges_low_frequency][SVBRDF-Ceramic__cgbc_blue_tiles_001].png","10"
"[chinese_garden][ridges_low_frequency][SVBRDF-Ceramic__tc_tiles_085].png","[chinese_garden][ridges_low_frequency][SVBRDF-Ceramic__tc_tiles_085].png","10"
"[chinese_garden][ridges_low_frequency][SVBRDF-Fabric__0265_fabric_padded_wall].png","[chinese_garden][ridges_low_frequency][SVBRDF-Fabric__0265_fabric_padded_wall].png","10"
"[chinese_garden][ridges_low_frequency][SVBRDF-Fabric__0266_fabric_padded_wall].png","[chinese_garden][ridges_low_frequency][SVBRDF-Fabric__0266_fabric_padded_wall].png","10"
"[chinese_garden][ridges_low_frequency][SVBRDF-Fabric__acg_fabric_058].png","[chinese_garden][ridges_low_frequency][SVBRDF-Fabric__acg_fabric_058].png","10"
"[chinese_garden][ridges_low_frequency][SVBRDF-Fabric__js_fabric_pattern_006].png","[chinese_garden][ridges_low_frequency][SVBRDF-Fabric__js_fabric_pattern_006].png","10"
"[chinese_garden][ridges_low_frequency][SVBRDF-Metal__0361_metal_brushed_copper].png","[chinese_garden][ridges_low_frequency][SVBRDF-Metal__0361_metal_brushed_copper].png","10"
"[chinese_garden][ridges_low_frequency][SVBRDF-Metal__acg_metal_016].png","[chinese_garden][ridges_low_frequency][SVBRDF-Metal__acg_metal_016].png","10"
"[chinese_garden][ridges_low_frequency][SVBRDF-Metal__cgbc_metal_weave_002].png","[chinese_garden][ridges_low_frequency][SVBRDF-Metal__cgbc_metal_weave_002].png","10"
"[chinese_garden][ridges_very_high_frequency][MERL_EDIT-beige-fabric_diff_mix_grease-covered-steel_spec_hue_1_sat_1_spec_0].png","[chinese_garden][ridges_very_high_frequency][MERL_EDIT-beige-fabric_diff_mix_grease-covered-steel_spec_hue_1_sat_1_spec_0].png","10"
"[chinese_garden][ridges_very_high_frequency][MERL_EDIT-beige-fabric_diff_mix_grease-covered-steel_spec_hue_2_sat_0_spec_1].png","[chinese_garden][ridges_very_high_frequency][MERL_EDIT-beige-fabric_diff_mix_grease-covered-steel_spec_hue_2_sat_0_spec_1].png","10"
"[chinese_garden][ridges_very_high_frequency][MERL_EDIT-beige-fabric_diff_mix_grease-covered-steel_spec_hue_2_sat_1_spec_1].png","[chinese_garden][ridges_very_high_frequency][MERL_EDIT-beige-fabric_diff_mix_grease-covered-steel_spec_hue_2_sat_1_spec_1].png","10"
"[chinese_garden][ridges_very_high_frequency][MERL_EDIT-beige-fabric_diff_mix_natural-209_spec_hue_1_sat_0_spec_1].png","[chinese_garden][ridges_very_high_frequency][MERL_EDIT-beige-fabric_diff_mix_natural-209_spec_hue_1_sat_0_spec_1].png","10"
"[chinese_garden][ridges_very_high_frequency][MERL_EDIT-beige-fabric_diff_mix_polyethylene_spec_hue_3_black_spec_1].png","[chinese_garden][ridges_very_high_frequency][MERL_EDIT-beige-fabric_diff_mix_polyethylene_spec_hue_3_black_spec_1].png","10"
"[chinese_garden][ridges_very_high_frequency][MERL_EDIT-beige-fabric_diff_mix_silver-paint_spec_hue_2_sat_1_spec_1].png","[chinese_garden][ridges_very_high_frequency][MERL_EDIT-beige-fabric_diff_mix_silver-paint_spec_hue_2_sat_1_spec_1].png","10"
"[chinese_garden][ridges_very_high_frequency][MERL_EDIT-beige-fabric_diff_mix_silver-paint_spec_hue_3_black_spec_0].png","[chinese_garden][ridges_very_high_frequency][MERL_EDIT-beige-fabric_diff_mix_silver-paint_spec_hue_3_black_spec_0].png","10"
"[chinese_garden][ridges_very_high_frequency][MERL_EDIT-beige-fabric_diff_mix_silver-paint_spec_hue_3_black_spec_1].png","[chinese_garden][ridges_very_high_frequency][MERL_EDIT-beige-fabric_diff_mix_silver-paint_spec_hue_3_black_spec_1].png","10"
"[chinese_garden][ridges_very_high_frequency][MERL_EDIT-beige-fabric_diff_mix_silver-paint_spec_hue_3_black_spec_2].png","[chinese_garden][ridges_very_high_frequency][MERL_EDIT-beige-fabric_diff_mix_silver-paint_spec_hue_3_black_spec_2].png","10"
"[chinese_garden][ridges_very_high_frequency][MERL_EDIT-beige-fabric_diff_mix_white-paint_spec_hue_0_sat_1_spec_0].png","[chinese_garden][ridges_very_high_frequency][MERL_EDIT-beige-fabric_diff_mix_white-paint_spec_hue_0_sat_1_spec_0].png","10"
"[chinese_garden][ridges_very_high_frequency][MERL_EDIT-beige-fabric_hue_3_black_spec_0].png","[chinese_garden][ridges_very_high_frequency][MERL_EDIT-beige-fabric_hue_3_black_spec_0].png","10"
"[chinese_garden][ridges_very_high_frequency][MERL-alum-bronze].png","[chinese_garden][ridges_very_high_frequency][MERL-alum-bronze].png","10"
"[chinese_garden][ridges_very_high_frequency][MERL-alumina-oxide].png","[chinese_garden][ridges_very_high_frequency][MERL-alumina-oxide].png","10"
"[chinese_garden][ridges_very_high_frequency][MERL-aluminium].png","[chinese_garden][ridges_very_high_frequency][MERL-aluminium].png","10"
"[chinese_garden][ridges_very_high_frequency][MERL-beige-fabric].png","[chinese_garden][ridges_very_high_frequency][MERL-beige-fabric].png","10"
"[chinese_garden][ridges_very_high_frequency][MERL-black-fabric].png","[chinese_garden][ridges_very_high_frequency][MERL-black-fabric].png","10"
"[chinese_garden][ridges_very_high_frequency][MERL-chrome].png","[chinese_garden][ridges_very_high_frequency][MERL-chrome].png","10"
"[chinese_garden][ridges_very_high_frequency][MERL-gold-metallic-paint].png","[chinese_garden][ridges_very_high_frequency][MERL-gold-metallic-paint].png","10"
"[chinese_garden][ridges_very_high_frequency][MERL-gold-metallic-paint2].png","[chinese_garden][ridges_very_high_frequency][MERL-gold-metallic-paint2].png","10"
"[chinese_garden][ridges_very_high_frequency][MERL-gold-metallic-paint3].png","[chinese_garden][ridges_very_high_frequency][MERL-gold-metallic-paint3].png","10"
"[chinese_garden][ridges_very_high_frequency][MERL-green-plastic].png","[chinese_garden][ridges_very_high_frequency][MERL-green-plastic].png","10"
"[chinese_garden][ridges_very_high_frequency][MERL-light-brown-fabric].png","[chinese_garden][ridges_very_high_frequency][MERL-light-brown-fabric].png","10"
"[chinese_garden][ridges_very_high_frequency][MERL-pearl-paint].png","[chinese_garden][ridges_very_high_frequency][MERL-pearl-paint].png","10"
"[chinese_garden][ridges_very_high_frequency][MERL-polyurethane-foam].png","[chinese_garden][ridges_very_high_frequency][MERL-polyurethane-foam].png","10"
"[chinese_garden][ridges_very_high_frequency][MERL-red-metallic-paint].png","[chinese_garden][ridges_very_high_frequency][MERL-red-metallic-paint].png","10"
"[chinese_garden][ridges_very_high_frequency][MERL-silicon-nitrade].png","[chinese_garden][ridges_very_high_frequency][MERL-silicon-nitrade].png","10"
"[chinese_garden][ridges_very_high_frequency][MERL-silver-metallic-paint].png","[chinese_garden][ridges_very_high_frequency][MERL-silver-metallic-paint].png","10"
"[chinese_garden][ridges_very_high_frequency][MERL-silver-metallic-paint2].png","[chinese_garden][ridges_very_high_frequency][MERL-silver-metallic-paint2].png","10"
"[chinese_garden][ridges_very_high_frequency][MERL-specular-blue-phenolic].png","[chinese_garden][ridges_very_high_frequency][MERL-specular-blue-phenolic].png","10"
"[chinese_garden][ridges_very_high_frequency][MERL-specular-green-phenolic].png","[chinese_garden][ridges_very_high_frequency][MERL-specular-green-phenolic].png","10"
"[chinese_garden][ridges_very_high_frequency][MERL-specular-maroon-phenolic].png","[chinese_garden][ridges_very_high_frequency][MERL-specular-maroon-phenolic].png","10"
"[chinese_garden][ridges_very_high_frequency][MERL-specular-orange-phenolic].png","[chinese_garden][ridges_very_high_frequency][MERL-specular-orange-phenolic].png","10"
"[chinese_garden][ridges_very_high_frequency][MERL-specular-red-phenolic].png","[chinese_garden][ridges_very_high_frequency][MERL-specular-red-phenolic].png","10"
"[chinese_garden][ridges_very_high_frequency][MERL-specular-violet-phenolic].png","[chinese_garden][ridges_very_high_frequency][MERL-specular-violet-phenolic].png","10"
"[chinese_garden][ridges_very_high_frequency][MERL-specular-white-phenolic].png","[chinese_garden][ridges_very_high_frequency][MERL-specular-white-phenolic].png","10"
"[chinese_garden][ridges_very_high_frequency][MERL-specular-yellow-phenolic].png","[chinese_garden][ridges_very_high_frequency][MERL-specular-yellow-phenolic].png","10"
"[chinese_garden][ridges_very_high_frequency][MERL-steel].png","[chinese_garden][ridges_very_high_frequency][MERL-steel].png","10"
"[chinese_garden][ridges_very_high_frequency][MERL-tungsten-carbide].png","[chinese_garden][ridges_very_high_frequency][MERL-tungsten-carbide].png","10"
"[chinese_garden][ridges_very_high_frequency][MERL-two-layer-silver].png","[chinese_garden][ridges_very_high_frequency][MERL-two-layer-silver].png","10"
"[chinese_garden][ridges_very_high_frequency][MERL-white-acrylic].png","[chinese_garden][ridges_very_high_frequency][MERL-white-acrylic].png","10"
"[chinese_garden][ridges_very_high_frequency][MERL-yellow-phenolic].png","[chinese_garden][ridges_very_high_frequency][MERL-yellow-phenolic].png","10"
"[chinese_garden][ridges_very_high_frequency][RGL-aniso_copper_sheet_rgb].png","[chinese_garden][ridges_very_high_frequency][RGL-aniso_copper_sheet_rgb].png","10"
"[chinese_garden][ridges_very_high_frequency][RGL-aniso_miro_7_rgb].png","[chinese_garden][ridges_very_high_frequency][RGL-aniso_miro_7_rgb].png","10"
"[chinese_garden][ridges_very_high_frequency][RGL-aniso_sari_silk_2color_rgb].png","[chinese_garden][ridges_very_high_frequency][RGL-aniso_sari_silk_2color_rgb].png","10"
"[chinese_garden][ridges_very_high_frequency][RGL-chm_orange_rgb].png","[chinese_garden][ridges_very_high_frequency][RGL-chm_orange_rgb].png","10"
"[chinese_garden][ridges_very_high_frequency][RGL-ilm_solo_m_68_rgb].png","[chinese_garden][ridges_very_high_frequency][RGL-ilm_solo_m_68_rgb].png","10"
"[chinese_garden][ridges_very_high_frequency][RGL-vch_frozen_amethyst_rgb].png","[chinese_garden][ridges_very_high_frequency][RGL-vch_frozen_amethyst_rgb].png","10"
"[chinese_garden][ridges_very_high_frequency][RGL-vch_golden_yellow_rgb].png","[chinese_garden][ridges_very_high_frequency][RGL-vch_golden_yellow_rgb].png","10"
"[chinese_garden][ridges_very_high_frequency][RGL-vch_silk_blue_rgb].png","[chinese_garden][ridges_very_high_frequency][RGL-vch_silk_blue_rgb].png","10"
"[chinese_garden][ridges_very_high_frequency][SVBRDF-Ceramic__0330_marble_wall_01].png","[chinese_garden][ridges_very_high_frequency][SVBRDF-Ceramic__0330_marble_wall_01].png","10"
"[chinese_garden][ridges_very_high_frequency][SVBRDF-Ceramic__0974_arcane_arabesque_patterns].png","[chinese_garden][ridges_very_high_frequency][SVBRDF-Ceramic__0974_arcane_arabesque_patterns].png","10"
"[chinese_garden][ridges_very_high_frequency][SVBRDF-Ceramic__cgbc_blue_tiles_001].png","[chinese_garden][ridges_very_high_frequency][SVBRDF-Ceramic__cgbc_blue_tiles_001].png","10"
"[chinese_garden][ridges_very_high_frequency][SVBRDF-Ceramic__tc_tiles_085].png","[chinese_garden][ridges_very_high_frequency][SVBRDF-Ceramic__tc_tiles_085].png","10"
"[chinese_garden][ridges_very_high_frequency][SVBRDF-Fabric__0265_fabric_padded_wall].png","[chinese_garden][ridges_very_high_frequency][SVBRDF-Fabric__0265_fabric_padded_wall].png","10"
"[chinese_garden][ridges_very_high_frequency][SVBRDF-Fabric__0266_fabric_padded_wall].png","[chinese_garden][ridges_very_high_frequency][SVBRDF-Fabric__0266_fabric_padded_wall].png","10"
"[chinese_garden][ridges_very_high_frequency][SVBRDF-Fabric__acg_fabric_058].png","[chinese_garden][ridges_very_high_frequency][SVBRDF-Fabric__acg_fabric_058].png","10"
"[chinese_garden][ridges_very_high_frequency][SVBRDF-Fabric__js_fabric_pattern_006].png","[chinese_garden][ridges_very_high_frequency][SVBRDF-Fabric__js_fabric_pattern_006].png","10"
"[chinese_garden][ridges_very_high_frequency][SVBRDF-Metal__0361_metal_brushed_copper].png","[chinese_garden][ridges_very_high_frequency][SVBRDF-Metal__0361_metal_brushed_copper].png","10"
"[chinese_garden][ridges_very_high_frequency][SVBRDF-Metal__acg_metal_016].png","[chinese_garden][ridges_very_high_frequency][SVBRDF-Metal__acg_metal_016].png","10"
"[chinese_garden][ridges_very_high_frequency][SVBRDF-Metal__cgbc_metal_weave_002].png","[chinese_garden][ridges_very_high_frequency][SVBRDF-Metal__cgbc_metal_weave_002].png","10"
"[chinese_garden][sphere][MERL_EDIT-beige-fabric_diff_mix_grease-covered-steel_spec_hue_1_sat_1_spec_0].png","[chinese_garden][sphere][MERL_EDIT-beige-fabric_diff_mix_grease-covered-steel_spec_hue_1_sat_1_spec_0].png","10"
"[chinese_garden][sphere][MERL_EDIT-beige-fabric_diff_mix_grease-covered-steel_spec_hue_2_sat_0_spec_1].png","[chinese_garden][sphere][MERL_EDIT-beige-fabric_diff_mix_grease-covered-steel_spec_hue_2_sat_0_spec_1].png","10"
"[chinese_garden][sphere][MERL_EDIT-beige-fabric_diff_mix_grease-covered-steel_spec_hue_2_sat_1_spec_1].png","[chinese_garden][sphere][MERL_EDIT-beige-fabric_diff_mix_grease-covered-steel_spec_hue_2_sat_1_spec_1].png","10"
"[chinese_garden][sphere][MERL_EDIT-beige-fabric_diff_mix_natural-209_spec_hue_1_sat_0_spec_1].png","[chinese_garden][sphere][MERL_EDIT-beige-fabric_diff_mix_natural-209_spec_hue_1_sat_0_spec_1].png","10"
"[chinese_garden][sphere][MERL_EDIT-beige-fabric_diff_mix_polyethylene_spec_hue_3_black_spec_1].png","[chinese_garden][sphere][MERL_EDIT-beige-fabric_diff_mix_polyethylene_spec_hue_3_black_spec_1].png","10"
"[chinese_garden][sphere][MERL_EDIT-beige-fabric_diff_mix_silver-paint_spec_hue_2_sat_1_spec_1].png","[chinese_garden][sphere][MERL_EDIT-beige-fabric_diff_mix_silver-paint_spec_hue_2_sat_1_spec_1].png","10"
"[chinese_garden][sphere][MERL_EDIT-beige-fabric_diff_mix_silver-paint_spec_hue_3_black_spec_0].png","[chinese_garden][sphere][MERL_EDIT-beige-fabric_diff_mix_silver-paint_spec_hue_3_black_spec_0].png","10"
"[chinese_garden][sphere][MERL_EDIT-beige-fabric_diff_mix_silver-paint_spec_hue_3_black_spec_1].png","[chinese_garden][sphere][MERL_EDIT-beige-fabric_diff_mix_silver-paint_spec_hue_3_black_spec_1].png","10"
"[chinese_garden][sphere][MERL_EDIT-beige-fabric_diff_mix_silver-paint_spec_hue_3_black_spec_2].png","[chinese_garden][sphere][MERL_EDIT-beige-fabric_diff_mix_silver-paint_spec_hue_3_black_spec_2].png","10"
"[chinese_garden][sphere][MERL_EDIT-beige-fabric_diff_mix_white-paint_spec_hue_0_sat_1_spec_0].png","[chinese_garden][sphere][MERL_EDIT-beige-fabric_diff_mix_white-paint_spec_hue_0_sat_1_spec_0].png","10"
"[chinese_garden][sphere][MERL_EDIT-beige-fabric_hue_3_black_spec_0].png","[chinese_garden][sphere][MERL_EDIT-beige-fabric_hue_3_black_spec_0].png","10"
"[chinese_garden][sphere][MERL-alum-bronze].png","[chinese_garden][sphere][MERL-alum-bronze].png","10"
"[chinese_garden][sphere][MERL-alumina-oxide].png","[chinese_garden][sphere][MERL-alumina-oxide].png","10"
"[chinese_garden][sphere][MERL-aluminium].png","[chinese_garden][sphere][MERL-aluminium].png","10"
"[chinese_garden][sphere][MERL-beige-fabric].png","[chinese_garden][sphere][MERL-beige-fabric].png","10"
"[chinese_garden][sphere][MERL-black-fabric].png","[chinese_garden][sphere][MERL-black-fabric].png","10"
"[chinese_garden][sphere][MERL-chrome].png","[chinese_garden][sphere][MERL-chrome].png","10"
"[chinese_garden][sphere][MERL-gold-metallic-paint].png","[chinese_garden][sphere][MERL-gold-metallic-paint].png","10"
"[chinese_garden][sphere][MERL-gold-metallic-paint2].png","[chinese_garden][sphere][MERL-gold-metallic-paint2].png","10"
"[chinese_garden][sphere][MERL-gold-metallic-paint3].png","[chinese_garden][sphere][MERL-gold-metallic-paint3].png","10"
"[chinese_garden][sphere][MERL-green-plastic].png","[chinese_garden][sphere][MERL-green-plastic].png","10"
"[chinese_garden][sphere][MERL-light-brown-fabric].png","[chinese_garden][sphere][MERL-light-brown-fabric].png","10"
"[chinese_garden][sphere][MERL-pearl-paint].png","[chinese_garden][sphere][MERL-pearl-paint].png","10"
"[chinese_garden][sphere][MERL-polyurethane-foam].png","[chinese_garden][sphere][MERL-polyurethane-foam].png","10"
"[chinese_garden][sphere][MERL-red-metallic-paint].png","[chinese_garden][sphere][MERL-red-metallic-paint].png","10"
"[chinese_garden][sphere][MERL-silicon-nitrade].png","[chinese_garden][sphere][MERL-silicon-nitrade].png","10"
"[chinese_garden][sphere][MERL-silver-metallic-paint].png","[chinese_garden][sphere][MERL-silver-metallic-paint].png","10"
"[chinese_garden][sphere][MERL-silver-metallic-paint2].png","[chinese_garden][sphere][MERL-silver-metallic-paint2].png","10"
"[chinese_garden][sphere][MERL-specular-blue-phenolic].png","[chinese_garden][sphere][MERL-specular-blue-phenolic].png","10"
"[chinese_garden][sphere][MERL-specular-green-phenolic].png","[chinese_garden][sphere][MERL-specular-green-phenolic].png","10"
"[chinese_garden][sphere][MERL-specular-maroon-phenolic].png","[chinese_garden][sphere][MERL-specular-maroon-phenolic].png","10"
"[chinese_garden][sphere][MERL-specular-orange-phenolic].png","[chinese_garden][sphere][MERL-specular-orange-phenolic].png","10"
"[chinese_garden][sphere][MERL-specular-red-phenolic].png","[chinese_garden][sphere][MERL-specular-red-phenolic].png","10"
"[chinese_garden][sphere][MERL-specular-violet-phenolic].png","[chinese_garden][sphere][MERL-specular-violet-phenolic].png","10"
"[chinese_garden][sphere][MERL-specular-white-phenolic].png","[chinese_garden][sphere][MERL-specular-white-phenolic].png","10"
"[chinese_garden][sphere][MERL-specular-yellow-phenolic].png","[chinese_garden][sphere][MERL-specular-yellow-phenolic].png","10"
"[chinese_garden][sphere][MERL-steel].png","[chinese_garden][sphere][MERL-steel].png","10"
"[chinese_garden][sphere][MERL-tungsten-carbide].png","[chinese_garden][sphere][MERL-tungsten-carbide].png","10"
"[chinese_garden][sphere][MERL-two-layer-silver].png","[chinese_garden][sphere][MERL-two-layer-silver].png","10"
"[chinese_garden][sphere][MERL-white-acrylic].png","[chinese_garden][sphere][MERL-white-acrylic].png","10"
"[chinese_garden][sphere][MERL-yellow-phenolic].png","[chinese_garden][sphere][MERL-yellow-phenolic].png","10"
"[chinese_garden][sphere][RGL-aniso_copper_sheet_rgb].png","[chinese_garden][sphere][RGL-aniso_copper_sheet_rgb].png","10"
"[chinese_garden][sphere][RGL-aniso_miro_7_rgb].png","[chinese_garden][sphere][RGL-aniso_miro_7_rgb].png","10"
"[chinese_garden][sphere][RGL-aniso_sari_silk_2color_rgb].png","[chinese_garden][sphere][RGL-aniso_sari_silk_2color_rgb].png","10"
"[chinese_garden][sphere][RGL-chm_orange_rgb].png","[chinese_garden][sphere][RGL-chm_orange_rgb].png","10"
"[chinese_garden][sphere][RGL-ilm_solo_m_68_rgb].png","[chinese_garden][sphere][RGL-ilm_solo_m_68_rgb].png","10"
"[chinese_garden][sphere][RGL-vch_frozen_amethyst_rgb].png","[chinese_garden][sphere][RGL-vch_frozen_amethyst_rgb].png","10"
"[chinese_garden][sphere][RGL-vch_golden_yellow_rgb].png","[chinese_garden][sphere][RGL-vch_golden_yellow_rgb].png","10"
"[chinese_garden][sphere][RGL-vch_silk_blue_rgb].png","[chinese_garden][sphere][RGL-vch_silk_blue_rgb].png","10"
"[chinese_garden][sphere][SVBRDF-Ceramic__0330_marble_wall_01].png","[chinese_garden][sphere][SVBRDF-Ceramic__0330_marble_wall_01].png","10"
"[chinese_garden][sphere][SVBRDF-Ceramic__0974_arcane_arabesque_patterns].png","[chinese_garden][sphere][SVBRDF-Ceramic__0974_arcane_arabesque_patterns].png","10"
"[chinese_garden][sphere][SVBRDF-Ceramic__cgbc_blue_tiles_001].png","[chinese_garden][sphere][SVBRDF-Ceramic__cgbc_blue_tiles_001].png","10"
"[chinese_garden][sphere][SVBRDF-Ceramic__tc_tiles_085].png","[chinese_garden][sphere][SVBRDF-Ceramic__tc_tiles_085].png","10"
"[chinese_garden][sphere][SVBRDF-Fabric__0265_fabric_padded_wall].png","[chinese_garden][sphere][SVBRDF-Fabric__0265_fabric_padded_wall].png","10"
"[chinese_garden][sphere][SVBRDF-Fabric__0266_fabric_padded_wall].png","[chinese_garden][sphere][SVBRDF-Fabric__0266_fabric_padded_wall].png","10"
"[chinese_garden][sphere][SVBRDF-Fabric__acg_fabric_058].png","[chinese_garden][sphere][SVBRDF-Fabric__acg_fabric_058].png","10"
"[chinese_garden][sphere][SVBRDF-Fabric__js_fabric_pattern_006].png","[chinese_garden][sphere][SVBRDF-Fabric__js_fabric_pattern_006].png","10"
"[chinese_garden][sphere][SVBRDF-Metal__0361_metal_brushed_copper].png","[chinese_garden][sphere][SVBRDF-Metal__0361_metal_brushed_copper].png","10"
"[chinese_garden][sphere][SVBRDF-Metal__acg_metal_016].png","[chinese_garden][sphere][SVBRDF-Metal__acg_metal_016].png","10"
"[chinese_garden][sphere][SVBRDF-Metal__cgbc_metal_weave_002].png","[chinese_garden][sphere][SVBRDF-Metal__cgbc_metal_weave_002].png","10"
"[christmas_photo_studio][blob][MERL_EDIT-beige-fabric_diff_mix_grease-covered-steel_spec_hue_1_sat_1_spec_0].png","[christmas_photo_studio][blob][MERL_EDIT-beige-fabric_diff_mix_grease-covered-steel_spec_hue_1_sat_1_spec_0].png","10"
"[christmas_photo_studio][blob][MERL_EDIT-beige-fabric_diff_mix_grease-covered-steel_spec_hue_2_sat_0_spec_1].png","[christmas_photo_studio][blob][MERL_EDIT-beige-fabric_diff_mix_grease-covered-steel_spec_hue_2_sat_0_spec_1].png","10"
"[christmas_photo_studio][blob][MERL_EDIT-beige-fabric_diff_mix_grease-covered-steel_spec_hue_2_sat_1_spec_1].png","[christmas_photo_studio][blob][MERL_EDIT-beige-fabric_diff_mix_grease-covered-steel_spec_hue_2_sat_1_spec_1].png","10"
"[christmas_photo_studio][blob][MERL_EDIT-beige-fabric_diff_mix_natural-209_spec_hue_1_sat_0_spec_1].png","[christmas_photo_studio][blob][MERL_EDIT-beige-fabric_diff_mix_natural-209_spec_hue_1_sat_0_spec_1].png","10"
"[christmas_photo_studio][blob][MERL_EDIT-beige-fabric_diff_mix_polyethylene_spec_hue_3_black_spec_1].png","[christmas_photo_studio][blob][MERL_EDIT-beige-fabric_diff_mix_polyethylene_spec_hue_3_black_spec_1].png","10"
"[christmas_photo_studio][blob][MERL_EDIT-beige-fabric_diff_mix_silver-paint_spec_hue_2_sat_1_spec_1].png","[christmas_photo_studio][blob][MERL_EDIT-beige-fabric_diff_mix_silver-paint_spec_hue_2_sat_1_spec_1].png","10"
"[christmas_photo_studio][blob][MERL_EDIT-beige-fabric_diff_mix_silver-paint_spec_hue_3_black_spec_0].png","[christmas_photo_studio][blob][MERL_EDIT-beige-fabric_diff_mix_silver-paint_spec_hue_3_black_spec_0].png","10"
"[christmas_photo_studio][blob][MERL_EDIT-beige-fabric_diff_mix_silver-paint_spec_hue_3_black_spec_1].png","[christmas_photo_studio][blob][MERL_EDIT-beige-fabric_diff_mix_silver-paint_spec_hue_3_black_spec_1].png","10"
"[christmas_photo_studio][blob][MERL_EDIT-beige-fabric_diff_mix_silver-paint_spec_hue_3_black_spec_2].png","[christmas_photo_studio][blob][MERL_EDIT-beige-fabric_diff_mix_silver-paint_spec_hue_3_black_spec_2].png","10"
"[christmas_photo_studio][blob][MERL_EDIT-beige-fabric_diff_mix_white-paint_spec_hue_0_sat_1_spec_0].png","[christmas_photo_studio][blob][MERL_EDIT-beige-fabric_diff_mix_white-paint_spec_hue_0_sat_1_spec_0].png","10"
"[christmas_photo_studio][blob][MERL_EDIT-beige-fabric_hue_3_black_spec_0].png","[christmas_photo_studio][blob][MERL_EDIT-beige-fabric_hue_3_black_spec_0].png","10"
"[christmas_photo_studio][blob][MERL-alum-bronze].png","[christmas_photo_studio][blob][MERL-alum-bronze].png","10"
"[christmas_photo_studio][blob][MERL-alumina-oxide].png","[christmas_photo_studio][blob][MERL-alumina-oxide].png","10"
"[christmas_photo_studio][blob][MERL-aluminium].png","[christmas_photo_studio][blob][MERL-aluminium].png","10"
"[christmas_photo_studio][blob][MERL-beige-fabric].png","[christmas_photo_studio][blob][MERL-beige-fabric].png","10"
"[christmas_photo_studio][blob][MERL-black-fabric].png","[christmas_photo_studio][blob][MERL-black-fabric].png","10"
"[christmas_photo_studio][blob][MERL-chrome].png","[christmas_photo_studio][blob][MERL-chrome].png","10"
"[christmas_photo_studio][blob][MERL-gold-metallic-paint].png","[christmas_photo_studio][blob][MERL-gold-metallic-paint].png","10"
"[christmas_photo_studio][blob][MERL-gold-metallic-paint2].png","[christmas_photo_studio][blob][MERL-gold-metallic-paint2].png","10"
"[christmas_photo_studio][blob][MERL-gold-metallic-paint3].png","[christmas_photo_studio][blob][MERL-gold-metallic-paint3].png","10"
"[christmas_photo_studio][blob][MERL-green-plastic].png","[christmas_photo_studio][blob][MERL-green-plastic].png","10"
"[christmas_photo_studio][blob][MERL-light-brown-fabric].png","[christmas_photo_studio][blob][MERL-light-brown-fabric].png","10"
"[christmas_photo_studio][blob][MERL-pearl-paint].png","[christmas_photo_studio][blob][MERL-pearl-paint].png","10"
"[christmas_photo_studio][blob][MERL-polyurethane-foam].png","[christmas_photo_studio][blob][MERL-polyurethane-foam].png","10"
"[christmas_photo_studio][blob][MERL-red-metallic-paint].png","[christmas_photo_studio][blob][MERL-red-metallic-paint].png","10"
"[christmas_photo_studio][blob][MERL-silicon-nitrade].png","[christmas_photo_studio][blob][MERL-silicon-nitrade].png","10"
"[christmas_photo_studio][blob][MERL-silver-metallic-paint].png","[christmas_photo_studio][blob][MERL-silver-metallic-paint].png","10"
"[christmas_photo_studio][blob][MERL-silver-metallic-paint2].png","[christmas_photo_studio][blob][MERL-silver-metallic-paint2].png","10"
"[christmas_photo_studio][blob][MERL-specular-blue-phenolic].png","[christmas_photo_studio][blob][MERL-specular-blue-phenolic].png","10"
"[christmas_photo_studio][blob][MERL-specular-green-phenolic].png","[christmas_photo_studio][blob][MERL-specular-green-phenolic].png","10"
"[christmas_photo_studio][blob][MERL-specular-maroon-phenolic].png","[christmas_photo_studio][blob][MERL-specular-maroon-phenolic].png","10"
"[christmas_photo_studio][blob][MERL-specular-orange-phenolic].png","[christmas_photo_studio][blob][MERL-specular-orange-phenolic].png","10"
"[christmas_photo_studio][blob][MERL-specular-red-phenolic].png","[christmas_photo_studio][blob][MERL-specular-red-phenolic].png","10"
"[christmas_photo_studio][blob][MERL-specular-violet-phenolic].png","[christmas_photo_studio][blob][MERL-specular-violet-phenolic].png","10"
"[christmas_photo_studio][blob][MERL-specular-white-phenolic].png","[christmas_photo_studio][blob][MERL-specular-white-phenolic].png","10"
"[christmas_photo_studio][blob][MERL-specular-yellow-phenolic].png","[christmas_photo_studio][blob][MERL-specular-yellow-phenolic].png","10"
"[christmas_photo_studio][blob][MERL-steel].png","[christmas_photo_studio][blob][MERL-steel].png","10"
"[christmas_photo_studio][blob][MERL-tungsten-carbide].png","[christmas_photo_studio][blob][MERL-tungsten-carbide].png","10"
"[christmas_photo_studio][blob][MERL-two-layer-silver].png","[christmas_photo_studio][blob][MERL-two-layer-silver].png","10"
"[christmas_photo_studio][blob][MERL-white-acrylic].png","[christmas_photo_studio][blob][MERL-white-acrylic].png","10"
"[christmas_photo_studio][blob][MERL-yellow-phenolic].png","[christmas_photo_studio][blob][MERL-yellow-phenolic].png","10"
"[christmas_photo_studio][blob][RGL-aniso_copper_sheet_rgb].png","[christmas_photo_studio][blob][RGL-aniso_copper_sheet_rgb].png","10"
"[christmas_photo_studio][blob][RGL-aniso_miro_7_rgb].png","[christmas_photo_studio][blob][RGL-aniso_miro_7_rgb].png","10"
"[christmas_photo_studio][blob][RGL-aniso_sari_silk_2color_rgb].png","[christmas_photo_studio][blob][RGL-aniso_sari_silk_2color_rgb].png","10"
"[christmas_photo_studio][blob][RGL-chm_orange_rgb].png","[christmas_photo_studio][blob][RGL-chm_orange_rgb].png","10"
"[christmas_photo_studio][blob][RGL-ilm_solo_m_68_rgb].png","[christmas_photo_studio][blob][RGL-ilm_solo_m_68_rgb].png","10"
"[christmas_photo_studio][blob][RGL-vch_frozen_amethyst_rgb].png","[christmas_photo_studio][blob][RGL-vch_frozen_amethyst_rgb].png","10"
"[christmas_photo_studio][blob][RGL-vch_golden_yellow_rgb].png","[christmas_photo_studio][blob][RGL-vch_golden_yellow_rgb].png","10"
"[christmas_photo_studio][blob][RGL-vch_silk_blue_rgb].png","[christmas_photo_studio][blob][RGL-vch_silk_blue_rgb].png","10"
"[christmas_photo_studio][blob][SVBRDF-Ceramic__0330_marble_wall_01].png","[christmas_photo_studio][blob][SVBRDF-Ceramic__0330_marble_wall_01].png","10"
"[christmas_photo_studio][blob][SVBRDF-Ceramic__0974_arcane_arabesque_patterns].png","[christmas_photo_studio][blob][SVBRDF-Ceramic__0974_arcane_arabesque_patterns].png","10"
"[christmas_photo_studio][blob][SVBRDF-Ceramic__cgbc_blue_tiles_001].png","[christmas_photo_studio][blob][SVBRDF-Ceramic__cgbc_blue_tiles_001].png","10"
"[christmas_photo_studio][blob][SVBRDF-Ceramic__tc_tiles_085].png","[christmas_photo_studio][blob][SVBRDF-Ceramic__tc_tiles_085].png","10"
"[christmas_photo_studio][blob][SVBRDF-Fabric__0265_fabric_padded_wall].png","[christmas_photo_studio][blob][SVBRDF-Fabric__0265_fabric_padded_wall].png","10"
"[christmas_photo_studio][blob][SVBRDF-Fabric__0266_fabric_padded_wall].png","[christmas_photo_studio][blob][SVBRDF-Fabric__0266_fabric_padded_wall].png","10"
"[christmas_photo_studio][blob][SVBRDF-Fabric__acg_fabric_058].png","[christmas_photo_studio][blob][SVBRDF-Fabric__acg_fabric_058].png","10"
"[christmas_photo_studio][blob][SVBRDF-Fabric__js_fabric_pattern_006].png","[christmas_photo_studio][blob][SVBRDF-Fabric__js_fabric_pattern_006].png","10"
"[christmas_photo_studio][blob][SVBRDF-Metal__0361_metal_brushed_copper].png","[christmas_photo_studio][blob][SVBRDF-Metal__0361_metal_brushed_copper].png","10"
"[christmas_photo_studio][blob][SVBRDF-Metal__acg_metal_016].png","[christmas_photo_studio][blob][SVBRDF-Metal__acg_metal_016].png","10"
"[christmas_photo_studio][blob][SVBRDF-Metal__cgbc_metal_weave_002].png","[christmas_photo_studio][blob][SVBRDF-Metal__cgbc_metal_weave_002].png","10"
"[christmas_photo_studio][bumpiness_high][MERL_EDIT-beige-fabric_diff_mix_grease-covered-steel_spec_hue_1_sat_1_spec_0].png","[christmas_photo_studio][bumpiness_high][MERL_EDIT-beige-fabric_diff_mix_grease-covered-steel_spec_hue_1_sat_1_spec_0].png","10"
"[christmas_photo_studio][bumpiness_high][MERL_EDIT-beige-fabric_diff_mix_grease-covered-steel_spec_hue_2_sat_0_spec_1].png","[christmas_photo_studio][bumpiness_high][MERL_EDIT-beige-fabric_diff_mix_grease-covered-steel_spec_hue_2_sat_0_spec_1].png","10"
"[christmas_photo_studio][bumpiness_high][MERL_EDIT-beige-fabric_diff_mix_grease-covered-steel_spec_hue_2_sat_1_spec_1].png","[christmas_photo_studio][bumpiness_high][MERL_EDIT-beige-fabric_diff_mix_grease-covered-steel_spec_hue_2_sat_1_spec_1].png","10"
"[christmas_photo_studio][bumpiness_high][MERL_EDIT-beige-fabric_diff_mix_natural-209_spec_hue_1_sat_0_spec_1].png","[christmas_photo_studio][bumpiness_high][MERL_EDIT-beige-fabric_diff_mix_natural-209_spec_hue_1_sat_0_spec_1].png","10"
"[christmas_photo_studio][bumpiness_high][MERL_EDIT-beige-fabric_diff_mix_polyethylene_spec_hue_3_black_spec_1].png","[christmas_photo_studio][bumpiness_high][MERL_EDIT-beige-fabric_diff_mix_polyethylene_spec_hue_3_black_spec_1].png","10"
"[christmas_photo_studio][bumpiness_high][MERL_EDIT-beige-fabric_diff_mix_silver-paint_spec_hue_2_sat_1_spec_1].png","[christmas_photo_studio][bumpiness_high][MERL_EDIT-beige-fabric_diff_mix_silver-paint_spec_hue_2_sat_1_spec_1].png","10"
"[christmas_photo_studio][bumpiness_high][MERL_EDIT-beige-fabric_diff_mix_silver-paint_spec_hue_3_black_spec_0].png","[christmas_photo_studio][bumpiness_high][MERL_EDIT-beige-fabric_diff_mix_silver-paint_spec_hue_3_black_spec_0].png","10"
"[christmas_photo_studio][bumpiness_high][MERL_EDIT-beige-fabric_diff_mix_silver-paint_spec_hue_3_black_spec_1].png","[christmas_photo_studio][bumpiness_high][MERL_EDIT-beige-fabric_diff_mix_silver-paint_spec_hue_3_black_spec_1].png","10"
"[christmas_photo_studio][bumpiness_high][MERL_EDIT-beige-fabric_diff_mix_silver-paint_spec_hue_3_black_spec_2].png","[christmas_photo_studio][bumpiness_high][MERL_EDIT-beige-fabric_diff_mix_silver-paint_spec_hue_3_black_spec_2].png","10"
"[christmas_photo_studio][bumpiness_high][MERL_EDIT-beige-fabric_diff_mix_white-paint_spec_hue_0_sat_1_spec_0].png","[christmas_photo_studio][bumpiness_high][MERL_EDIT-beige-fabric_diff_mix_white-paint_spec_hue_0_sat_1_spec_0].png","10"
"[christmas_photo_studio][bumpiness_high][MERL_EDIT-beige-fabric_hue_3_black_spec_0].png","[christmas_photo_studio][bumpiness_high][MERL_EDIT-beige-fabric_hue_3_black_spec_0].png","10"
"[christmas_photo_studio][bumpiness_high][MERL-alum-bronze].png","[christmas_photo_studio][bumpiness_high][MERL-alum-bronze].png","10"
"[christmas_photo_studio][bumpiness_high][MERL-alumina-oxide].png","[christmas_photo_studio][bumpiness_high][MERL-alumina-oxide].png","10"
"[christmas_photo_studio][bumpiness_high][MERL-aluminium].png","[christmas_photo_studio][bumpiness_high][MERL-aluminium].png","10"
"[christmas_photo_studio][bumpiness_high][MERL-beige-fabric].png","[christmas_photo_studio][bumpiness_high][MERL-beige-fabric].png","10"
"[christmas_photo_studio][bumpiness_high][MERL-black-fabric].png","[christmas_photo_studio][bumpiness_high][MERL-black-fabric].png","10"
"[christmas_photo_studio][bumpiness_high][MERL-chrome].png","[christmas_photo_studio][bumpiness_high][MERL-chrome].png","10"
"[christmas_photo_studio][bumpiness_high][MERL-gold-metallic-paint].png","[christmas_photo_studio][bumpiness_high][MERL-gold-metallic-paint].png","10"
"[christmas_photo_studio][bumpiness_high][MERL-gold-metallic-paint2].png","[christmas_photo_studio][bumpiness_high][MERL-gold-metallic-paint2].png","10"
"[christmas_photo_studio][bumpiness_high][MERL-gold-metallic-paint3].png","[christmas_photo_studio][bumpiness_high][MERL-gold-metallic-paint3].png","10"
"[christmas_photo_studio][bumpiness_high][MERL-green-plastic].png","[christmas_photo_studio][bumpiness_high][MERL-green-plastic].png","10"
"[christmas_photo_studio][bumpiness_high][MERL-light-brown-fabric].png","[christmas_photo_studio][bumpiness_high][MERL-light-brown-fabric].png","10"
"[christmas_photo_studio][bumpiness_high][MERL-pearl-paint].png","[christmas_photo_studio][bumpiness_high][MERL-pearl-paint].png","10"
"[christmas_photo_studio][bumpiness_high][MERL-polyurethane-foam].png","[christmas_photo_studio][bumpiness_high][MERL-polyurethane-foam].png","10"
"[christmas_photo_studio][bumpiness_high][MERL-red-metallic-paint].png","[christmas_photo_studio][bumpiness_high][MERL-red-metallic-paint].png","10"
"[christmas_photo_studio][bumpiness_high][MERL-silicon-nitrade].png","[christmas_photo_studio][bumpiness_high][MERL-silicon-nitrade].png","10"
"[christmas_photo_studio][bumpiness_high][MERL-silver-metallic-paint].png","[christmas_photo_studio][bumpiness_high][MERL-silver-metallic-paint].png","10"
"[christmas_photo_studio][bumpiness_high][MERL-silver-metallic-paint2].png","[christmas_photo_studio][bumpiness_high][MERL-silver-metallic-paint2].png","10"
"[christmas_photo_studio][bumpiness_high][MERL-specular-blue-phenolic].png","[christmas_photo_studio][bumpiness_high][MERL-specular-blue-phenolic].png","10"
"[christmas_photo_studio][bumpiness_high][MERL-specular-green-phenolic].png","[christmas_photo_studio][bumpiness_high][MERL-specular-green-phenolic].png","10"
"[christmas_photo_studio][bumpiness_high][MERL-specular-maroon-phenolic].png","[christmas_photo_studio][bumpiness_high][MERL-specular-maroon-phenolic].png","10"
"[christmas_photo_studio][bumpiness_high][MERL-specular-orange-phenolic].png","[christmas_photo_studio][bumpiness_high][MERL-specular-orange-phenolic].png","10"
"[christmas_photo_studio][bumpiness_high][MERL-specular-red-phenolic].png","[christmas_photo_studio][bumpiness_high][MERL-specular-red-phenolic].png","10"
"[christmas_photo_studio][bumpiness_high][MERL-specular-violet-phenolic].png","[christmas_photo_studio][bumpiness_high][MERL-specular-violet-phenolic].png","10"
"[christmas_photo_studio][bumpiness_high][MERL-specular-white-phenolic].png","[christmas_photo_studio][bumpiness_high][MERL-specular-white-phenolic].png","10"
"[christmas_photo_studio][bumpiness_high][MERL-specular-yellow-phenolic].png","[christmas_photo_studio][bumpiness_high][MERL-specular-yellow-phenolic].png","10"
"[christmas_photo_studio][bumpiness_high][MERL-steel].png","[christmas_photo_studio][bumpiness_high][MERL-steel].png","10"
"[christmas_photo_studio][bumpiness_high][MERL-tungsten-carbide].png","[christmas_photo_studio][bumpiness_high][MERL-tungsten-carbide].png","10"
"[christmas_photo_studio][bumpiness_high][MERL-two-layer-silver].png","[christmas_photo_studio][bumpiness_high][MERL-two-layer-silver].png","10"
"[christmas_photo_studio][bumpiness_high][MERL-white-acrylic].png","[christmas_photo_studio][bumpiness_high][MERL-white-acrylic].png","10"
"[christmas_photo_studio][bumpiness_high][MERL-yellow-phenolic].png","[christmas_photo_studio][bumpiness_high][MERL-yellow-phenolic].png","10"
"[christmas_photo_studio][bumpiness_high][RGL-aniso_copper_sheet_rgb].png","[christmas_photo_studio][bumpiness_high][RGL-aniso_copper_sheet_rgb].png","10"
"[christmas_photo_studio][bumpiness_high][RGL-aniso_miro_7_rgb].png","[christmas_photo_studio][bumpiness_high][RGL-aniso_miro_7_rgb].png","10"
"[christmas_photo_studio][bumpiness_high][RGL-aniso_sari_silk_2color_rgb].png","[christmas_photo_studio][bumpiness_high][RGL-aniso_sari_silk_2color_rgb].png","10"
"[christmas_photo_studio][bumpiness_high][RGL-chm_orange_rgb].png","[christmas_photo_studio][bumpiness_high][RGL-chm_orange_rgb].png","10"
"[christmas_photo_studio][bumpiness_high][RGL-ilm_solo_m_68_rgb].png","[christmas_photo_studio][bumpiness_high][RGL-ilm_solo_m_68_rgb].png","10"
"[christmas_photo_studio][bumpiness_high][RGL-vch_frozen_amethyst_rgb].png","[christmas_photo_studio][bumpiness_high][RGL-vch_frozen_amethyst_rgb].png","10"
"[christmas_photo_studio][bumpiness_high][RGL-vch_golden_yellow_rgb].png","[christmas_photo_studio][bumpiness_high][RGL-vch_golden_yellow_rgb].png","10"
"[christmas_photo_studio][bumpiness_high][RGL-vch_silk_blue_rgb].png","[christmas_photo_studio][bumpiness_high][RGL-vch_silk_blue_rgb].png","10"
"[christmas_photo_studio][bumpiness_high][SVBRDF-Ceramic__0330_marble_wall_01].png","[christmas_photo_studio][bumpiness_high][SVBRDF-Ceramic__0330_marble_wall_01].png","10"
"[christmas_photo_studio][bumpiness_high][SVBRDF-Ceramic__0974_arcane_arabesque_patterns].png","[christmas_photo_studio][bumpiness_high][SVBRDF-Ceramic__0974_arcane_arabesque_patterns].png","10"
"[christmas_photo_studio][bumpiness_high][SVBRDF-Ceramic__cgbc_blue_tiles_001].png","[christmas_photo_studio][bumpiness_high][SVBRDF-Ceramic__cgbc_blue_tiles_001].png","10"
"[christmas_photo_studio][bumpiness_high][SVBRDF-Ceramic__tc_tiles_085].png","[christmas_photo_studio][bumpiness_high][SVBRDF-Ceramic__tc_tiles_085].png","10"
"[christmas_photo_studio][bumpiness_high][SVBRDF-Fabric__0265_fabric_padded_wall].png","[christmas_photo_studio][bumpiness_high][SVBRDF-Fabric__0265_fabric_padded_wall].png","10"
"[christmas_photo_studio][bumpiness_high][SVBRDF-Fabric__0266_fabric_padded_wall].png","[christmas_photo_studio][bumpiness_high][SVBRDF-Fabric__0266_fabric_padded_wall].png","10"
"[christmas_photo_studio][bumpiness_high][SVBRDF-Fabric__acg_fabric_058].png","[christmas_photo_studio][bumpiness_high][SVBRDF-Fabric__acg_fabric_058].png","10"
"[christmas_photo_studio][bumpiness_high][SVBRDF-Fabric__js_fabric_pattern_006].png","[christmas_photo_studio][bumpiness_high][SVBRDF-Fabric__js_fabric_pattern_006].png","10"
"[christmas_photo_studio][bumpiness_high][SVBRDF-Metal__0361_metal_brushed_copper].png","[christmas_photo_studio][bumpiness_high][SVBRDF-Metal__0361_metal_brushed_copper].png","10"
"[christmas_photo_studio][bumpiness_high][SVBRDF-Metal__acg_metal_016].png","[christmas_photo_studio][bumpiness_high][SVBRDF-Metal__acg_metal_016].png","10"
"[christmas_photo_studio][bumpiness_high][SVBRDF-Metal__cgbc_metal_weave_002].png","[christmas_photo_studio][bumpiness_high][SVBRDF-Metal__cgbc_metal_weave_002].png","10"
"[christmas_photo_studio][bumpiness_low][MERL_EDIT-beige-fabric_diff_mix_grease-covered-steel_spec_hue_1_sat_1_spec_0].png","[christmas_photo_studio][bumpiness_low][MERL_EDIT-beige-fabric_diff_mix_grease-covered-steel_spec_hue_1_sat_1_spec_0].png","10"
"[christmas_photo_studio][bumpiness_low][MERL_EDIT-beige-fabric_diff_mix_grease-covered-steel_spec_hue_2_sat_0_spec_1].png","[christmas_photo_studio][bumpiness_low][MERL_EDIT-beige-fabric_diff_mix_grease-covered-steel_spec_hue_2_sat_0_spec_1].png","10"
"[christmas_photo_studio][bumpiness_low][MERL_EDIT-beige-fabric_diff_mix_grease-covered-steel_spec_hue_2_sat_1_spec_1].png","[christmas_photo_studio][bumpiness_low][MERL_EDIT-beige-fabric_diff_mix_grease-covered-steel_spec_hue_2_sat_1_spec_1].png","10"
"[christmas_photo_studio][bumpiness_low][MERL_EDIT-beige-fabric_diff_mix_natural-209_spec_hue_1_sat_0_spec_1].png","[christmas_photo_studio][bumpiness_low][MERL_EDIT-beige-fabric_diff_mix_natural-209_spec_hue_1_sat_0_spec_1].png","10"
"[christmas_photo_studio][bumpiness_low][MERL_EDIT-beige-fabric_diff_mix_polyethylene_spec_hue_3_black_spec_1].png","[christmas_photo_studio][bumpiness_low][MERL_EDIT-beige-fabric_diff_mix_polyethylene_spec_hue_3_black_spec_1].png","10"
"[christmas_photo_studio][bumpiness_low][MERL_EDIT-beige-fabric_diff_mix_silver-paint_spec_hue_2_sat_1_spec_1].png","[christmas_photo_studio][bumpiness_low][MERL_EDIT-beige-fabric_diff_mix_silver-paint_spec_hue_2_sat_1_spec_1].png","10"
"[christmas_photo_studio][bumpiness_low][MERL_EDIT-beige-fabric_diff_mix_silver-paint_spec_hue_3_black_spec_0].png","[christmas_photo_studio][bumpiness_low][MERL_EDIT-beige-fabric_diff_mix_silver-paint_spec_hue_3_black_spec_0].png","10"
"[christmas_photo_studio][bumpiness_low][MERL_EDIT-beige-fabric_diff_mix_silver-paint_spec_hue_3_black_spec_1].png","[christmas_photo_studio][bumpiness_low][MERL_EDIT-beige-fabric_diff_mix_silver-paint_spec_hue_3_black_spec_1].png","10"
"[christmas_photo_studio][bumpiness_low][MERL_EDIT-beige-fabric_diff_mix_silver-paint_spec_hue_3_black_spec_2].png","[christmas_photo_studio][bumpiness_low][MERL_EDIT-beige-fabric_diff_mix_silver-paint_spec_hue_3_black_spec_2].png","10"
"[christmas_photo_studio][bumpiness_low][MERL_EDIT-beige-fabric_diff_mix_white-paint_spec_hue_0_sat_1_spec_0].png","[christmas_photo_studio][bumpiness_low][MERL_EDIT-beige-fabric_diff_mix_white-paint_spec_hue_0_sat_1_spec_0].png","10"
"[christmas_photo_studio][bumpiness_low][MERL_EDIT-beige-fabric_hue_3_black_spec_0].png","[christmas_photo_studio][bumpiness_low][MERL_EDIT-beige-fabric_hue_3_black_spec_0].png","10"
"[christmas_photo_studio][bumpiness_low][MERL-alum-bronze].png","[christmas_photo_studio][bumpiness_low][MERL-alum-bronze].png","10"
"[christmas_photo_studio][bumpiness_low][MERL-alumina-oxide].png","[christmas_photo_studio][bumpiness_low][MERL-alumina-oxide].png","10"
"[christmas_photo_studio][bumpiness_low][MERL-aluminium].png","[christmas_photo_studio][bumpiness_low][MERL-aluminium].png","10"
"[christmas_photo_studio][bumpiness_low][MERL-beige-fabric].png","[christmas_photo_studio][bumpiness_low][MERL-beige-fabric].png","10"
"[christmas_photo_studio][bumpiness_low][MERL-black-fabric].png","[christmas_photo_studio][bumpiness_low][MERL-black-fabric].png","10"
"[christmas_photo_studio][bumpiness_low][MERL-chrome].png","[christmas_photo_studio][bumpiness_low][MERL-chrome].png","10"
"[christmas_photo_studio][bumpiness_low][MERL-gold-metallic-paint].png","[christmas_photo_studio][bumpiness_low][MERL-gold-metallic-paint].png","10"
"[christmas_photo_studio][bumpiness_low][MERL-gold-metallic-paint2].png","[christmas_photo_studio][bumpiness_low][MERL-gold-metallic-paint2].png","10"
"[christmas_photo_studio][bumpiness_low][MERL-gold-metallic-paint3].png","[christmas_photo_studio][bumpiness_low][MERL-gold-metallic-paint3].png","10"
"[christmas_photo_studio][bumpiness_low][MERL-green-plastic].png","[christmas_photo_studio][bumpiness_low][MERL-green-plastic].png","10"
"[christmas_photo_studio][bumpiness_low][MERL-light-brown-fabric].png","[christmas_photo_studio][bumpiness_low][MERL-light-brown-fabric].png","10"
"[christmas_photo_studio][bumpiness_low][MERL-pearl-paint].png","[christmas_photo_studio][bumpiness_low][MERL-pearl-paint].png","10"
"[christmas_photo_studio][bumpiness_low][MERL-polyurethane-foam].png","[christmas_photo_studio][bumpiness_low][MERL-polyurethane-foam].png","10"
"[christmas_photo_studio][bumpiness_low][MERL-red-metallic-paint].png","[christmas_photo_studio][bumpiness_low][MERL-red-metallic-paint].png","10"
"[christmas_photo_studio][bumpiness_low][MERL-silicon-nitrade].png","[christmas_photo_studio][bumpiness_low][MERL-silicon-nitrade].png","10"
"[christmas_photo_studio][bumpiness_low][MERL-silver-metallic-paint].png","[christmas_photo_studio][bumpiness_low][MERL-silver-metallic-paint].png","10"
"[christmas_photo_studio][bumpiness_low][MERL-silver-metallic-paint2].png","[christmas_photo_studio][bumpiness_low][MERL-silver-metallic-paint2].png","10"
"[christmas_photo_studio][bumpiness_low][MERL-specular-blue-phenolic].png","[christmas_photo_studio][bumpiness_low][MERL-specular-blue-phenolic].png","10"
"[christmas_photo_studio][bumpiness_low][MERL-specular-green-phenolic].png","[christmas_photo_studio][bumpiness_low][MERL-specular-green-phenolic].png","10"
"[christmas_photo_studio][bumpiness_low][MERL-specular-maroon-phenolic].png","[christmas_photo_studio][bumpiness_low][MERL-specular-maroon-phenolic].png","10"
"[christmas_photo_studio][bumpiness_low][MERL-specular-orange-phenolic].png","[christmas_photo_studio][bumpiness_low][MERL-specular-orange-phenolic].png","10"
"[christmas_photo_studio][bumpiness_low][MERL-specular-red-phenolic].png","[christmas_photo_studio][bumpiness_low][MERL-specular-red-phenolic].png","10"
"[christmas_photo_studio][bumpiness_low][MERL-specular-violet-phenolic].png","[christmas_photo_studio][bumpiness_low][MERL-specular-violet-phenolic].png","10"
"[christmas_photo_studio][bumpiness_low][MERL-specular-white-phenolic].png","[christmas_photo_studio][bumpiness_low][MERL-specular-white-phenolic].png","10"
"[christmas_photo_studio][bumpiness_low][MERL-specular-yellow-phenolic].png","[christmas_photo_studio][bumpiness_low][MERL-specular-yellow-phenolic].png","10"
"[christmas_photo_studio][bumpiness_low][MERL-steel].png","[christmas_photo_studio][bumpiness_low][MERL-steel].png","10"
"[christmas_photo_studio][bumpiness_low][MERL-tungsten-carbide].png","[christmas_photo_studio][bumpiness_low][MERL-tungsten-carbide].png","10"
"[christmas_photo_studio][bumpiness_low][MERL-two-layer-silver].png","[christmas_photo_studio][bumpiness_low][MERL-two-layer-silver].png","10"
"[christmas_photo_studio][bumpiness_low][MERL-white-acrylic].png","[christmas_photo_studio][bumpiness_low][MERL-white-acrylic].png","10"
"[christmas_photo_studio][bumpiness_low][MERL-yellow-phenolic].png","[christmas_photo_studio][bumpiness_low][MERL-yellow-phenolic].png","10"
"[christmas_photo_studio][bumpiness_low][RGL-aniso_copper_sheet_rgb].png","[christmas_photo_studio][bumpiness_low][RGL-aniso_copper_sheet_rgb].png","10"
"[christmas_photo_studio][bumpiness_low][RGL-aniso_miro_7_rgb].png","[christmas_photo_studio][bumpiness_low][RGL-aniso_miro_7_rgb].png","10"
"[christmas_photo_studio][bumpiness_low][RGL-aniso_sari_silk_2color_rgb].png","[christmas_photo_studio][bumpiness_low][RGL-aniso_sari_silk_2color_rgb].png","10"
"[christmas_photo_studio][bumpiness_low][RGL-chm_orange_rgb].png","[christmas_photo_studio][bumpiness_low][RGL-chm_orange_rgb].png","10"
"[christmas_photo_studio][bumpiness_low][RGL-ilm_solo_m_68_rgb].png","[christmas_photo_studio][bumpiness_low][RGL-ilm_solo_m_68_rgb].png","10"
"[christmas_photo_studio][bumpiness_low][RGL-vch_frozen_amethyst_rgb].png","[christmas_photo_studio][bumpiness_low][RGL-vch_frozen_amethyst_rgb].png","10"
"[christmas_photo_studio][bumpiness_low][RGL-vch_golden_yellow_rgb].png","[christmas_photo_studio][bumpiness_low][RGL-vch_golden_yellow_rgb].png","10"
"[christmas_photo_studio][bumpiness_low][RGL-vch_silk_blue_rgb].png","[christmas_photo_studio][bumpiness_low][RGL-vch_silk_blue_rgb].png","10"
"[christmas_photo_studio][bumpiness_low][SVBRDF-Ceramic__0330_marble_wall_01].png","[christmas_photo_studio][bumpiness_low][SVBRDF-Ceramic__0330_marble_wall_01].png","10"
"[christmas_photo_studio][bumpiness_low][SVBRDF-Ceramic__0974_arcane_arabesque_patterns].png","[christmas_photo_studio][bumpiness_low][SVBRDF-Ceramic__0974_arcane_arabesque_patterns].png","10"
"[christmas_photo_studio][bumpiness_low][SVBRDF-Ceramic__cgbc_blue_tiles_001].png","[christmas_photo_studio][bumpiness_low][SVBRDF-Ceramic__cgbc_blue_tiles_001].png","10"
"[christmas_photo_studio][bumpiness_low][SVBRDF-Ceramic__tc_tiles_085].png","[christmas_photo_studio][bumpiness_low][SVBRDF-Ceramic__tc_tiles_085].png","10"
"[christmas_photo_studio][bumpiness_low][SVBRDF-Fabric__0265_fabric_padded_wall].png","[christmas_photo_studio][bumpiness_low][SVBRDF-Fabric__0265_fabric_padded_wall].png","10"
"[christmas_photo_studio][bumpiness_low][SVBRDF-Fabric__0266_fabric_padded_wall].png","[christmas_photo_studio][bumpiness_low][SVBRDF-Fabric__0266_fabric_padded_wall].png","10"
"[christmas_photo_studio][bumpiness_low][SVBRDF-Fabric__acg_fabric_058].png","[christmas_photo_studio][bumpiness_low][SVBRDF-Fabric__acg_fabric_058].png","10"
"[christmas_photo_studio][bumpiness_low][SVBRDF-Fabric__js_fabric_pattern_006].png","[christmas_photo_studio][bumpiness_low][SVBRDF-Fabric__js_fabric_pattern_006].png","10"
"[christmas_photo_studio][bumpiness_low][SVBRDF-Metal__0361_metal_brushed_copper].png","[christmas_photo_studio][bumpiness_low][SVBRDF-Metal__0361_metal_brushed_copper].png","10"
"[christmas_photo_studio][bumpiness_low][SVBRDF-Metal__acg_metal_016].png","[christmas_photo_studio][bumpiness_low][SVBRDF-Metal__acg_metal_016].png","10"
"[christmas_photo_studio][bumpiness_low][SVBRDF-Metal__cgbc_metal_weave_002].png","[christmas_photo_studio][bumpiness_low][SVBRDF-Metal__cgbc_metal_weave_002].png","10"
"[christmas_photo_studio][bumpiness_very_high][MERL_EDIT-beige-fabric_diff_mix_grease-covered-steel_spec_hue_1_sat_1_spec_0].png","[christmas_photo_studio][bumpiness_very_high][MERL_EDIT-beige-fabric_diff_mix_grease-covered-steel_spec_hue_1_sat_1_spec_0].png","10"
"[christmas_photo_studio][bumpiness_very_high][MERL_EDIT-beige-fabric_diff_mix_grease-covered-steel_spec_hue_2_sat_0_spec_1].png","[christmas_photo_studio][bumpiness_very_high][MERL_EDIT-beige-fabric_diff_mix_grease-covered-steel_spec_hue_2_sat_0_spec_1].png","10"
"[christmas_photo_studio][bumpiness_very_high][MERL_EDIT-beige-fabric_diff_mix_grease-covered-steel_spec_hue_2_sat_1_spec_1].png","[christmas_photo_studio][bumpiness_very_high][MERL_EDIT-beige-fabric_diff_mix_grease-covered-steel_spec_hue_2_sat_1_spec_1].png","10"
"[christmas_photo_studio][bumpiness_very_high][MERL_EDIT-beige-fabric_diff_mix_natural-209_spec_hue_1_sat_0_spec_1].png","[christmas_photo_studio][bumpiness_very_high][MERL_EDIT-beige-fabric_diff_mix_natural-209_spec_hue_1_sat_0_spec_1].png","10"
"[christmas_photo_studio][bumpiness_very_high][MERL_EDIT-beige-fabric_diff_mix_polyethylene_spec_hue_3_black_spec_1].png","[christmas_photo_studio][bumpiness_very_high][MERL_EDIT-beige-fabric_diff_mix_polyethylene_spec_hue_3_black_spec_1].png","10"
"[christmas_photo_studio][bumpiness_very_high][MERL_EDIT-beige-fabric_diff_mix_silver-paint_spec_hue_2_sat_1_spec_1].png","[christmas_photo_studio][bumpiness_very_high][MERL_EDIT-beige-fabric_diff_mix_silver-paint_spec_hue_2_sat_1_spec_1].png","10"
"[christmas_photo_studio][bumpiness_very_high][MERL_EDIT-beige-fabric_diff_mix_silver-paint_spec_hue_3_black_spec_0].png","[christmas_photo_studio][bumpiness_very_high][MERL_EDIT-beige-fabric_diff_mix_silver-paint_spec_hue_3_black_spec_0].png","10"
"[christmas_photo_studio][bumpiness_very_high][MERL_EDIT-beige-fabric_diff_mix_silver-paint_spec_hue_3_black_spec_1].png","[christmas_photo_studio][bumpiness_very_high][MERL_EDIT-beige-fabric_diff_mix_silver-paint_spec_hue_3_black_spec_1].png","10"
"[christmas_photo_studio][bumpiness_very_high][MERL_EDIT-beige-fabric_diff_mix_silver-paint_spec_hue_3_black_spec_2].png","[christmas_photo_studio][bumpiness_very_high][MERL_EDIT-beige-fabric_diff_mix_silver-paint_spec_hue_3_black_spec_2].png","10"
"[christmas_photo_studio][bumpiness_very_high][MERL_EDIT-beige-fabric_diff_mix_white-paint_spec_hue_0_sat_1_spec_0].png","[christmas_photo_studio][bumpiness_very_high][MERL_EDIT-beige-fabric_diff_mix_white-paint_spec_hue_0_sat_1_spec_0].png","10"
"[christmas_photo_studio][bumpiness_very_high][MERL_EDIT-beige-fabric_hue_3_black_spec_0].png","[christmas_photo_studio][bumpiness_very_high][MERL_EDIT-beige-fabric_hue_3_black_spec_0].png","10"
"[christmas_photo_studio][bumpiness_very_high][MERL-alum-bronze].png","[christmas_photo_studio][bumpiness_very_high][MERL-alum-bronze].png","10"
"[christmas_photo_studio][bumpiness_very_high][MERL-alumina-oxide].png","[christmas_photo_studio][bumpiness_very_high][MERL-alumina-oxide].png","10"
"[christmas_photo_studio][bumpiness_very_high][MERL-aluminium].png","[christmas_photo_studio][bumpiness_very_high][MERL-aluminium].png","10"
"[christmas_photo_studio][bumpiness_very_high][MERL-beige-fabric].png","[christmas_photo_studio][bumpiness_very_high][MERL-beige-fabric].png","10"
"[christmas_photo_studio][bumpiness_very_high][MERL-black-fabric].png","[christmas_photo_studio][bumpiness_very_high][MERL-black-fabric].png","10"
"[christmas_photo_studio][bumpiness_very_high][MERL-chrome].png","[christmas_photo_studio][bumpiness_very_high][MERL-chrome].png","10"
"[christmas_photo_studio][bumpiness_very_high][MERL-gold-metallic-paint].png","[christmas_photo_studio][bumpiness_very_high][MERL-gold-metallic-paint].png","10"
"[christmas_photo_studio][bumpiness_very_high][MERL-gold-metallic-paint2].png","[christmas_photo_studio][bumpiness_very_high][MERL-gold-metallic-paint2].png","10"
"[christmas_photo_studio][bumpiness_very_high][MERL-gold-metallic-paint3].png","[christmas_photo_studio][bumpiness_very_high][MERL-gold-metallic-paint3].png","10"
"[christmas_photo_studio][bumpiness_very_high][MERL-green-plastic].png","[christmas_photo_studio][bumpiness_very_high][MERL-green-plastic].png","10"
"[christmas_photo_studio][bumpiness_very_high][MERL-light-brown-fabric].png","[christmas_photo_studio][bumpiness_very_high][MERL-light-brown-fabric].png","10"
"[christmas_photo_studio][bumpiness_very_high][MERL-pearl-paint].png","[christmas_photo_studio][bumpiness_very_high][MERL-pearl-paint].png","10"
"[christmas_photo_studio][bumpiness_very_high][MERL-polyurethane-foam].png","[christmas_photo_studio][bumpiness_very_high][MERL-polyurethane-foam].png","10"
"[christmas_photo_studio][bumpiness_very_high][MERL-red-metallic-paint].png","[christmas_photo_studio][bumpiness_very_high][MERL-red-metallic-paint].png","10"
"[christmas_photo_studio][bumpiness_very_high][MERL-silicon-nitrade].png","[christmas_photo_studio][bumpiness_very_high][MERL-silicon-nitrade].png","10"
"[christmas_photo_studio][bumpiness_very_high][MERL-silver-metallic-paint].png","[christmas_photo_studio][bumpiness_very_high][MERL-silver-metallic-paint].png","10"
"[christmas_photo_studio][bumpiness_very_high][MERL-silver-metallic-paint2].png","[christmas_photo_studio][bumpiness_very_high][MERL-silver-metallic-paint2].png","10"
"[christmas_photo_studio][bumpiness_very_high][MERL-specular-blue-phenolic].png","[christmas_photo_studio][bumpiness_very_high][MERL-specular-blue-phenolic].png","10"
"[christmas_photo_studio][bumpiness_very_high][MERL-specular-green-phenolic].png","[christmas_photo_studio][bumpiness_very_high][MERL-specular-green-phenolic].png","10"
"[christmas_photo_studio][bumpiness_very_high][MERL-specular-maroon-phenolic].png","[christmas_photo_studio][bumpiness_very_high][MERL-specular-maroon-phenolic].png","10"
"[christmas_photo_studio][bumpiness_very_high][MERL-specular-orange-phenolic].png","[christmas_photo_studio][bumpiness_very_high][MERL-specular-orange-phenolic].png","10"
"[christmas_photo_studio][bumpiness_very_high][MERL-specular-red-phenolic].png","[christmas_photo_studio][bumpiness_very_high][MERL-specular-red-phenolic].png","10"
"[christmas_photo_studio][bumpiness_very_high][MERL-specular-violet-phenolic].png","[christmas_photo_studio][bumpiness_very_high][MERL-specular-violet-phenolic].png","10"
"[christmas_photo_studio][bumpiness_very_high][MERL-specular-white-phenolic].png","[christmas_photo_studio][bumpiness_very_high][MERL-specular-white-phenolic].png","10"
"[christmas_photo_studio][bumpiness_very_high][MERL-specular-yellow-phenolic].png","[christmas_photo_studio][bumpiness_very_high][MERL-specular-yellow-phenolic].png","10"
"[christmas_photo_studio][bumpiness_very_high][MERL-steel].png","[christmas_photo_studio][bumpiness_very_high][MERL-steel].png","10"
"[christmas_photo_studio][bumpiness_very_high][MERL-tungsten-carbide].png","[christmas_photo_studio][bumpiness_very_high][MERL-tungsten-carbide].png","10"
"[christmas_photo_studio][bumpiness_very_high][MERL-two-layer-silver].png","[christmas_photo_studio][bumpiness_very_high][MERL-two-layer-silver].png","10"
"[christmas_photo_studio][bumpiness_very_high][MERL-white-acrylic].png","[christmas_photo_studio][bumpiness_very_high][MERL-white-acrylic].png","10"
"[christmas_photo_studio][bumpiness_very_high][MERL-yellow-phenolic].png","[christmas_photo_studio][bumpiness_very_high][MERL-yellow-phenolic].png","10"
"[christmas_photo_studio][bumpiness_very_high][RGL-aniso_copper_sheet_rgb].png","[christmas_photo_studio][bumpiness_very_high][RGL-aniso_copper_sheet_rgb].png","10"
"[christmas_photo_studio][bumpiness_very_high][RGL-aniso_miro_7_rgb].png","[christmas_photo_studio][bumpiness_very_high][RGL-aniso_miro_7_rgb].png","10"
"[christmas_photo_studio][bumpiness_very_high][RGL-aniso_sari_silk_2color_rgb].png","[christmas_photo_studio][bumpiness_very_high][RGL-aniso_sari_silk_2color_rgb].png","10"
"[christmas_photo_studio][bumpiness_very_high][RGL-chm_orange_rgb].png","[christmas_photo_studio][bumpiness_very_high][RGL-chm_orange_rgb].png","10"
"[christmas_photo_studio][bumpiness_very_high][RGL-ilm_solo_m_68_rgb].png","[christmas_photo_studio][bumpiness_very_high][RGL-ilm_solo_m_68_rgb].png","10"
"[christmas_photo_studio][bumpiness_very_high][RGL-vch_frozen_amethyst_rgb].png","[christmas_photo_studio][bumpiness_very_high][RGL-vch_frozen_amethyst_rgb].png","10"
"[christmas_photo_studio][bumpiness_very_high][RGL-vch_golden_yellow_rgb].png","[christmas_photo_studio][bumpiness_very_high][RGL-vch_golden_yellow_rgb].png","10"
"[christmas_photo_studio][bumpiness_very_high][RGL-vch_silk_blue_rgb].png","[christmas_photo_studio][bumpiness_very_high][RGL-vch_silk_blue_rgb].png","10"
"[christmas_photo_studio][bumpiness_very_high][SVBRDF-Ceramic__0330_marble_wall_01].png","[christmas_photo_studio][bumpiness_very_high][SVBRDF-Ceramic__0330_marble_wall_01].png","10"
"[christmas_photo_studio][bumpiness_very_high][SVBRDF-Ceramic__0974_arcane_arabesque_patterns].png","[christmas_photo_studio][bumpiness_very_high][SVBRDF-Ceramic__0974_arcane_arabesque_patterns].png","10"
"[christmas_photo_studio][bumpiness_very_high][SVBRDF-Ceramic__cgbc_blue_tiles_001].png","[christmas_photo_studio][bumpiness_very_high][SVBRDF-Ceramic__cgbc_blue_tiles_001].png","10"
"[christmas_photo_studio][bumpiness_very_high][SVBRDF-Ceramic__tc_tiles_085].png","[christmas_photo_studio][bumpiness_very_high][SVBRDF-Ceramic__tc_tiles_085].png","10"
"[christmas_photo_studio][bumpiness_very_high][SVBRDF-Fabric__0265_fabric_padded_wall].png","[christmas_photo_studio][bumpiness_very_high][SVBRDF-Fabric__0265_fabric_padded_wall].png","10"
"[christmas_photo_studio][bumpiness_very_high][SVBRDF-Fabric__0266_fabric_padded_wall].png","[christmas_photo_studio][bumpiness_very_high][SVBRDF-Fabric__0266_fabric_padded_wall].png","10"
"[christmas_photo_studio][bumpiness_very_high][SVBRDF-Fabric__acg_fabric_058].png","[christmas_photo_studio][bumpiness_very_high][SVBRDF-Fabric__acg_fabric_058].png","10"
"[christmas_photo_studio][bumpiness_very_high][SVBRDF-Fabric__js_fabric_pattern_006].png","[christmas_photo_studio][bumpiness_very_high][SVBRDF-Fabric__js_fabric_pattern_006].png","10"
"[christmas_photo_studio][bumpiness_very_high][SVBRDF-Metal__0361_metal_brushed_copper].png","[christmas_photo_studio][bumpiness_very_high][SVBRDF-Metal__0361_metal_brushed_copper].png","10"
"[christmas_photo_studio][bumpiness_very_high][SVBRDF-Metal__acg_metal_016].png","[christmas_photo_studio][bumpiness_very_high][SVBRDF-Metal__acg_metal_016].png","10"
"[christmas_photo_studio][bumpiness_very_high][SVBRDF-Metal__cgbc_metal_weave_002].png","[christmas_photo_studio][bumpiness_very_high][SVBRDF-Metal__cgbc_metal_weave_002].png","10"
"[christmas_photo_studio][ridges_high_frequency][MERL_EDIT-beige-fabric_diff_mix_grease-covered-steel_spec_hue_1_sat_1_spec_0].png","[christmas_photo_studio][ridges_high_frequency][MERL_EDIT-beige-fabric_diff_mix_grease-covered-steel_spec_hue_1_sat_1_spec_0].png","10"
"[christmas_photo_studio][ridges_high_frequency][MERL_EDIT-beige-fabric_diff_mix_grease-covered-steel_spec_hue_2_sat_0_spec_1].png","[christmas_photo_studio][ridges_high_frequency][MERL_EDIT-beige-fabric_diff_mix_grease-covered-steel_spec_hue_2_sat_0_spec_1].png","10"
"[christmas_photo_studio][ridges_high_frequency][MERL_EDIT-beige-fabric_diff_mix_grease-covered-steel_spec_hue_2_sat_1_spec_1].png","[christmas_photo_studio][ridges_high_frequency][MERL_EDIT-beige-fabric_diff_mix_grease-covered-steel_spec_hue_2_sat_1_spec_1].png","10"
"[christmas_photo_studio][ridges_high_frequency][MERL_EDIT-beige-fabric_diff_mix_natural-209_spec_hue_1_sat_0_spec_1].png","[christmas_photo_studio][ridges_high_frequency][MERL_EDIT-beige-fabric_diff_mix_natural-209_spec_hue_1_sat_0_spec_1].png","10"
"[christmas_photo_studio][ridges_high_frequency][MERL_EDIT-beige-fabric_diff_mix_polyethylene_spec_hue_3_black_spec_1].png","[christmas_photo_studio][ridges_high_frequency][MERL_EDIT-beige-fabric_diff_mix_polyethylene_spec_hue_3_black_spec_1].png","10"
"[christmas_photo_studio][ridges_high_frequency][MERL_EDIT-beige-fabric_diff_mix_silver-paint_spec_hue_2_sat_1_spec_1].png","[christmas_photo_studio][ridges_high_frequency][MERL_EDIT-beige-fabric_diff_mix_silver-paint_spec_hue_2_sat_1_spec_1].png","10"
"[christmas_photo_studio][ridges_high_frequency][MERL_EDIT-beige-fabric_diff_mix_silver-paint_spec_hue_3_black_spec_0].png","[christmas_photo_studio][ridges_high_frequency][MERL_EDIT-beige-fabric_diff_mix_silver-paint_spec_hue_3_black_spec_0].png","10"
"[christmas_photo_studio][ridges_high_frequency][MERL_EDIT-beige-fabric_diff_mix_silver-paint_spec_hue_3_black_spec_1].png","[christmas_photo_studio][ridges_high_frequency][MERL_EDIT-beige-fabric_diff_mix_silver-paint_spec_hue_3_black_spec_1].png","10"
"[christmas_photo_studio][ridges_high_frequency][MERL_EDIT-beige-fabric_diff_mix_silver-paint_spec_hue_3_black_spec_2].png","[christmas_photo_studio][ridges_high_frequency][MERL_EDIT-beige-fabric_diff_mix_silver-paint_spec_hue_3_black_spec_2].png","10"
"[christmas_photo_studio][ridges_high_frequency][MERL_EDIT-beige-fabric_diff_mix_white-paint_spec_hue_0_sat_1_spec_0].png","[christmas_photo_studio][ridges_high_frequency][MERL_EDIT-beige-fabric_diff_mix_white-paint_spec_hue_0_sat_1_spec_0].png","10"
"[christmas_photo_studio][ridges_high_frequency][MERL_EDIT-beige-fabric_hue_3_black_spec_0].png","[christmas_photo_studio][ridges_high_frequency][MERL_EDIT-beige-fabric_hue_3_black_spec_0].png","10"
"[christmas_photo_studio][ridges_high_frequency][MERL-alum-bronze].png","[christmas_photo_studio][ridges_high_frequency][MERL-alum-bronze].png","10"
"[christmas_photo_studio][ridges_high_frequency][MERL-alumina-oxide].png","[christmas_photo_studio][ridges_high_frequency][MERL-alumina-oxide].png","10"
"[christmas_photo_studio][ridges_high_frequency][MERL-aluminium].png","[christmas_photo_studio][ridges_high_frequency][MERL-aluminium].png","10"
"[christmas_photo_studio][ridges_high_frequency][MERL-beige-fabric].png","[christmas_photo_studio][ridges_high_frequency][MERL-beige-fabric].png","10"
"[christmas_photo_studio][ridges_high_frequency][MERL-black-fabric].png","[christmas_photo_studio][ridges_high_frequency][MERL-black-fabric].png","10"
"[christmas_photo_studio][ridges_high_frequency][MERL-chrome].png","[christmas_photo_studio][ridges_high_frequency][MERL-chrome].png","10"
"[christmas_photo_studio][ridges_high_frequency][MERL-gold-metallic-paint].png","[christmas_photo_studio][ridges_high_frequency][MERL-gold-metallic-paint].png","10"
"[christmas_photo_studio][ridges_high_frequency][MERL-gold-metallic-paint2].png","[christmas_photo_studio][ridges_high_frequency][MERL-gold-metallic-paint2].png","10"
"[christmas_photo_studio][ridges_high_frequency][MERL-gold-metallic-paint3].png","[christmas_photo_studio][ridges_high_frequency][MERL-gold-metallic-paint3].png","10"
"[christmas_photo_studio][ridges_high_frequency][MERL-green-plastic].png","[christmas_photo_studio][ridges_high_frequency][MERL-green-plastic].png","10"
"[christmas_photo_studio][ridges_high_frequency][MERL-light-brown-fabric].png","[christmas_photo_studio][ridges_high_frequency][MERL-light-brown-fabric].png","10"
"[christmas_photo_studio][ridges_high_frequency][MERL-pearl-paint].png","[christmas_photo_studio][ridges_high_frequency][MERL-pearl-paint].png","10"
"[christmas_photo_studio][ridges_high_frequency][MERL-polyurethane-foam].png","[christmas_photo_studio][ridges_high_frequency][MERL-polyurethane-foam].png","10"
"[christmas_photo_studio][ridges_high_frequency][MERL-red-metallic-paint].png","[christmas_photo_studio][ridges_high_frequency][MERL-red-metallic-paint].png","10"
"[christmas_photo_studio][ridges_high_frequency][MERL-silicon-nitrade].png","[christmas_photo_studio][ridges_high_frequency][MERL-silicon-nitrade].png","10"
"[christmas_photo_studio][ridges_high_frequency][MERL-silver-metallic-paint].png","[christmas_photo_studio][ridges_high_frequency][MERL-silver-metallic-paint].png","10"
"[christmas_photo_studio][ridges_high_frequency][MERL-silver-metallic-paint2].png","[christmas_photo_studio][ridges_high_frequency][MERL-silver-metallic-paint2].png","10"
"[christmas_photo_studio][ridges_high_frequency][MERL-specular-blue-phenolic].png","[christmas_photo_studio][ridges_high_frequency][MERL-specular-blue-phenolic].png","10"
"[christmas_photo_studio][ridges_high_frequency][MERL-specular-green-phenolic].png","[christmas_photo_studio][ridges_high_frequency][MERL-specular-green-phenolic].png","10"
"[christmas_photo_studio][ridges_high_frequency][MERL-specular-maroon-phenolic].png","[christmas_photo_studio][ridges_high_frequency][MERL-specular-maroon-phenolic].png","10"
"[christmas_photo_studio][ridges_high_frequency][MERL-specular-orange-phenolic].png","[christmas_photo_studio][ridges_high_frequency][MERL-specular-orange-phenolic].png","10"
"[christmas_photo_studio][ridges_high_frequency][MERL-specular-red-phenolic].png","[christmas_photo_studio][ridges_high_frequency][MERL-specular-red-phenolic].png","10"
"[christmas_photo_studio][ridges_high_frequency][MERL-specular-violet-phenolic].png","[christmas_photo_studio][ridges_high_frequency][MERL-specular-violet-phenolic].png","10"
"[christmas_photo_studio][ridges_high_frequency][MERL-specular-white-phenolic].png","[christmas_photo_studio][ridges_high_frequency][MERL-specular-white-phenolic].png","10"
"[christmas_photo_studio][ridges_high_frequency][MERL-specular-yellow-phenolic].png","[christmas_photo_studio][ridges_high_frequency][MERL-specular-yellow-phenolic].png","10"
"[christmas_photo_studio][ridges_high_frequency][MERL-steel].png","[christmas_photo_studio][ridges_high_frequency][MERL-steel].png","10"
"[christmas_photo_studio][ridges_high_frequency][MERL-tungsten-carbide].png","[christmas_photo_studio][ridges_high_frequency][MERL-tungsten-carbide].png","10"
"[christmas_photo_studio][ridges_high_frequency][MERL-two-layer-silver].png","[christmas_photo_studio][ridges_high_frequency][MERL-two-layer-silver].png","10"
"[christmas_photo_studio][ridges_high_frequency][MERL-white-acrylic].png","[christmas_photo_studio][ridges_high_frequency][MERL-white-acrylic].png","10"
"[christmas_photo_studio][ridges_high_frequency][MERL-yellow-phenolic].png","[christmas_photo_studio][ridges_high_frequency][MERL-yellow-phenolic].png","10"
"[christmas_photo_studio][ridges_high_frequency][RGL-aniso_copper_sheet_rgb].png","[christmas_photo_studio][ridges_high_frequency][RGL-aniso_copper_sheet_rgb].png","10"
"[christmas_photo_studio][ridges_high_frequency][RGL-aniso_miro_7_rgb].png","[christmas_photo_studio][ridges_high_frequency][RGL-aniso_miro_7_rgb].png","10"
"[christmas_photo_studio][ridges_high_frequency][RGL-aniso_sari_silk_2color_rgb].png","[christmas_photo_studio][ridges_high_frequency][RGL-aniso_sari_silk_2color_rgb].png","10"
"[christmas_photo_studio][ridges_high_frequency][RGL-chm_orange_rgb].png","[christmas_photo_studio][ridges_high_frequency][RGL-chm_orange_rgb].png","10"
"[christmas_photo_studio][ridges_high_frequency][RGL-ilm_solo_m_68_rgb].png","[christmas_photo_studio][ridges_high_frequency][RGL-ilm_solo_m_68_rgb].png","10"
"[christmas_photo_studio][ridges_high_frequency][RGL-vch_frozen_amethyst_rgb].png","[christmas_photo_studio][ridges_high_frequency][RGL-vch_frozen_amethyst_rgb].png","10"
"[christmas_photo_studio][ridges_high_frequency][RGL-vch_golden_yellow_rgb].png","[christmas_photo_studio][ridges_high_frequency][RGL-vch_golden_yellow_rgb].png","10"
"[christmas_photo_studio][ridges_high_frequency][RGL-vch_silk_blue_rgb].png","[christmas_photo_studio][ridges_high_frequency][RGL-vch_silk_blue_rgb].png","10"
"[christmas_photo_studio][ridges_high_frequency][SVBRDF-Ceramic__0330_marble_wall_01].png","[christmas_photo_studio][ridges_high_frequency][SVBRDF-Ceramic__0330_marble_wall_01].png","10"
"[christmas_photo_studio][ridges_high_frequency][SVBRDF-Ceramic__0974_arcane_arabesque_patterns].png","[christmas_photo_studio][ridges_high_frequency][SVBRDF-Ceramic__0974_arcane_arabesque_patterns].png","10"
"[christmas_photo_studio][ridges_high_frequency][SVBRDF-Ceramic__cgbc_blue_tiles_001].png","[christmas_photo_studio][ridges_high_frequency][SVBRDF-Ceramic__cgbc_blue_tiles_001].png","10"
"[christmas_photo_studio][ridges_high_frequency][SVBRDF-Ceramic__tc_tiles_085].png","[christmas_photo_studio][ridges_high_frequency][SVBRDF-Ceramic__tc_tiles_085].png","10"
"[christmas_photo_studio][ridges_high_frequency][SVBRDF-Fabric__0265_fabric_padded_wall].png","[christmas_photo_studio][ridges_high_frequency][SVBRDF-Fabric__0265_fabric_padded_wall].png","10"
"[christmas_photo_studio][ridges_high_frequency][SVBRDF-Fabric__0266_fabric_padded_wall].png","[christmas_photo_studio][ridges_high_frequency][SVBRDF-Fabric__0266_fabric_padded_wall].png","10"
"[christmas_photo_studio][ridges_high_frequency][SVBRDF-Fabric__acg_fabric_058].png","[christmas_photo_studio][ridges_high_frequency][SVBRDF-Fabric__acg_fabric_058].png","10"
"[christmas_photo_studio][ridges_high_frequency][SVBRDF-Fabric__js_fabric_pattern_006].png","[christmas_photo_studio][ridges_high_frequency][SVBRDF-Fabric__js_fabric_pattern_006].png","10"
"[christmas_photo_studio][ridges_high_frequency][SVBRDF-Metal__0361_metal_brushed_copper].png","[christmas_photo_studio][ridges_high_frequency][SVBRDF-Metal__0361_metal_brushed_copper].png","10"
"[christmas_photo_studio][ridges_high_frequency][SVBRDF-Metal__acg_metal_016].png","[christmas_photo_studio][ridges_high_frequency][SVBRDF-Metal__acg_metal_016].png","10"
"[christmas_photo_studio][ridges_high_frequency][SVBRDF-Metal__cgbc_metal_weave_002].png","[christmas_photo_studio][ridges_high_frequency][SVBRDF-Metal__cgbc_metal_weave_002].png","10"
"[christmas_photo_studio][ridges_low_frequency][MERL_EDIT-beige-fabric_diff_mix_grease-covered-steel_spec_hue_1_sat_1_spec_0].png","[christmas_photo_studio][ridges_low_frequency][MERL_EDIT-beige-fabric_diff_mix_grease-covered-steel_spec_hue_1_sat_1_spec_0].png","10"
"[christmas_photo_studio][ridges_low_frequency][MERL_EDIT-beige-fabric_diff_mix_grease-covered-steel_spec_hue_2_sat_0_spec_1].png","[christmas_photo_studio][ridges_low_frequency][MERL_EDIT-beige-fabric_diff_mix_grease-covered-steel_spec_hue_2_sat_0_spec_1].png","10"
"[christmas_photo_studio][ridges_low_frequency][MERL_EDIT-beige-fabric_diff_mix_grease-covered-steel_spec_hue_2_sat_1_spec_1].png","[christmas_photo_studio][ridges_low_frequency][MERL_EDIT-beige-fabric_diff_mix_grease-covered-steel_spec_hue_2_sat_1_spec_1].png","10"
"[christmas_photo_studio][ridges_low_frequency][MERL_EDIT-beige-fabric_diff_mix_natural-209_spec_hue_1_sat_0_spec_1].png","[christmas_photo_studio][ridges_low_frequency][MERL_EDIT-beige-fabric_diff_mix_natural-209_spec_hue_1_sat_0_spec_1].png","10"
"[christmas_photo_studio][ridges_low_frequency][MERL_EDIT-beige-fabric_diff_mix_polyethylene_spec_hue_3_black_spec_1].png","[christmas_photo_studio][ridges_low_frequency][MERL_EDIT-beige-fabric_diff_mix_polyethylene_spec_hue_3_black_spec_1].png","10"
"[christmas_photo_studio][ridges_low_frequency][MERL_EDIT-beige-fabric_diff_mix_silver-paint_spec_hue_2_sat_1_spec_1].png","[christmas_photo_studio][ridges_low_frequency][MERL_EDIT-beige-fabric_diff_mix_silver-paint_spec_hue_2_sat_1_spec_1].png","10"
"[christmas_photo_studio][ridges_low_frequency][MERL_EDIT-beige-fabric_diff_mix_silver-paint_spec_hue_3_black_spec_0].png","[christmas_photo_studio][ridges_low_frequency][MERL_EDIT-beige-fabric_diff_mix_silver-paint_spec_hue_3_black_spec_0].png","10"
"[christmas_photo_studio][ridges_low_frequency][MERL_EDIT-beige-fabric_diff_mix_silver-paint_spec_hue_3_black_spec_1].png","[christmas_photo_studio][ridges_low_frequency][MERL_EDIT-beige-fabric_diff_mix_silver-paint_spec_hue_3_black_spec_1].png","10"
"[christmas_photo_studio][ridges_low_frequency][MERL_EDIT-beige-fabric_diff_mix_silver-paint_spec_hue_3_black_spec_2].png","[christmas_photo_studio][ridges_low_frequency][MERL_EDIT-beige-fabric_diff_mix_silver-paint_spec_hue_3_black_spec_2].png","10"
"[christmas_photo_studio][ridges_low_frequency][MERL_EDIT-beige-fabric_diff_mix_white-paint_spec_hue_0_sat_1_spec_0].png","[christmas_photo_studio][ridges_low_frequency][MERL_EDIT-beige-fabric_diff_mix_white-paint_spec_hue_0_sat_1_spec_0].png","10"
"[christmas_photo_studio][ridges_low_frequency][MERL_EDIT-beige-fabric_hue_3_black_spec_0].png","[christmas_photo_studio][ridges_low_frequency][MERL_EDIT-beige-fabric_hue_3_black_spec_0].png","10"
"[christmas_photo_studio][ridges_low_frequency][MERL-alum-bronze].png","[christmas_photo_studio][ridges_low_frequency][MERL-alum-bronze].png","10"
"[christmas_photo_studio][ridges_low_frequency][MERL-alumina-oxide].png","[christmas_photo_studio][ridges_low_frequency][MERL-alumina-oxide].png","10"
"[christmas_photo_studio][ridges_low_frequency][MERL-aluminium].png","[christmas_photo_studio][ridges_low_frequency][MERL-aluminium].png","10"
"[christmas_photo_studio][ridges_low_frequency][MERL-beige-fabric].png","[christmas_photo_studio][ridges_low_frequency][MERL-beige-fabric].png","10"
"[christmas_photo_studio][ridges_low_frequency][MERL-black-fabric].png","[christmas_photo_studio][ridges_low_frequency][MERL-black-fabric].png","10"
"[christmas_photo_studio][ridges_low_frequency][MERL-chrome].png","[christmas_photo_studio][ridges_low_frequency][MERL-chrome].png","10"
"[christmas_photo_studio][ridges_low_frequency][MERL-gold-metallic-paint].png","[christmas_photo_studio][ridges_low_frequency][MERL-gold-metallic-paint].png","10"
"[christmas_photo_studio][ridges_low_frequency][MERL-gold-metallic-paint2].png","[christmas_photo_studio][ridges_low_frequency][MERL-gold-metallic-paint2].png","10"
"[christmas_photo_studio][ridges_low_frequency][MERL-gold-metallic-paint3].png","[christmas_photo_studio][ridges_low_frequency][MERL-gold-metallic-paint3].png","10"
"[christmas_photo_studio][ridges_low_frequency][MERL-green-plastic].png","[christmas_photo_studio][ridges_low_frequency][MERL-green-plastic].png","10"
"[christmas_photo_studio][ridges_low_frequency][MERL-light-brown-fabric].png","[christmas_photo_studio][ridges_low_frequency][MERL-light-brown-fabric].png","10"
"[christmas_photo_studio][ridges_low_frequency][MERL-pearl-paint].png","[christmas_photo_studio][ridges_low_frequency][MERL-pearl-paint].png","10"
"[christmas_photo_studio][ridges_low_frequency][MERL-polyurethane-foam].png","[christmas_photo_studio][ridges_low_frequency][MERL-polyurethane-foam].png","10"
"[christmas_photo_studio][ridges_low_frequency][MERL-red-metallic-paint].png","[christmas_photo_studio][ridges_low_frequency][MERL-red-metallic-paint].png","10"
"[christmas_photo_studio][ridges_low_frequency][MERL-silicon-nitrade].png","[christmas_photo_studio][ridges_low_frequency][MERL-silicon-nitrade].png","10"
"[christmas_photo_studio][ridges_low_frequency][MERL-silver-metallic-paint].png","[christmas_photo_studio][ridges_low_frequency][MERL-silver-metallic-paint].png","10"
"[christmas_photo_studio][ridges_low_frequency][MERL-silver-metallic-paint2].png","[christmas_photo_studio][ridges_low_frequency][MERL-silver-metallic-paint2].png","10"
"[christmas_photo_studio][ridges_low_frequency][MERL-specular-blue-phenolic].png","[christmas_photo_studio][ridges_low_frequency][MERL-specular-blue-phenolic].png","10"
"[christmas_photo_studio][ridges_low_frequency][MERL-specular-green-phenolic].png","[christmas_photo_studio][ridges_low_frequency][MERL-specular-green-phenolic].png","10"
"[christmas_photo_studio][ridges_low_frequency][MERL-specular-maroon-phenolic].png","[christmas_photo_studio][ridges_low_frequency][MERL-specular-maroon-phenolic].png","10"
"[christmas_photo_studio][ridges_low_frequency][MERL-specular-orange-phenolic].png","[christmas_photo_studio][ridges_low_frequency][MERL-specular-orange-phenolic].png","10"
"[christmas_photo_studio][ridges_low_frequency][MERL-specular-red-phenolic].png","[christmas_photo_studio][ridges_low_frequency][MERL-specular-red-phenolic].png","10"
"[christmas_photo_studio][ridges_low_frequency][MERL-specular-violet-phenolic].png","[christmas_photo_studio][ridges_low_frequency][MERL-specular-violet-phenolic].png","10"
"[christmas_photo_studio][ridges_low_frequency][MERL-specular-white-phenolic].png","[christmas_photo_studio][ridges_low_frequency][MERL-specular-white-phenolic].png","10"
"[christmas_photo_studio][ridges_low_frequency][MERL-specular-yellow-phenolic].png","[christmas_photo_studio][ridges_low_frequency][MERL-specular-yellow-phenolic].png","10"
"[christmas_photo_studio][ridges_low_frequency][MERL-steel].png","[christmas_photo_studio][ridges_low_frequency][MERL-steel].png","10"
"[christmas_photo_studio][ridges_low_frequency][MERL-tungsten-carbide].png","[christmas_photo_studio][ridges_low_frequency][MERL-tungsten-carbide].png","10"
"[christmas_photo_studio][ridges_low_frequency][MERL-two-layer-silver].png","[christmas_photo_studio][ridges_low_frequency][MERL-two-layer-silver].png","10"
"[christmas_photo_studio][ridges_low_frequency][MERL-white-acrylic].png","[christmas_photo_studio][ridges_low_frequency][MERL-white-acrylic].png","10"
"[christmas_photo_studio][ridges_low_frequency][MERL-yellow-phenolic].png","[christmas_photo_studio][ridges_low_frequency][MERL-yellow-phenolic].png","10"
"[christmas_photo_studio][ridges_low_frequency][RGL-aniso_copper_sheet_rgb].png","[christmas_photo_studio][ridges_low_frequency][RGL-aniso_copper_sheet_rgb].png","10"
"[christmas_photo_studio][ridges_low_frequency][RGL-aniso_miro_7_rgb].png","[christmas_photo_studio][ridges_low_frequency][RGL-aniso_miro_7_rgb].png","10"
"[christmas_photo_studio][ridges_low_frequency][RGL-aniso_sari_silk_2color_rgb].png","[christmas_photo_studio][ridges_low_frequency][RGL-aniso_sari_silk_2color_rgb].png","10"
"[christmas_photo_studio][ridges_low_frequency][RGL-chm_orange_rgb].png","[christmas_photo_studio][ridges_low_frequency][RGL-chm_orange_rgb].png","10"
"[christmas_photo_studio][ridges_low_frequency][RGL-ilm_solo_m_68_rgb].png","[christmas_photo_studio][ridges_low_frequency][RGL-ilm_solo_m_68_rgb].png","10"
"[christmas_photo_studio][ridges_low_frequency][RGL-vch_frozen_amethyst_rgb].png","[christmas_photo_studio][ridges_low_frequency][RGL-vch_frozen_amethyst_rgb].png","10"
"[christmas_photo_studio][ridges_low_frequency][RGL-vch_golden_yellow_rgb].png","[christmas_photo_studio][ridges_low_frequency][RGL-vch_golden_yellow_rgb].png","10"
"[christmas_photo_studio][ridges_low_frequency][RGL-vch_silk_blue_rgb].png","[christmas_photo_studio][ridges_low_frequency][RGL-vch_silk_blue_rgb].png","10"
"[christmas_photo_studio][ridges_low_frequency][SVBRDF-Ceramic__0330_marble_wall_01].png","[christmas_photo_studio][ridges_low_frequency][SVBRDF-Ceramic__0330_marble_wall_01].png","10"
"[christmas_photo_studio][ridges_low_frequency][SVBRDF-Ceramic__0974_arcane_arabesque_patterns].png","[christmas_photo_studio][ridges_low_frequency][SVBRDF-Ceramic__0974_arcane_arabesque_patterns].png","10"
"[christmas_photo_studio][ridges_low_frequency][SVBRDF-Ceramic__cgbc_blue_tiles_001].png","[christmas_photo_studio][ridges_low_frequency][SVBRDF-Ceramic__cgbc_blue_tiles_001].png","10"
"[christmas_photo_studio][ridges_low_frequency][SVBRDF-Ceramic__tc_tiles_085].png","[christmas_photo_studio][ridges_low_frequency][SVBRDF-Ceramic__tc_tiles_085].png","10"
"[christmas_photo_studio][ridges_low_frequency][SVBRDF-Fabric__0265_fabric_padded_wall].png","[christmas_photo_studio][ridges_low_frequency][SVBRDF-Fabric__0265_fabric_padded_wall].png","10"
"[christmas_photo_studio][ridges_low_frequency][SVBRDF-Fabric__0266_fabric_padded_wall].png","[christmas_photo_studio][ridges_low_frequency][SVBRDF-Fabric__0266_fabric_padded_wall].png","10"
"[christmas_photo_studio][ridges_low_frequency][SVBRDF-Fabric__acg_fabric_058].png","[christmas_photo_studio][ridges_low_frequency][SVBRDF-Fabric__acg_fabric_058].png","10"
"[christmas_photo_studio][ridges_low_frequency][SVBRDF-Fabric__js_fabric_pattern_006].png","[christmas_photo_studio][ridges_low_frequency][SVBRDF-Fabric__js_fabric_pattern_006].png","10"
"[christmas_photo_studio][ridges_low_frequency][SVBRDF-Metal__0361_metal_brushed_copper].png","[christmas_photo_studio][ridges_low_frequency][SVBRDF-Metal__0361_metal_brushed_copper].png","10"
"[christmas_photo_studio][ridges_low_frequency][SVBRDF-Metal__acg_metal_016].png","[christmas_photo_studio][ridges_low_frequency][SVBRDF-Metal__acg_metal_016].png","10"
"[christmas_photo_studio][ridges_low_frequency][SVBRDF-Metal__cgbc_metal_weave_002].png","[christmas_photo_studio][ridges_low_frequency][SVBRDF-Metal__cgbc_metal_weave_002].png","10"
"[christmas_photo_studio][ridges_very_high_frequency][MERL_EDIT-beige-fabric_diff_mix_grease-covered-steel_spec_hue_1_sat_1_spec_0].png","[christmas_photo_studio][ridges_very_high_frequency][MERL_EDIT-beige-fabric_diff_mix_grease-covered-steel_spec_hue_1_sat_1_spec_0].png","10"
"[christmas_photo_studio][ridges_very_high_frequency][MERL_EDIT-beige-fabric_diff_mix_grease-covered-steel_spec_hue_2_sat_0_spec_1].png","[christmas_photo_studio][ridges_very_high_frequency][MERL_EDIT-beige-fabric_diff_mix_grease-covered-steel_spec_hue_2_sat_0_spec_1].png","10"
"[christmas_photo_studio][ridges_very_high_frequency][MERL_EDIT-beige-fabric_diff_mix_grease-covered-steel_spec_hue_2_sat_1_spec_1].png","[christmas_photo_studio][ridges_very_high_frequency][MERL_EDIT-beige-fabric_diff_mix_grease-covered-steel_spec_hue_2_sat_1_spec_1].png","10"
"[christmas_photo_studio][ridges_very_high_frequency][MERL_EDIT-beige-fabric_diff_mix_natural-209_spec_hue_1_sat_0_spec_1].png","[christmas_photo_studio][ridges_very_high_frequency][MERL_EDIT-beige-fabric_diff_mix_natural-209_spec_hue_1_sat_0_spec_1].png","10"
"[christmas_photo_studio][ridges_very_high_frequency][MERL_EDIT-beige-fabric_diff_mix_polyethylene_spec_hue_3_black_spec_1].png","[christmas_photo_studio][ridges_very_high_frequency][MERL_EDIT-beige-fabric_diff_mix_polyethylene_spec_hue_3_black_spec_1].png","10"
"[christmas_photo_studio][ridges_very_high_frequency][MERL_EDIT-beige-fabric_diff_mix_silver-paint_spec_hue_2_sat_1_spec_1].png","[christmas_photo_studio][ridges_very_high_frequency][MERL_EDIT-beige-fabric_diff_mix_silver-paint_spec_hue_2_sat_1_spec_1].png","10"
"[christmas_photo_studio][ridges_very_high_frequency][MERL_EDIT-beige-fabric_diff_mix_silver-paint_spec_hue_3_black_spec_0].png","[christmas_photo_studio][ridges_very_high_frequency][MERL_EDIT-beige-fabric_diff_mix_silver-paint_spec_hue_3_black_spec_0].png","10"
"[christmas_photo_studio][ridges_very_high_frequency][MERL_EDIT-beige-fabric_diff_mix_silver-paint_spec_hue_3_black_spec_1].png","[christmas_photo_studio][ridges_very_high_frequency][MERL_EDIT-beige-fabric_diff_mix_silver-paint_spec_hue_3_black_spec_1].png","10"
"[christmas_photo_studio][ridges_very_high_frequency][MERL_EDIT-beige-fabric_diff_mix_silver-paint_spec_hue_3_black_spec_2].png","[christmas_photo_studio][ridges_very_high_frequency][MERL_EDIT-beige-fabric_diff_mix_silver-paint_spec_hue_3_black_spec_2].png","10"
"[christmas_photo_studio][ridges_very_high_frequency][MERL_EDIT-beige-fabric_diff_mix_white-paint_spec_hue_0_sat_1_spec_0].png","[christmas_photo_studio][ridges_very_high_frequency][MERL_EDIT-beige-fabric_diff_mix_white-paint_spec_hue_0_sat_1_spec_0].png","10"
"[christmas_photo_studio][ridges_very_high_frequency][MERL_EDIT-beige-fabric_hue_3_black_spec_0].png","[christmas_photo_studio][ridges_very_high_frequency][MERL_EDIT-beige-fabric_hue_3_black_spec_0].png","10"
"[christmas_photo_studio][ridges_very_high_frequency][MERL-alum-bronze].png","[christmas_photo_studio][ridges_very_high_frequency][MERL-alum-bronze].png","10"
"[christmas_photo_studio][ridges_very_high_frequency][MERL-alumina-oxide].png","[christmas_photo_studio][ridges_very_high_frequency][MERL-alumina-oxide].png","10"
"[christmas_photo_studio][ridges_very_high_frequency][MERL-aluminium].png","[christmas_photo_studio][ridges_very_high_frequency][MERL-aluminium].png","10"
"[christmas_photo_studio][ridges_very_high_frequency][MERL-beige-fabric].png","[christmas_photo_studio][ridges_very_high_frequency][MERL-beige-fabric].png","10"
"[christmas_photo_studio][ridges_very_high_frequency][MERL-black-fabric].png","[christmas_photo_studio][ridges_very_high_frequency][MERL-black-fabric].png","10"
"[christmas_photo_studio][ridges_very_high_frequency][MERL-chrome].png","[christmas_photo_studio][ridges_very_high_frequency][MERL-chrome].png","10"
"[christmas_photo_studio][ridges_very_high_frequency][MERL-gold-metallic-paint].png","[christmas_photo_studio][ridges_very_high_frequency][MERL-gold-metallic-paint].png","10"
"[christmas_photo_studio][ridges_very_high_frequency][MERL-gold-metallic-paint2].png","[christmas_photo_studio][ridges_very_high_frequency][MERL-gold-metallic-paint2].png","10"
"[christmas_photo_studio][ridges_very_high_frequency][MERL-gold-metallic-paint3].png","[christmas_photo_studio][ridges_very_high_frequency][MERL-gold-metallic-paint3].png","10"
"[christmas_photo_studio][ridges_very_high_frequency][MERL-green-plastic].png","[christmas_photo_studio][ridges_very_high_frequency][MERL-green-plastic].png","10"
"[christmas_photo_studio][ridges_very_high_frequency][MERL-light-brown-fabric].png","[christmas_photo_studio][ridges_very_high_frequency][MERL-light-brown-fabric].png","10"
"[christmas_photo_studio][ridges_very_high_frequency][MERL-pearl-paint].png","[christmas_photo_studio][ridges_very_high_frequency][MERL-pearl-paint].png","10"
"[christmas_photo_studio][ridges_very_high_frequency][MERL-polyurethane-foam].png","[christmas_photo_studio][ridges_very_high_frequency][MERL-polyurethane-foam].png","10"
"[christmas_photo_studio][ridges_very_high_frequency][MERL-red-metallic-paint].png","[christmas_photo_studio][ridges_very_high_frequency][MERL-red-metallic-paint].png","10"
"[christmas_photo_studio][ridges_very_high_frequency][MERL-silicon-nitrade].png","[christmas_photo_studio][ridges_very_high_frequency][MERL-silicon-nitrade].png","10"
"[christmas_photo_studio][ridges_very_high_frequency][MERL-silver-metallic-paint].png","[christmas_photo_studio][ridges_very_high_frequency][MERL-silver-metallic-paint].png","10"
"[christmas_photo_studio][ridges_very_high_frequency][MERL-silver-metallic-paint2].png","[christmas_photo_studio][ridges_very_high_frequency][MERL-silver-metallic-paint2].png","10"
"[christmas_photo_studio][ridges_very_high_frequency][MERL-specular-blue-phenolic].png","[christmas_photo_studio][ridges_very_high_frequency][MERL-specular-blue-phenolic].png","10"
"[christmas_photo_studio][ridges_very_high_frequency][MERL-specular-green-phenolic].png","[christmas_photo_studio][ridges_very_high_frequency][MERL-specular-green-phenolic].png","10"
"[christmas_photo_studio][ridges_very_high_frequency][MERL-specular-maroon-phenolic].png","[christmas_photo_studio][ridges_very_high_frequency][MERL-specular-maroon-phenolic].png","10"
"[christmas_photo_studio][ridges_very_high_frequency][MERL-specular-orange-phenolic].png","[christmas_photo_studio][ridges_very_high_frequency][MERL-specular-orange-phenolic].png","10"
"[christmas_photo_studio][ridges_very_high_frequency][MERL-specular-red-phenolic].png","[christmas_photo_studio][ridges_very_high_frequency][MERL-specular-red-phenolic].png","10"
"[christmas_photo_studio][ridges_very_high_frequency][MERL-specular-violet-phenolic].png","[christmas_photo_studio][ridges_very_high_frequency][MERL-specular-violet-phenolic].png","10"
"[christmas_photo_studio][ridges_very_high_frequency][MERL-specular-white-phenolic].png","[christmas_photo_studio][ridges_very_high_frequency][MERL-specular-white-phenolic].png","10"
"[christmas_photo_studio][ridges_very_high_frequency][MERL-specular-yellow-phenolic].png","[christmas_photo_studio][ridges_very_high_frequency][MERL-specular-yellow-phenolic].png","10"
"[christmas_photo_studio][ridges_very_high_frequency][MERL-steel].png","[christmas_photo_studio][ridges_very_high_frequency][MERL-steel].png","10"
"[christmas_photo_studio][ridges_very_high_frequency][MERL-tungsten-carbide].png","[christmas_photo_studio][ridges_very_high_frequency][MERL-tungsten-carbide].png","10"
"[christmas_photo_studio][ridges_very_high_frequency][MERL-two-layer-silver].png","[christmas_photo_studio][ridges_very_high_frequency][MERL-two-layer-silver].png","10"
"[christmas_photo_studio][ridges_very_high_frequency][MERL-white-acrylic].png","[christmas_photo_studio][ridges_very_high_frequency][MERL-white-acrylic].png","10"
"[christmas_photo_studio][ridges_very_high_frequency][MERL-yellow-phenolic].png","[christmas_photo_studio][ridges_very_high_frequency][MERL-yellow-phenolic].png","10"
"[christmas_photo_studio][ridges_very_high_frequency][RGL-aniso_copper_sheet_rgb].png","[christmas_photo_studio][ridges_very_high_frequency][RGL-aniso_copper_sheet_rgb].png","10"
"[christmas_photo_studio][ridges_very_high_frequency][RGL-aniso_miro_7_rgb].png","[christmas_photo_studio][ridges_very_high_frequency][RGL-aniso_miro_7_rgb].png","10"
"[christmas_photo_studio][ridges_very_high_frequency][RGL-aniso_sari_silk_2color_rgb].png","[christmas_photo_studio][ridges_very_high_frequency][RGL-aniso_sari_silk_2color_rgb].png","10"
"[christmas_photo_studio][ridges_very_high_frequency][RGL-chm_orange_rgb].png","[christmas_photo_studio][ridges_very_high_frequency][RGL-chm_orange_rgb].png","10"
"[christmas_photo_studio][ridges_very_high_frequency][RGL-ilm_solo_m_68_rgb].png","[christmas_photo_studio][ridges_very_high_frequency][RGL-ilm_solo_m_68_rgb].png","10"
"[christmas_photo_studio][ridges_very_high_frequency][RGL-vch_frozen_amethyst_rgb].png","[christmas_photo_studio][ridges_very_high_frequency][RGL-vch_frozen_amethyst_rgb].png","10"
"[christmas_photo_studio][ridges_very_high_frequency][RGL-vch_golden_yellow_rgb].png","[christmas_photo_studio][ridges_very_high_frequency][RGL-vch_golden_yellow_rgb].png","10"
"[christmas_photo_studio][ridges_very_high_frequency][RGL-vch_silk_blue_rgb].png","[christmas_photo_studio][ridges_very_high_frequency][RGL-vch_silk_blue_rgb].png","10"
"[christmas_photo_studio][ridges_very_high_frequency][SVBRDF-Ceramic__0330_marble_wall_01].png","[christmas_photo_studio][ridges_very_high_frequency][SVBRDF-Ceramic__0330_marble_wall_01].png","10"
"[christmas_photo_studio][ridges_very_high_frequency][SVBRDF-Ceramic__0974_arcane_arabesque_patterns].png","[christmas_photo_studio][ridges_very_high_frequency][SVBRDF-Ceramic__0974_arcane_arabesque_patterns].png","10"
"[christmas_photo_studio][ridges_very_high_frequency][SVBRDF-Ceramic__cgbc_blue_tiles_001].png","[christmas_photo_studio][ridges_very_high_frequency][SVBRDF-Ceramic__cgbc_blue_tiles_001].png","10"
"[christmas_photo_studio][ridges_very_high_frequency][SVBRDF-Ceramic__tc_tiles_085].png","[christmas_photo_studio][ridges_very_high_frequency][SVBRDF-Ceramic__tc_tiles_085].png","10"
"[christmas_photo_studio][ridges_very_high_frequency][SVBRDF-Fabric__0265_fabric_padded_wall].png","[christmas_photo_studio][ridges_very_high_frequency][SVBRDF-Fabric__0265_fabric_padded_wall].png","10"
"[christmas_photo_studio][ridges_very_high_frequency][SVBRDF-Fabric__0266_fabric_padded_wall].png","[christmas_photo_studio][ridges_very_high_frequency][SVBRDF-Fabric__0266_fabric_padded_wall].png","10"
"[christmas_photo_studio][ridges_very_high_frequency][SVBRDF-Fabric__acg_fabric_058].png","[christmas_photo_studio][ridges_very_high_frequency][SVBRDF-Fabric__acg_fabric_058].png","10"
"[christmas_photo_studio][ridges_very_high_frequency][SVBRDF-Fabric__js_fabric_pattern_006].png","[christmas_photo_studio][ridges_very_high_frequency][SVBRDF-Fabric__js_fabric_pattern_006].png","10"
"[christmas_photo_studio][ridges_very_high_frequency][SVBRDF-Metal__0361_metal_brushed_copper].png","[christmas_photo_studio][ridges_very_high_frequency][SVBRDF-Metal__0361_metal_brushed_copper].png","10"
"[christmas_photo_studio][ridges_very_high_frequency][SVBRDF-Metal__acg_metal_016].png","[christmas_photo_studio][ridges_very_high_frequency][SVBRDF-Metal__acg_metal_016].png","10"
"[christmas_photo_studio][ridges_very_high_frequency][SVBRDF-Metal__cgbc_metal_weave_002].png","[christmas_photo_studio][ridges_very_high_frequency][SVBRDF-Metal__cgbc_metal_weave_002].png","10"
"[christmas_photo_studio][sphere][MERL_EDIT-beige-fabric_diff_mix_grease-covered-steel_spec_hue_1_sat_1_spec_0].png","[christmas_photo_studio][sphere][MERL_EDIT-beige-fabric_diff_mix_grease-covered-steel_spec_hue_1_sat_1_spec_0].png","10"
"[christmas_photo_studio][sphere][MERL_EDIT-beige-fabric_diff_mix_grease-covered-steel_spec_hue_2_sat_0_spec_1].png","[christmas_photo_studio][sphere][MERL_EDIT-beige-fabric_diff_mix_grease-covered-steel_spec_hue_2_sat_0_spec_1].png","10"
"[christmas_photo_studio][sphere][MERL_EDIT-beige-fabric_diff_mix_grease-covered-steel_spec_hue_2_sat_1_spec_1].png","[christmas_photo_studio][sphere][MERL_EDIT-beige-fabric_diff_mix_grease-covered-steel_spec_hue_2_sat_1_spec_1].png","10"
"[christmas_photo_studio][sphere][MERL_EDIT-beige-fabric_diff_mix_natural-209_spec_hue_1_sat_0_spec_1].png","[christmas_photo_studio][sphere][MERL_EDIT-beige-fabric_diff_mix_natural-209_spec_hue_1_sat_0_spec_1].png","10"
"[christmas_photo_studio][sphere][MERL_EDIT-beige-fabric_diff_mix_polyethylene_spec_hue_3_black_spec_1].png","[christmas_photo_studio][sphere][MERL_EDIT-beige-fabric_diff_mix_polyethylene_spec_hue_3_black_spec_1].png","10"
"[christmas_photo_studio][sphere][MERL_EDIT-beige-fabric_diff_mix_silver-paint_spec_hue_2_sat_1_spec_1].png","[christmas_photo_studio][sphere][MERL_EDIT-beige-fabric_diff_mix_silver-paint_spec_hue_2_sat_1_spec_1].png","10"
"[christmas_photo_studio][sphere][MERL_EDIT-beige-fabric_diff_mix_silver-paint_spec_hue_3_black_spec_0].png","[christmas_photo_studio][sphere][MERL_EDIT-beige-fabric_diff_mix_silver-paint_spec_hue_3_black_spec_0].png","10"
"[christmas_photo_studio][sphere][MERL_EDIT-beige-fabric_diff_mix_silver-paint_spec_hue_3_black_spec_1].png","[christmas_photo_studio][sphere][MERL_EDIT-beige-fabric_diff_mix_silver-paint_spec_hue_3_black_spec_1].png","10"
"[christmas_photo_studio][sphere][MERL_EDIT-beige-fabric_diff_mix_silver-paint_spec_hue_3_black_spec_2].png","[christmas_photo_studio][sphere][MERL_EDIT-beige-fabric_diff_mix_silver-paint_spec_hue_3_black_spec_2].png","10"
"[christmas_photo_studio][sphere][MERL_EDIT-beige-fabric_diff_mix_white-paint_spec_hue_0_sat_1_spec_0].png","[christmas_photo_studio][sphere][MERL_EDIT-beige-fabric_diff_mix_white-paint_spec_hue_0_sat_1_spec_0].png","10"
"[christmas_photo_studio][sphere][MERL_EDIT-beige-fabric_hue_3_black_spec_0].png","[christmas_photo_studio][sphere][MERL_EDIT-beige-fabric_hue_3_black_spec_0].png","10"
"[christmas_photo_studio][sphere][MERL-alum-bronze].png","[christmas_photo_studio][sphere][MERL-alum-bronze].png","10"
"[christmas_photo_studio][sphere][MERL-alumina-oxide].png","[christmas_photo_studio][sphere][MERL-alumina-oxide].png","10"
"[christmas_photo_studio][sphere][MERL-aluminium].png","[christmas_photo_studio][sphere][MERL-aluminium].png","10"
"[christmas_photo_studio][sphere][MERL-beige-fabric].png","[christmas_photo_studio][sphere][MERL-beige-fabric].png","10"
"[christmas_photo_studio][sphere][MERL-black-fabric].png","[christmas_photo_studio][sphere][MERL-black-fabric].png","10"
"[christmas_photo_studio][sphere][MERL-chrome].png","[christmas_photo_studio][sphere][MERL-chrome].png","10"
"[christmas_photo_studio][sphere][MERL-gold-metallic-paint].png","[christmas_photo_studio][sphere][MERL-gold-metallic-paint].png","10"
"[christmas_photo_studio][sphere][MERL-gold-metallic-paint2].png","[christmas_photo_studio][sphere][MERL-gold-metallic-paint2].png","10"
"[christmas_photo_studio][sphere][MERL-gold-metallic-paint3].png","[christmas_photo_studio][sphere][MERL-gold-metallic-paint3].png","10"
"[christmas_photo_studio][sphere][MERL-green-plastic].png","[christmas_photo_studio][sphere][MERL-green-plastic].png","10"
"[christmas_photo_studio][sphere][MERL-light-brown-fabric].png","[christmas_photo_studio][sphere][MERL-light-brown-fabric].png","10"
"[christmas_photo_studio][sphere][MERL-pearl-paint].png","[christmas_photo_studio][sphere][MERL-pearl-paint].png","10"
"[christmas_photo_studio][sphere][MERL-polyurethane-foam].png","[christmas_photo_studio][sphere][MERL-polyurethane-foam].png","10"
"[christmas_photo_studio][sphere][MERL-red-metallic-paint].png","[christmas_photo_studio][sphere][MERL-red-metallic-paint].png","10"
"[christmas_photo_studio][sphere][MERL-silicon-nitrade].png","[christmas_photo_studio][sphere][MERL-silicon-nitrade].png","10"
"[christmas_photo_studio][sphere][MERL-silver-metallic-paint].png","[christmas_photo_studio][sphere][MERL-silver-metallic-paint].png","10"
"[christmas_photo_studio][sphere][MERL-silver-metallic-paint2].png","[christmas_photo_studio][sphere][MERL-silver-metallic-paint2].png","10"
"[christmas_photo_studio][sphere][MERL-specular-blue-phenolic].png","[christmas_photo_studio][sphere][MERL-specular-blue-phenolic].png","10"
"[christmas_photo_studio][sphere][MERL-specular-green-phenolic].png","[christmas_photo_studio][sphere][MERL-specular-green-phenolic].png","10"
"[christmas_photo_studio][sphere][MERL-specular-maroon-phenolic].png","[christmas_photo_studio][sphere][MERL-specular-maroon-phenolic].png","10"
"[christmas_photo_studio][sphere][MERL-specular-orange-phenolic].png","[christmas_photo_studio][sphere][MERL-specular-orange-phenolic].png","10"
"[christmas_photo_studio][sphere][MERL-specular-red-phenolic].png","[christmas_photo_studio][sphere][MERL-specular-red-phenolic].png","10"
"[christmas_photo_studio][sphere][MERL-specular-violet-phenolic].png","[christmas_photo_studio][sphere][MERL-specular-violet-phenolic].png","10"
"[christmas_photo_studio][sphere][MERL-specular-white-phenolic].png","[christmas_photo_studio][sphere][MERL-specular-white-phenolic].png","10"
"[christmas_photo_studio][sphere][MERL-specular-yellow-phenolic].png","[christmas_photo_studio][sphere][MERL-specular-yellow-phenolic].png","10"
"[christmas_photo_studio][sphere][MERL-steel].png","[christmas_photo_studio][sphere][MERL-steel].png","10"
"[christmas_photo_studio][sphere][MERL-tungsten-carbide].png","[christmas_photo_studio][sphere][MERL-tungsten-carbide].png","10"
"[christmas_photo_studio][sphere][MERL-two-layer-silver].png","[christmas_photo_studio][sphere][MERL-two-layer-silver].png","10"
"[christmas_photo_studio][sphere][MERL-white-acrylic].png","[christmas_photo_studio][sphere][MERL-white-acrylic].png","10"
"[christmas_photo_studio][sphere][MERL-yellow-phenolic].png","[christmas_photo_studio][sphere][MERL-yellow-phenolic].png","10"
"[christmas_photo_studio][sphere][RGL-aniso_copper_sheet_rgb].png","[christmas_photo_studio][sphere][RGL-aniso_copper_sheet_rgb].png","10"
"[christmas_photo_studio][sphere][RGL-aniso_miro_7_rgb].png","[christmas_photo_studio][sphere][RGL-aniso_miro_7_rgb].png","10"
"[christmas_photo_studio][sphere][RGL-aniso_sari_silk_2color_rgb].png","[christmas_photo_studio][sphere][RGL-aniso_sari_silk_2color_rgb].png","10"
"[christmas_photo_studio][sphere][RGL-chm_orange_rgb].png","[christmas_photo_studio][sphere][RGL-chm_orange_rgb].png","10"
"[christmas_photo_studio][sphere][RGL-ilm_solo_m_68_rgb].png","[christmas_photo_studio][sphere][RGL-ilm_solo_m_68_rgb].png","10"
"[christmas_photo_studio][sphere][RGL-vch_frozen_amethyst_rgb].png","[christmas_photo_studio][sphere][RGL-vch_frozen_amethyst_rgb].png","10"
"[christmas_photo_studio][sphere][RGL-vch_golden_yellow_rgb].png","[christmas_photo_studio][sphere][RGL-vch_golden_yellow_rgb].png","10"
"[christmas_photo_studio][sphere][RGL-vch_silk_blue_rgb].png","[christmas_photo_studio][sphere][RGL-vch_silk_blue_rgb].png","10"
"[christmas_photo_studio][sphere][SVBRDF-Ceramic__0330_marble_wall_01].png","[christmas_photo_studio][sphere][SVBRDF-Ceramic__0330_marble_wall_01].png","10"
"[christmas_photo_studio][sphere][SVBRDF-Ceramic__0974_arcane_arabesque_patterns].png","[christmas_photo_studio][sphere][SVBRDF-Ceramic__0974_arcane_arabesque_patterns].png","10"
"[christmas_photo_studio][sphere][SVBRDF-Ceramic__cgbc_blue_tiles_001].png","[christmas_photo_studio][sphere][SVBRDF-Ceramic__cgbc_blue_tiles_001].png","10"
"[christmas_photo_studio][sphere][SVBRDF-Ceramic__tc_tiles_085].png","[christmas_photo_studio][sphere][SVBRDF-Ceramic__tc_tiles_085].png","10"
"[christmas_photo_studio][sphere][SVBRDF-Fabric__0265_fabric_padded_wall].png","[christmas_photo_studio][sphere][SVBRDF-Fabric__0265_fabric_padded_wall].png","10"
"[christmas_photo_studio][sphere][SVBRDF-Fabric__0266_fabric_padded_wall].png","[christmas_photo_studio][sphere][SVBRDF-Fabric__0266_fabric_padded_wall].png","10"
"[christmas_photo_studio][sphere][SVBRDF-Fabric__acg_fabric_058].png","[christmas_photo_studio][sphere][SVBRDF-Fabric__acg_fabric_058].png","10"
"[christmas_photo_studio][sphere][SVBRDF-Fabric__js_fabric_pattern_006].png","[christmas_photo_studio][sphere][SVBRDF-Fabric__js_fabric_pattern_006].png","10"
"[christmas_photo_studio][sphere][SVBRDF-Metal__0361_metal_brushed_copper].png","[christmas_photo_studio][sphere][SVBRDF-Metal__0361_metal_brushed_copper].png","10"
"[christmas_photo_studio][sphere][SVBRDF-Metal__acg_metal_016].png","[christmas_photo_studio][sphere][SVBRDF-Metal__acg_metal_016].png","10"
"[christmas_photo_studio][sphere][SVBRDF-Metal__cgbc_metal_weave_002].png","[christmas_photo_studio][sphere][SVBRDF-Metal__cgbc_metal_weave_002].png","10"
"[forest_cave][blob][MERL_EDIT-beige-fabric_diff_mix_grease-covered-steel_spec_hue_1_sat_1_spec_0].png","[forest_cave][blob][MERL_EDIT-beige-fabric_diff_mix_grease-covered-steel_spec_hue_1_sat_1_spec_0].png","10"
"[forest_cave][blob][MERL_EDIT-beige-fabric_diff_mix_grease-covered-steel_spec_hue_2_sat_0_spec_1].png","[forest_cave][blob][MERL_EDIT-beige-fabric_diff_mix_grease-covered-steel_spec_hue_2_sat_0_spec_1].png","10"
"[forest_cave][blob][MERL_EDIT-beige-fabric_diff_mix_grease-covered-steel_spec_hue_2_sat_1_spec_1].png","[forest_cave][blob][MERL_EDIT-beige-fabric_diff_mix_grease-covered-steel_spec_hue_2_sat_1_spec_1].png","10"
"[forest_cave][blob][MERL_EDIT-beige-fabric_diff_mix_natural-209_spec_hue_1_sat_0_spec_1].png","[forest_cave][blob][MERL_EDIT-beige-fabric_diff_mix_natural-209_spec_hue_1_sat_0_spec_1].png","10"
"[forest_cave][blob][MERL_EDIT-beige-fabric_diff_mix_polyethylene_spec_hue_3_black_spec_1].png","[forest_cave][blob][MERL_EDIT-beige-fabric_diff_mix_polyethylene_spec_hue_3_black_spec_1].png","10"
"[forest_cave][blob][MERL_EDIT-beige-fabric_diff_mix_silver-paint_spec_hue_2_sat_1_spec_1].png","[forest_cave][blob][MERL_EDIT-beige-fabric_diff_mix_silver-paint_spec_hue_2_sat_1_spec_1].png","10"
"[forest_cave][blob][MERL_EDIT-beige-fabric_diff_mix_silver-paint_spec_hue_3_black_spec_0].png","[forest_cave][blob][MERL_EDIT-beige-fabric_diff_mix_silver-paint_spec_hue_3_black_spec_0].png","10"
"[forest_cave][blob][MERL_EDIT-beige-fabric_diff_mix_silver-paint_spec_hue_3_black_spec_1].png","[forest_cave][blob][MERL_EDIT-beige-fabric_diff_mix_silver-paint_spec_hue_3_black_spec_1].png","10"
"[forest_cave][blob][MERL_EDIT-beige-fabric_diff_mix_silver-paint_spec_hue_3_black_spec_2].png","[forest_cave][blob][MERL_EDIT-beige-fabric_diff_mix_silver-paint_spec_hue_3_black_spec_2].png","10"
"[forest_cave][blob][MERL_EDIT-beige-fabric_diff_mix_white-paint_spec_hue_0_sat_1_spec_0].png","[forest_cave][blob][MERL_EDIT-beige-fabric_diff_mix_white-paint_spec_hue_0_sat_1_spec_0].png","10"
"[forest_cave][blob][MERL_EDIT-beige-fabric_hue_3_black_spec_0].png","[forest_cave][blob][MERL_EDIT-beige-fabric_hue_3_black_spec_0].png","10"
"[forest_cave][blob][MERL-alum-bronze].png","[forest_cave][blob][MERL-alum-bronze].png","10"
"[forest_cave][blob][MERL-alumina-oxide].png","[forest_cave][blob][MERL-alumina-oxide].png","10"
"[forest_cave][blob][MERL-aluminium].png","[forest_cave][blob][MERL-aluminium].png","10"
"[forest_cave][blob][MERL-beige-fabric].png","[forest_cave][blob][MERL-beige-fabric].png","10"
"[forest_cave][blob][MERL-black-fabric].png","[forest_cave][blob][MERL-black-fabric].png","10"
"[forest_cave][blob][MERL-chrome].png","[forest_cave][blob][MERL-chrome].png","10"
"[forest_cave][blob][MERL-gold-metallic-paint].png","[forest_cave][blob][MERL-gold-metallic-paint].png","10"
"[forest_cave][blob][MERL-gold-metallic-paint2].png","[forest_cave][blob][MERL-gold-metallic-paint2].png","10"
"[forest_cave][blob][MERL-gold-metallic-paint3].png","[forest_cave][blob][MERL-gold-metallic-paint3].png","10"
"[forest_cave][blob][MERL-green-plastic].png","[forest_cave][blob][MERL-green-plastic].png","10"
"[forest_cave][blob][MERL-light-brown-fabric].png","[forest_cave][blob][MERL-light-brown-fabric].png","10"
"[forest_cave][blob][MERL-pearl-paint].png","[forest_cave][blob][MERL-pearl-paint].png","10"
"[forest_cave][blob][MERL-polyurethane-foam].png","[forest_cave][blob][MERL-polyurethane-foam].png","10"
"[forest_cave][blob][MERL-red-metallic-paint].png","[forest_cave][blob][MERL-red-metallic-paint].png","10"
"[forest_cave][blob][MERL-silicon-nitrade].png","[forest_cave][blob][MERL-silicon-nitrade].png","10"
"[forest_cave][blob][MERL-silver-metallic-paint].png","[forest_cave][blob][MERL-silver-metallic-paint].png","10"
"[forest_cave][blob][MERL-silver-metallic-paint2].png","[forest_cave][blob][MERL-silver-metallic-paint2].png","10"
"[forest_cave][blob][MERL-specular-blue-phenolic].png","[forest_cave][blob][MERL-specular-blue-phenolic].png","10"
"[forest_cave][blob][MERL-specular-green-phenolic].png","[forest_cave][blob][MERL-specular-green-phenolic].png","10"
"[forest_cave][blob][MERL-specular-maroon-phenolic].png","[forest_cave][blob][MERL-specular-maroon-phenolic].png","10"
"[forest_cave][blob][MERL-specular-orange-phenolic].png","[forest_cave][blob][MERL-specular-orange-phenolic].png","10"
"[forest_cave][blob][MERL-specular-red-phenolic].png","[forest_cave][blob][MERL-specular-red-phenolic].png","10"
"[forest_cave][blob][MERL-specular-violet-phenolic].png","[forest_cave][blob][MERL-specular-violet-phenolic].png","10"
"[forest_cave][blob][MERL-specular-white-phenolic].png","[forest_cave][blob][MERL-specular-white-phenolic].png","10"
"[forest_cave][blob][MERL-specular-yellow-phenolic].png","[forest_cave][blob][MERL-specular-yellow-phenolic].png","10"
"[forest_cave][blob][MERL-steel].png","[forest_cave][blob][MERL-steel].png","10"
"[forest_cave][blob][MERL-tungsten-carbide].png","[forest_cave][blob][MERL-tungsten-carbide].png","10"
"[forest_cave][blob][MERL-two-layer-silver].png","[forest_cave][blob][MERL-two-layer-silver].png","10"
"[forest_cave][blob][MERL-white-acrylic].png","[forest_cave][blob][MERL-white-acrylic].png","10"
"[forest_cave][blob][MERL-yellow-phenolic].png","[forest_cave][blob][MERL-yellow-phenolic].png","10"
"[forest_cave][blob][RGL-aniso_copper_sheet_rgb].png","[forest_cave][blob][RGL-aniso_copper_sheet_rgb].png","10"
"[forest_cave][blob][RGL-aniso_miro_7_rgb].png","[forest_cave][blob][RGL-aniso_miro_7_rgb].png","10"
"[forest_cave][blob][RGL-aniso_sari_silk_2color_rgb].png","[forest_cave][blob][RGL-aniso_sari_silk_2color_rgb].png","10"
"[forest_cave][blob][RGL-chm_orange_rgb].png","[forest_cave][blob][RGL-chm_orange_rgb].png","10"
"[forest_cave][blob][RGL-ilm_solo_m_68_rgb].png","[forest_cave][blob][RGL-ilm_solo_m_68_rgb].png","10"
"[forest_cave][blob][RGL-vch_frozen_amethyst_rgb].png","[forest_cave][blob][RGL-vch_frozen_amethyst_rgb].png","10"
"[forest_cave][blob][RGL-vch_golden_yellow_rgb].png","[forest_cave][blob][RGL-vch_golden_yellow_rgb].png","10"
"[forest_cave][blob][RGL-vch_silk_blue_rgb].png","[forest_cave][blob][RGL-vch_silk_blue_rgb].png","10"
"[forest_cave][blob][SVBRDF-Ceramic__0330_marble_wall_01].png","[forest_cave][blob][SVBRDF-Ceramic__0330_marble_wall_01].png","10"
"[forest_cave][blob][SVBRDF-Ceramic__0974_arcane_arabesque_patterns].png","[forest_cave][blob][SVBRDF-Ceramic__0974_arcane_arabesque_patterns].png","10"
"[forest_cave][blob][SVBRDF-Ceramic__cgbc_blue_tiles_001].png","[forest_cave][blob][SVBRDF-Ceramic__cgbc_blue_tiles_001].png","10"
"[forest_cave][blob][SVBRDF-Ceramic__tc_tiles_085].png","[forest_cave][blob][SVBRDF-Ceramic__tc_tiles_085].png","10"
"[forest_cave][blob][SVBRDF-Fabric__0265_fabric_padded_wall].png","[forest_cave][blob][SVBRDF-Fabric__0265_fabric_padded_wall].png","10"
"[forest_cave][blob][SVBRDF-Fabric__0266_fabric_padded_wall].png","[forest_cave][blob][SVBRDF-Fabric__0266_fabric_padded_wall].png","10"
"[forest_cave][blob][SVBRDF-Fabric__acg_fabric_058].png","[forest_cave][blob][SVBRDF-Fabric__acg_fabric_058].png","10"
"[forest_cave][blob][SVBRDF-Fabric__js_fabric_pattern_006].png","[forest_cave][blob][SVBRDF-Fabric__js_fabric_pattern_006].png","10"
"[forest_cave][blob][SVBRDF-Metal__0361_metal_brushed_copper].png","[forest_cave][blob][SVBRDF-Metal__0361_metal_brushed_copper].png","10"
"[forest_cave][blob][SVBRDF-Metal__acg_metal_016].png","[forest_cave][blob][SVBRDF-Metal__acg_metal_016].png","10"
"[forest_cave][blob][SVBRDF-Metal__cgbc_metal_weave_002].png","[forest_cave][blob][SVBRDF-Metal__cgbc_metal_weave_002].png","10"
"[forest_cave][bumpiness_high][MERL_EDIT-beige-fabric_diff_mix_grease-covered-steel_spec_hue_1_sat_1_spec_0].png","[forest_cave][bumpiness_high][MERL_EDIT-beige-fabric_diff_mix_grease-covered-steel_spec_hue_1_sat_1_spec_0].png","10"
"[forest_cave][bumpiness_high][MERL_EDIT-beige-fabric_diff_mix_grease-covered-steel_spec_hue_2_sat_0_spec_1].png","[forest_cave][bumpiness_high][MERL_EDIT-beige-fabric_diff_mix_grease-covered-steel_spec_hue_2_sat_0_spec_1].png","10"
"[forest_cave][bumpiness_high][MERL_EDIT-beige-fabric_diff_mix_grease-covered-steel_spec_hue_2_sat_1_spec_1].png","[forest_cave][bumpiness_high][MERL_EDIT-beige-fabric_diff_mix_grease-covered-steel_spec_hue_2_sat_1_spec_1].png","10"
"[forest_cave][bumpiness_high][MERL_EDIT-beige-fabric_diff_mix_natural-209_spec_hue_1_sat_0_spec_1].png","[forest_cave][bumpiness_high][MERL_EDIT-beige-fabric_diff_mix_natural-209_spec_hue_1_sat_0_spec_1].png","10"
"[forest_cave][bumpiness_high][MERL_EDIT-beige-fabric_diff_mix_polyethylene_spec_hue_3_black_spec_1].png","[forest_cave][bumpiness_high][MERL_EDIT-beige-fabric_diff_mix_polyethylene_spec_hue_3_black_spec_1].png","10"
"[forest_cave][bumpiness_high][MERL_EDIT-beige-fabric_diff_mix_silver-paint_spec_hue_2_sat_1_spec_1].png","[forest_cave][bumpiness_high][MERL_EDIT-beige-fabric_diff_mix_silver-paint_spec_hue_2_sat_1_spec_1].png","10"
"[forest_cave][bumpiness_high][MERL_EDIT-beige-fabric_diff_mix_silver-paint_spec_hue_3_black_spec_0].png","[forest_cave][bumpiness_high][MERL_EDIT-beige-fabric_diff_mix_silver-paint_spec_hue_3_black_spec_0].png","10"
"[forest_cave][bumpiness_high][MERL_EDIT-beige-fabric_diff_mix_silver-paint_spec_hue_3_black_spec_1].png","[forest_cave][bumpiness_high][MERL_EDIT-beige-fabric_diff_mix_silver-paint_spec_hue_3_black_spec_1].png","10"
"[forest_cave][bumpiness_high][MERL_EDIT-beige-fabric_diff_mix_silver-paint_spec_hue_3_black_spec_2].png","[forest_cave][bumpiness_high][MERL_EDIT-beige-fabric_diff_mix_silver-paint_spec_hue_3_black_spec_2].png","10"
"[forest_cave][bumpiness_high][MERL_EDIT-beige-fabric_diff_mix_white-paint_spec_hue_0_sat_1_spec_0].png","[forest_cave][bumpiness_high][MERL_EDIT-beige-fabric_diff_mix_white-paint_spec_hue_0_sat_1_spec_0].png","10"
"[forest_cave][bumpiness_high][MERL_EDIT-beige-fabric_hue_3_black_spec_0].png","[forest_cave][bumpiness_high][MERL_EDIT-beige-fabric_hue_3_black_spec_0].png","10"
"[forest_cave][bumpiness_high][MERL-alum-bronze].png","[forest_cave][bumpiness_high][MERL-alum-bronze].png","10"
"[forest_cave][bumpiness_high][MERL-alumina-oxide].png","[forest_cave][bumpiness_high][MERL-alumina-oxide].png","10"
"[forest_cave][bumpiness_high][MERL-aluminium].png","[forest_cave][bumpiness_high][MERL-aluminium].png","10"
"[forest_cave][bumpiness_high][MERL-beige-fabric].png","[forest_cave][bumpiness_high][MERL-beige-fabric].png","10"
"[forest_cave][bumpiness_high][MERL-black-fabric].png","[forest_cave][bumpiness_high][MERL-black-fabric].png","10"
"[forest_cave][bumpiness_high][MERL-chrome].png","[forest_cave][bumpiness_high][MERL-chrome].png","10"
"[forest_cave][bumpiness_high][MERL-gold-metallic-paint].png","[forest_cave][bumpiness_high][MERL-gold-metallic-paint].png","10"
"[forest_cave][bumpiness_high][MERL-gold-metallic-paint2].png","[forest_cave][bumpiness_high][MERL-gold-metallic-paint2].png","10"
"[forest_cave][bumpiness_high][MERL-gold-metallic-paint3].png","[forest_cave][bumpiness_high][MERL-gold-metallic-paint3].png","10"
"[forest_cave][bumpiness_high][MERL-green-plastic].png","[forest_cave][bumpiness_high][MERL-green-plastic].png","10"
"[forest_cave][bumpiness_high][MERL-light-brown-fabric].png","[forest_cave][bumpiness_high][MERL-light-brown-fabric].png","10"
"[forest_cave][bumpiness_high][MERL-pearl-paint].png","[forest_cave][bumpiness_high][MERL-pearl-paint].png","10"
"[forest_cave][bumpiness_high][MERL-polyurethane-foam].png","[forest_cave][bumpiness_high][MERL-polyurethane-foam].png","10"
"[forest_cave][bumpiness_high][MERL-red-metallic-paint].png","[forest_cave][bumpiness_high][MERL-red-metallic-paint].png","10"
"[forest_cave][bumpiness_high][MERL-silicon-nitrade].png","[forest_cave][bumpiness_high][MERL-silicon-nitrade].png","10"
"[forest_cave][bumpiness_high][MERL-silver-metallic-paint].png","[forest_cave][bumpiness_high][MERL-silver-metallic-paint].png","10"
"[forest_cave][bumpiness_high][MERL-silver-metallic-paint2].png","[forest_cave][bumpiness_high][MERL-silver-metallic-paint2].png","10"
"[forest_cave][bumpiness_high][MERL-specular-blue-phenolic].png","[forest_cave][bumpiness_high][MERL-specular-blue-phenolic].png","10"
"[forest_cave][bumpiness_high][MERL-specular-green-phenolic].png","[forest_cave][bumpiness_high][MERL-specular-green-phenolic].png","10"
"[forest_cave][bumpiness_high][MERL-specular-maroon-phenolic].png","[forest_cave][bumpiness_high][MERL-specular-maroon-phenolic].png","10"
"[forest_cave][bumpiness_high][MERL-specular-orange-phenolic].png","[forest_cave][bumpiness_high][MERL-specular-orange-phenolic].png","10"
"[forest_cave][bumpiness_high][MERL-specular-red-phenolic].png","[forest_cave][bumpiness_high][MERL-specular-red-phenolic].png","10"
"[forest_cave][bumpiness_high][MERL-specular-violet-phenolic].png","[forest_cave][bumpiness_high][MERL-specular-violet-phenolic].png","10"
"[forest_cave][bumpiness_high][MERL-specular-white-phenolic].png","[forest_cave][bumpiness_high][MERL-specular-white-phenolic].png","10"
"[forest_cave][bumpiness_high][MERL-specular-yellow-phenolic].png","[forest_cave][bumpiness_high][MERL-specular-yellow-phenolic].png","10"
"[forest_cave][bumpiness_high][MERL-steel].png","[forest_cave][bumpiness_high][MERL-steel].png","10"
"[forest_cave][bumpiness_high][MERL-tungsten-carbide].png","[forest_cave][bumpiness_high][MERL-tungsten-carbide].png","10"
"[forest_cave][bumpiness_high][MERL-two-layer-silver].png","[forest_cave][bumpiness_high][MERL-two-layer-silver].png","10"
"[forest_cave][bumpiness_high][MERL-white-acrylic].png","[forest_cave][bumpiness_high][MERL-white-acrylic].png","10"
"[forest_cave][bumpiness_high][MERL-yellow-phenolic].png","[forest_cave][bumpiness_high][MERL-yellow-phenolic].png","10"
"[forest_cave][bumpiness_high][RGL-aniso_copper_sheet_rgb].png","[forest_cave][bumpiness_high][RGL-aniso_copper_sheet_rgb].png","10"
"[forest_cave][bumpiness_high][RGL-aniso_miro_7_rgb].png","[forest_cave][bumpiness_high][RGL-aniso_miro_7_rgb].png","10"
"[forest_cave][bumpiness_high][RGL-aniso_sari_silk_2color_rgb].png","[forest_cave][bumpiness_high][RGL-aniso_sari_silk_2color_rgb].png","10"
"[forest_cave][bumpiness_high][RGL-chm_orange_rgb].png","[forest_cave][bumpiness_high][RGL-chm_orange_rgb].png","10"
"[forest_cave][bumpiness_high][RGL-ilm_solo_m_68_rgb].png","[forest_cave][bumpiness_high][RGL-ilm_solo_m_68_rgb].png","10"
"[forest_cave][bumpiness_high][RGL-vch_frozen_amethyst_rgb].png","[forest_cave][bumpiness_high][RGL-vch_frozen_amethyst_rgb].png","10"
"[forest_cave][bumpiness_high][RGL-vch_golden_yellow_rgb].png","[forest_cave][bumpiness_high][RGL-vch_golden_yellow_rgb].png","10"
"[forest_cave][bumpiness_high][RGL-vch_silk_blue_rgb].png","[forest_cave][bumpiness_high][RGL-vch_silk_blue_rgb].png","10"
"[forest_cave][bumpiness_high][SVBRDF-Ceramic__0330_marble_wall_01].png","[forest_cave][bumpiness_high][SVBRDF-Ceramic__0330_marble_wall_01].png","10"
"[forest_cave][bumpiness_high][SVBRDF-Ceramic__0974_arcane_arabesque_patterns].png","[forest_cave][bumpiness_high][SVBRDF-Ceramic__0974_arcane_arabesque_patterns].png","10"
"[forest_cave][bumpiness_high][SVBRDF-Ceramic__cgbc_blue_tiles_001].png","[forest_cave][bumpiness_high][SVBRDF-Ceramic__cgbc_blue_tiles_001].png","10"
"[forest_cave][bumpiness_high][SVBRDF-Ceramic__tc_tiles_085].png","[forest_cave][bumpiness_high][SVBRDF-Ceramic__tc_tiles_085].png","10"
"[forest_cave][bumpiness_high][SVBRDF-Fabric__0265_fabric_padded_wall].png","[forest_cave][bumpiness_high][SVBRDF-Fabric__0265_fabric_padded_wall].png","10"
"[forest_cave][bumpiness_high][SVBRDF-Fabric__0266_fabric_padded_wall].png","[forest_cave][bumpiness_high][SVBRDF-Fabric__0266_fabric_padded_wall].png","10"
"[forest_cave][bumpiness_high][SVBRDF-Fabric__acg_fabric_058].png","[forest_cave][bumpiness_high][SVBRDF-Fabric__acg_fabric_058].png","10"
"[forest_cave][bumpiness_high][SVBRDF-Fabric__js_fabric_pattern_006].png","[forest_cave][bumpiness_high][SVBRDF-Fabric__js_fabric_pattern_006].png","10"
"[forest_cave][bumpiness_high][SVBRDF-Metal__0361_metal_brushed_copper].png","[forest_cave][bumpiness_high][SVBRDF-Metal__0361_metal_brushed_copper].png","10"
"[forest_cave][bumpiness_high][SVBRDF-Metal__acg_metal_016].png","[forest_cave][bumpiness_high][SVBRDF-Metal__acg_metal_016].png","10"
"[forest_cave][bumpiness_high][SVBRDF-Metal__cgbc_metal_weave_002].png","[forest_cave][bumpiness_high][SVBRDF-Metal__cgbc_metal_weave_002].png","10"
"[forest_cave][bumpiness_low][MERL_EDIT-beige-fabric_diff_mix_grease-covered-steel_spec_hue_1_sat_1_spec_0].png","[forest_cave][bumpiness_low][MERL_EDIT-beige-fabric_diff_mix_grease-covered-steel_spec_hue_1_sat_1_spec_0].png","10"
"[forest_cave][bumpiness_low][MERL_EDIT-beige-fabric_diff_mix_grease-covered-steel_spec_hue_2_sat_0_spec_1].png","[forest_cave][bumpiness_low][MERL_EDIT-beige-fabric_diff_mix_grease-covered-steel_spec_hue_2_sat_0_spec_1].png","10"
"[forest_cave][bumpiness_low][MERL_EDIT-beige-fabric_diff_mix_grease-covered-steel_spec_hue_2_sat_1_spec_1].png","[forest_cave][bumpiness_low][MERL_EDIT-beige-fabric_diff_mix_grease-covered-steel_spec_hue_2_sat_1_spec_1].png","10"
"[forest_cave][bumpiness_low][MERL_EDIT-beige-fabric_diff_mix_natural-209_spec_hue_1_sat_0_spec_1].png","[forest_cave][bumpiness_low][MERL_EDIT-beige-fabric_diff_mix_natural-209_spec_hue_1_sat_0_spec_1].png","10"
"[forest_cave][bumpiness_low][MERL_EDIT-beige-fabric_diff_mix_polyethylene_spec_hue_3_black_spec_1].png","[forest_cave][bumpiness_low][MERL_EDIT-beige-fabric_diff_mix_polyethylene_spec_hue_3_black_spec_1].png","10"
"[forest_cave][bumpiness_low][MERL_EDIT-beige-fabric_diff_mix_silver-paint_spec_hue_2_sat_1_spec_1].png","[forest_cave][bumpiness_low][MERL_EDIT-beige-fabric_diff_mix_silver-paint_spec_hue_2_sat_1_spec_1].png","10"
"[forest_cave][bumpiness_low][MERL_EDIT-beige-fabric_diff_mix_silver-paint_spec_hue_3_black_spec_0].png","[forest_cave][bumpiness_low][MERL_EDIT-beige-fabric_diff_mix_silver-paint_spec_hue_3_black_spec_0].png","10"
"[forest_cave][bumpiness_low][MERL_EDIT-beige-fabric_diff_mix_silver-paint_spec_hue_3_black_spec_1].png","[forest_cave][bumpiness_low][MERL_EDIT-beige-fabric_diff_mix_silver-paint_spec_hue_3_black_spec_1].png","10"
"[forest_cave][bumpiness_low][MERL_EDIT-beige-fabric_diff_mix_silver-paint_spec_hue_3_black_spec_2].png","[forest_cave][bumpiness_low][MERL_EDIT-beige-fabric_diff_mix_silver-paint_spec_hue_3_black_spec_2].png","10"
"[forest_cave][bumpiness_low][MERL_EDIT-beige-fabric_diff_mix_white-paint_spec_hue_0_sat_1_spec_0].png","[forest_cave][bumpiness_low][MERL_EDIT-beige-fabric_diff_mix_white-paint_spec_hue_0_sat_1_spec_0].png","10"
"[forest_cave][bumpiness_low][MERL_EDIT-beige-fabric_hue_3_black_spec_0].png","[forest_cave][bumpiness_low][MERL_EDIT-beige-fabric_hue_3_black_spec_0].png","10"
"[forest_cave][bumpiness_low][MERL-alum-bronze].png","[forest_cave][bumpiness_low][MERL-alum-bronze].png","10"
"[forest_cave][bumpiness_low][MERL-alumina-oxide].png","[forest_cave][bumpiness_low][MERL-alumina-oxide].png","10"
"[forest_cave][bumpiness_low][MERL-aluminium].png","[forest_cave][bumpiness_low][MERL-aluminium].png","10"
"[forest_cave][bumpiness_low][MERL-beige-fabric].png","[forest_cave][bumpiness_low][MERL-beige-fabric].png","10"
"[forest_cave][bumpiness_low][MERL-black-fabric].png","[forest_cave][bumpiness_low][MERL-black-fabric].png","10"
"[forest_cave][bumpiness_low][MERL-chrome].png","[forest_cave][bumpiness_low][MERL-chrome].png","10"
"[forest_cave][bumpiness_low][MERL-gold-metallic-paint].png","[forest_cave][bumpiness_low][MERL-gold-metallic-paint].png","10"
"[forest_cave][bumpiness_low][MERL-gold-metallic-paint2].png","[forest_cave][bumpiness_low][MERL-gold-metallic-paint2].png","10"
"[forest_cave][bumpiness_low][MERL-gold-metallic-paint3].png","[forest_cave][bumpiness_low][MERL-gold-metallic-paint3].png","10"
"[forest_cave][bumpiness_low][MERL-green-plastic].png","[forest_cave][bumpiness_low][MERL-green-plastic].png","10"
"[forest_cave][bumpiness_low][MERL-light-brown-fabric].png","[forest_cave][bumpiness_low][MERL-light-brown-fabric].png","10"
"[forest_cave][bumpiness_low][MERL-pearl-paint].png","[forest_cave][bumpiness_low][MERL-pearl-paint].png","10"
"[forest_cave][bumpiness_low][MERL-polyurethane-foam].png","[forest_cave][bumpiness_low][MERL-polyurethane-foam].png","10"
"[forest_cave][bumpiness_low][MERL-red-metallic-paint].png","[forest_cave][bumpiness_low][MERL-red-metallic-paint].png","10"
"[forest_cave][bumpiness_low][MERL-silicon-nitrade].png","[forest_cave][bumpiness_low][MERL-silicon-nitrade].png","10"
"[forest_cave][bumpiness_low][MERL-silver-metallic-paint].png","[forest_cave][bumpiness_low][MERL-silver-metallic-paint].png","10"
"[forest_cave][bumpiness_low][MERL-silver-metallic-paint2].png","[forest_cave][bumpiness_low][MERL-silver-metallic-paint2].png","10"
"[forest_cave][bumpiness_low][MERL-specular-blue-phenolic].png","[forest_cave][bumpiness_low][MERL-specular-blue-phenolic].png","10"
"[forest_cave][bumpiness_low][MERL-specular-green-phenolic].png","[forest_cave][bumpiness_low][MERL-specular-green-phenolic].png","10"
"[forest_cave][bumpiness_low][MERL-specular-maroon-phenolic].png","[forest_cave][bumpiness_low][MERL-specular-maroon-phenolic].png","10"
"[forest_cave][bumpiness_low][MERL-specular-orange-phenolic].png","[forest_cave][bumpiness_low][MERL-specular-orange-phenolic].png","10"
"[forest_cave][bumpiness_low][MERL-specular-red-phenolic].png","[forest_cave][bumpiness_low][MERL-specular-red-phenolic].png","10"
"[forest_cave][bumpiness_low][MERL-specular-violet-phenolic].png","[forest_cave][bumpiness_low][MERL-specular-violet-phenolic].png","10"
"[forest_cave][bumpiness_low][MERL-specular-white-phenolic].png","[forest_cave][bumpiness_low][MERL-specular-white-phenolic].png","10"
"[forest_cave][bumpiness_low][MERL-specular-yellow-phenolic].png","[forest_cave][bumpiness_low][MERL-specular-yellow-phenolic].png","10"
"[forest_cave][bumpiness_low][MERL-steel].png","[forest_cave][bumpiness_low][MERL-steel].png","10"
"[forest_cave][bumpiness_low][MERL-tungsten-carbide].png","[forest_cave][bumpiness_low][MERL-tungsten-carbide].png","10"
"[forest_cave][bumpiness_low][MERL-two-layer-silver].png","[forest_cave][bumpiness_low][MERL-two-layer-silver].png","10"
"[forest_cave][bumpiness_low][MERL-white-acrylic].png","[forest_cave][bumpiness_low][MERL-white-acrylic].png","10"
"[forest_cave][bumpiness_low][MERL-yellow-phenolic].png","[forest_cave][bumpiness_low][MERL-yellow-phenolic].png","10"
"[forest_cave][bumpiness_low][RGL-aniso_copper_sheet_rgb].png","[forest_cave][bumpiness_low][RGL-aniso_copper_sheet_rgb].png","10"
"[forest_cave][bumpiness_low][RGL-aniso_miro_7_rgb].png","[forest_cave][bumpiness_low][RGL-aniso_miro_7_rgb].png","10"
"[forest_cave][bumpiness_low][RGL-aniso_sari_silk_2color_rgb].png","[forest_cave][bumpiness_low][RGL-aniso_sari_silk_2color_rgb].png","10"
"[forest_cave][bumpiness_low][RGL-chm_orange_rgb].png","[forest_cave][bumpiness_low][RGL-chm_orange_rgb].png","10"
"[forest_cave][bumpiness_low][RGL-ilm_solo_m_68_rgb].png","[forest_cave][bumpiness_low][RGL-ilm_solo_m_68_rgb].png","10"
"[forest_cave][bumpiness_low][RGL-vch_frozen_amethyst_rgb].png","[forest_cave][bumpiness_low][RGL-vch_frozen_amethyst_rgb].png","10"
"[forest_cave][bumpiness_low][RGL-vch_golden_yellow_rgb].png","[forest_cave][bumpiness_low][RGL-vch_golden_yellow_rgb].png","10"
"[forest_cave][bumpiness_low][RGL-vch_silk_blue_rgb].png","[forest_cave][bumpiness_low][RGL-vch_silk_blue_rgb].png","10"
"[forest_cave][bumpiness_low][SVBRDF-Ceramic__0330_marble_wall_01].png","[forest_cave][bumpiness_low][SVBRDF-Ceramic__0330_marble_wall_01].png","10"
"[forest_cave][bumpiness_low][SVBRDF-Ceramic__0974_arcane_arabesque_patterns].png","[forest_cave][bumpiness_low][SVBRDF-Ceramic__0974_arcane_arabesque_patterns].png","10"
"[forest_cave][bumpiness_low][SVBRDF-Ceramic__cgbc_blue_tiles_001].png","[forest_cave][bumpiness_low][SVBRDF-Ceramic__cgbc_blue_tiles_001].png","10"
"[forest_cave][bumpiness_low][SVBRDF-Ceramic__tc_tiles_085].png","[forest_cave][bumpiness_low][SVBRDF-Ceramic__tc_tiles_085].png","10"
"[forest_cave][bumpiness_low][SVBRDF-Fabric__0265_fabric_padded_wall].png","[forest_cave][bumpiness_low][SVBRDF-Fabric__0265_fabric_padded_wall].png","10"
"[forest_cave][bumpiness_low][SVBRDF-Fabric__0266_fabric_padded_wall].png","[forest_cave][bumpiness_low][SVBRDF-Fabric__0266_fabric_padded_wall].png","10"
"[forest_cave][bumpiness_low][SVBRDF-Fabric__acg_fabric_058].png","[forest_cave][bumpiness_low][SVBRDF-Fabric__acg_fabric_058].png","10"
"[forest_cave][bumpiness_low][SVBRDF-Fabric__js_fabric_pattern_006].png","[forest_cave][bumpiness_low][SVBRDF-Fabric__js_fabric_pattern_006].png","10"
"[forest_cave][bumpiness_low][SVBRDF-Metal__0361_metal_brushed_copper].png","[forest_cave][bumpiness_low][SVBRDF-Metal__0361_metal_brushed_copper].png","10"
"[forest_cave][bumpiness_low][SVBRDF-Metal__acg_metal_016].png","[forest_cave][bumpiness_low][SVBRDF-Metal__acg_metal_016].png","10"
"[forest_cave][bumpiness_low][SVBRDF-Metal__cgbc_metal_weave_002].png","[forest_cave][bumpiness_low][SVBRDF-Metal__cgbc_metal_weave_002].png","10"
"[forest_cave][bumpiness_very_high][MERL_EDIT-beige-fabric_diff_mix_grease-covered-steel_spec_hue_1_sat_1_spec_0].png","[forest_cave][bumpiness_very_high][MERL_EDIT-beige-fabric_diff_mix_grease-covered-steel_spec_hue_1_sat_1_spec_0].png","10"
"[forest_cave][bumpiness_very_high][MERL_EDIT-beige-fabric_diff_mix_grease-covered-steel_spec_hue_2_sat_0_spec_1].png","[forest_cave][bumpiness_very_high][MERL_EDIT-beige-fabric_diff_mix_grease-covered-steel_spec_hue_2_sat_0_spec_1].png","10"
"[forest_cave][bumpiness_very_high][MERL_EDIT-beige-fabric_diff_mix_grease-covered-steel_spec_hue_2_sat_1_spec_1].png","[forest_cave][bumpiness_very_high][MERL_EDIT-beige-fabric_diff_mix_grease-covered-steel_spec_hue_2_sat_1_spec_1].png","10"
"[forest_cave][bumpiness_very_high][MERL_EDIT-beige-fabric_diff_mix_natural-209_spec_hue_1_sat_0_spec_1].png","[forest_cave][bumpiness_very_high][MERL_EDIT-beige-fabric_diff_mix_natural-209_spec_hue_1_sat_0_spec_1].png","10"
"[forest_cave][bumpiness_very_high][MERL_EDIT-beige-fabric_diff_mix_polyethylene_spec_hue_3_black_spec_1].png","[forest_cave][bumpiness_very_high][MERL_EDIT-beige-fabric_diff_mix_polyethylene_spec_hue_3_black_spec_1].png","10"
"[forest_cave][bumpiness_very_high][MERL_EDIT-beige-fabric_diff_mix_silver-paint_spec_hue_2_sat_1_spec_1].png","[forest_cave][bumpiness_very_high][MERL_EDIT-beige-fabric_diff_mix_silver-paint_spec_hue_2_sat_1_spec_1].png","10"
"[forest_cave][bumpiness_very_high][MERL_EDIT-beige-fabric_diff_mix_silver-paint_spec_hue_3_black_spec_0].png","[forest_cave][bumpiness_very_high][MERL_EDIT-beige-fabric_diff_mix_silver-paint_spec_hue_3_black_spec_0].png","10"
"[forest_cave][bumpiness_very_high][MERL_EDIT-beige-fabric_diff_mix_silver-paint_spec_hue_3_black_spec_1].png","[forest_cave][bumpiness_very_high][MERL_EDIT-beige-fabric_diff_mix_silver-paint_spec_hue_3_black_spec_1].png","10"
"[forest_cave][bumpiness_very_high][MERL_EDIT-beige-fabric_diff_mix_silver-paint_spec_hue_3_black_spec_2].png","[forest_cave][bumpiness_very_high][MERL_EDIT-beige-fabric_diff_mix_silver-paint_spec_hue_3_black_spec_2].png","10"
"[forest_cave][bumpiness_very_high][MERL_EDIT-beige-fabric_diff_mix_white-paint_spec_hue_0_sat_1_spec_0].png","[forest_cave][bumpiness_very_high][MERL_EDIT-beige-fabric_diff_mix_white-paint_spec_hue_0_sat_1_spec_0].png","10"
"[forest_cave][bumpiness_very_high][MERL_EDIT-beige-fabric_hue_3_black_spec_0].png","[forest_cave][bumpiness_very_high][MERL_EDIT-beige-fabric_hue_3_black_spec_0].png","10"
"[forest_cave][bumpiness_very_high][MERL-alum-bronze].png","[forest_cave][bumpiness_very_high][MERL-alum-bronze].png","10"
"[forest_cave][bumpiness_very_high][MERL-alumina-oxide].png","[forest_cave][bumpiness_very_high][MERL-alumina-oxide].png","10"
"[forest_cave][bumpiness_very_high][MERL-aluminium].png","[forest_cave][bumpiness_very_high][MERL-aluminium].png","10"
"[forest_cave][bumpiness_very_high][MERL-beige-fabric].png","[forest_cave][bumpiness_very_high][MERL-beige-fabric].png","10"
"[forest_cave][bumpiness_very_high][MERL-black-fabric].png","[forest_cave][bumpiness_very_high][MERL-black-fabric].png","10"
"[forest_cave][bumpiness_very_high][MERL-chrome].png","[forest_cave][bumpiness_very_high][MERL-chrome].png","10"
"[forest_cave][bumpiness_very_high][MERL-gold-metallic-paint].png","[forest_cave][bumpiness_very_high][MERL-gold-metallic-paint].png","10"
"[forest_cave][bumpiness_very_high][MERL-gold-metallic-paint2].png","[forest_cave][bumpiness_very_high][MERL-gold-metallic-paint2].png","10"
"[forest_cave][bumpiness_very_high][MERL-gold-metallic-paint3].png","[forest_cave][bumpiness_very_high][MERL-gold-metallic-paint3].png","10"
"[forest_cave][bumpiness_very_high][MERL-green-plastic].png","[forest_cave][bumpiness_very_high][MERL-green-plastic].png","10"
"[forest_cave][bumpiness_very_high][MERL-light-brown-fabric].png","[forest_cave][bumpiness_very_high][MERL-light-brown-fabric].png","10"
"[forest_cave][bumpiness_very_high][MERL-pearl-paint].png","[forest_cave][bumpiness_very_high][MERL-pearl-paint].png","10"
"[forest_cave][bumpiness_very_high][MERL-polyurethane-foam].png","[forest_cave][bumpiness_very_high][MERL-polyurethane-foam].png","10"
"[forest_cave][bumpiness_very_high][MERL-red-metallic-paint].png","[forest_cave][bumpiness_very_high][MERL-red-metallic-paint].png","10"
"[forest_cave][bumpiness_very_high][MERL-silicon-nitrade].png","[forest_cave][bumpiness_very_high][MERL-silicon-nitrade].png","10"
"[forest_cave][bumpiness_very_high][MERL-silver-metallic-paint].png","[forest_cave][bumpiness_very_high][MERL-silver-metallic-paint].png","10"
"[forest_cave][bumpiness_very_high][MERL-silver-metallic-paint2].png","[forest_cave][bumpiness_very_high][MERL-silver-metallic-paint2].png","10"
"[forest_cave][bumpiness_very_high][MERL-specular-blue-phenolic].png","[forest_cave][bumpiness_very_high][MERL-specular-blue-phenolic].png","10"
"[forest_cave][bumpiness_very_high][MERL-specular-green-phenolic].png","[forest_cave][bumpiness_very_high][MERL-specular-green-phenolic].png","10"
"[forest_cave][bumpiness_very_high][MERL-specular-maroon-phenolic].png","[forest_cave][bumpiness_very_high][MERL-specular-maroon-phenolic].png","10"
"[forest_cave][bumpiness_very_high][MERL-specular-orange-phenolic].png","[forest_cave][bumpiness_very_high][MERL-specular-orange-phenolic].png","10"
"[forest_cave][bumpiness_very_high][MERL-specular-red-phenolic].png","[forest_cave][bumpiness_very_high][MERL-specular-red-phenolic].png","10"
"[forest_cave][bumpiness_very_high][MERL-specular-violet-phenolic].png","[forest_cave][bumpiness_very_high][MERL-specular-violet-phenolic].png","10"
"[forest_cave][bumpiness_very_high][MERL-specular-white-phenolic].png","[forest_cave][bumpiness_very_high][MERL-specular-white-phenolic].png","10"
"[forest_cave][bumpiness_very_high][MERL-specular-yellow-phenolic].png","[forest_cave][bumpiness_very_high][MERL-specular-yellow-phenolic].png","10"
"[forest_cave][bumpiness_very_high][MERL-steel].png","[forest_cave][bumpiness_very_high][MERL-steel].png","10"
"[forest_cave][bumpiness_very_high][MERL-tungsten-carbide].png","[forest_cave][bumpiness_very_high][MERL-tungsten-carbide].png","10"
"[forest_cave][bumpiness_very_high][MERL-two-layer-silver].png","[forest_cave][bumpiness_very_high][MERL-two-layer-silver].png","10"
"[forest_cave][bumpiness_very_high][MERL-white-acrylic].png","[forest_cave][bumpiness_very_high][MERL-white-acrylic].png","10"
"[forest_cave][bumpiness_very_high][MERL-yellow-phenolic].png","[forest_cave][bumpiness_very_high][MERL-yellow-phenolic].png","10"
"[forest_cave][bumpiness_very_high][RGL-aniso_copper_sheet_rgb].png","[forest_cave][bumpiness_very_high][RGL-aniso_copper_sheet_rgb].png","10"
"[forest_cave][bumpiness_very_high][RGL-aniso_miro_7_rgb].png","[forest_cave][bumpiness_very_high][RGL-aniso_miro_7_rgb].png","10"
"[forest_cave][bumpiness_very_high][RGL-aniso_sari_silk_2color_rgb].png","[forest_cave][bumpiness_very_high][RGL-aniso_sari_silk_2color_rgb].png","10"
"[forest_cave][bumpiness_very_high][RGL-chm_orange_rgb].png","[forest_cave][bumpiness_very_high][RGL-chm_orange_rgb].png","10"
"[forest_cave][bumpiness_very_high][RGL-ilm_solo_m_68_rgb].png","[forest_cave][bumpiness_very_high][RGL-ilm_solo_m_68_rgb].png","10"
"[forest_cave][bumpiness_very_high][RGL-vch_frozen_amethyst_rgb].png","[forest_cave][bumpiness_very_high][RGL-vch_frozen_amethyst_rgb].png","10"
"[forest_cave][bumpiness_very_high][RGL-vch_golden_yellow_rgb].png","[forest_cave][bumpiness_very_high][RGL-vch_golden_yellow_rgb].png","10"
"[forest_cave][bumpiness_very_high][RGL-vch_silk_blue_rgb].png","[forest_cave][bumpiness_very_high][RGL-vch_silk_blue_rgb].png","10"
"[forest_cave][bumpiness_very_high][SVBRDF-Ceramic__0330_marble_wall_01].png","[forest_cave][bumpiness_very_high][SVBRDF-Ceramic__0330_marble_wall_01].png","10"
"[forest_cave][bumpiness_very_high][SVBRDF-Ceramic__0974_arcane_arabesque_patterns].png","[forest_cave][bumpiness_very_high][SVBRDF-Ceramic__0974_arcane_arabesque_patterns].png","10"
"[forest_cave][bumpiness_very_high][SVBRDF-Ceramic__cgbc_blue_tiles_001].png","[forest_cave][bumpiness_very_high][SVBRDF-Ceramic__cgbc_blue_tiles_001].png","10"
"[forest_cave][bumpiness_very_high][SVBRDF-Ceramic__tc_tiles_085].png","[forest_cave][bumpiness_very_high][SVBRDF-Ceramic__tc_tiles_085].png","10"
"[forest_cave][bumpiness_very_high][SVBRDF-Fabric__0265_fabric_padded_wall].png","[forest_cave][bumpiness_very_high][SVBRDF-Fabric__0265_fabric_padded_wall].png","10"
"[forest_cave][bumpiness_very_high][SVBRDF-Fabric__0266_fabric_padded_wall].png","[forest_cave][bumpiness_very_high][SVBRDF-Fabric__0266_fabric_padded_wall].png","10"
"[forest_cave][bumpiness_very_high][SVBRDF-Fabric__acg_fabric_058].png","[forest_cave][bumpiness_very_high][SVBRDF-Fabric__acg_fabric_058].png","10"
"[forest_cave][bumpiness_very_high][SVBRDF-Fabric__js_fabric_pattern_006].png","[forest_cave][bumpiness_very_high][SVBRDF-Fabric__js_fabric_pattern_006].png","10"
"[forest_cave][bumpiness_very_high][SVBRDF-Metal__0361_metal_brushed_copper].png","[forest_cave][bumpiness_very_high][SVBRDF-Metal__0361_metal_brushed_copper].png","10"
"[forest_cave][bumpiness_very_high][SVBRDF-Metal__acg_metal_016].png","[forest_cave][bumpiness_very_high][SVBRDF-Metal__acg_metal_016].png","10"
"[forest_cave][bumpiness_very_high][SVBRDF-Metal__cgbc_metal_weave_002].png","[forest_cave][bumpiness_very_high][SVBRDF-Metal__cgbc_metal_weave_002].png","10"
"[forest_cave][ridges_high_frequency][MERL_EDIT-beige-fabric_diff_mix_grease-covered-steel_spec_hue_1_sat_1_spec_0].png","[forest_cave][ridges_high_frequency][MERL_EDIT-beige-fabric_diff_mix_grease-covered-steel_spec_hue_1_sat_1_spec_0].png","10"
"[forest_cave][ridges_high_frequency][MERL_EDIT-beige-fabric_diff_mix_grease-covered-steel_spec_hue_2_sat_0_spec_1].png","[forest_cave][ridges_high_frequency][MERL_EDIT-beige-fabric_diff_mix_grease-covered-steel_spec_hue_2_sat_0_spec_1].png","10"
"[forest_cave][ridges_high_frequency][MERL_EDIT-beige-fabric_diff_mix_grease-covered-steel_spec_hue_2_sat_1_spec_1].png","[forest_cave][ridges_high_frequency][MERL_EDIT-beige-fabric_diff_mix_grease-covered-steel_spec_hue_2_sat_1_spec_1].png","10"
"[forest_cave][ridges_high_frequency][MERL_EDIT-beige-fabric_diff_mix_natural-209_spec_hue_1_sat_0_spec_1].png","[forest_cave][ridges_high_frequency][MERL_EDIT-beige-fabric_diff_mix_natural-209_spec_hue_1_sat_0_spec_1].png","10"
"[forest_cave][ridges_high_frequency][MERL_EDIT-beige-fabric_diff_mix_polyethylene_spec_hue_3_black_spec_1].png","[forest_cave][ridges_high_frequency][MERL_EDIT-beige-fabric_diff_mix_polyethylene_spec_hue_3_black_spec_1].png","10"
"[forest_cave][ridges_high_frequency][MERL_EDIT-beige-fabric_diff_mix_silver-paint_spec_hue_2_sat_1_spec_1].png","[forest_cave][ridges_high_frequency][MERL_EDIT-beige-fabric_diff_mix_silver-paint_spec_hue_2_sat_1_spec_1].png","10"
"[forest_cave][ridges_high_frequency][MERL_EDIT-beige-fabric_diff_mix_silver-paint_spec_hue_3_black_spec_0].png","[forest_cave][ridges_high_frequency][MERL_EDIT-beige-fabric_diff_mix_silver-paint_spec_hue_3_black_spec_0].png","10"
"[forest_cave][ridges_high_frequency][MERL_EDIT-beige-fabric_diff_mix_silver-paint_spec_hue_3_black_spec_1].png","[forest_cave][ridges_high_frequency][MERL_EDIT-beige-fabric_diff_mix_silver-paint_spec_hue_3_black_spec_1].png","10"
"[forest_cave][ridges_high_frequency][MERL_EDIT-beige-fabric_diff_mix_silver-paint_spec_hue_3_black_spec_2].png","[forest_cave][ridges_high_frequency][MERL_EDIT-beige-fabric_diff_mix_silver-paint_spec_hue_3_black_spec_2].png","10"
"[forest_cave][ridges_high_frequency][MERL_EDIT-beige-fabric_diff_mix_white-paint_spec_hue_0_sat_1_spec_0].png","[forest_cave][ridges_high_frequency][MERL_EDIT-beige-fabric_diff_mix_white-paint_spec_hue_0_sat_1_spec_0].png","10"
"[forest_cave][ridges_high_frequency][MERL_EDIT-beige-fabric_hue_3_black_spec_0].png","[forest_cave][ridges_high_frequency][MERL_EDIT-beige-fabric_hue_3_black_spec_0].png","10"
"[forest_cave][ridges_high_frequency][MERL-alum-bronze].png","[forest_cave][ridges_high_frequency][MERL-alum-bronze].png","10"
"[forest_cave][ridges_high_frequency][MERL-alumina-oxide].png","[forest_cave][ridges_high_frequency][MERL-alumina-oxide].png","10"
"[forest_cave][ridges_high_frequency][MERL-aluminium].png","[forest_cave][ridges_high_frequency][MERL-aluminium].png","10"
"[forest_cave][ridges_high_frequency][MERL-beige-fabric].png","[forest_cave][ridges_high_frequency][MERL-beige-fabric].png","10"
"[forest_cave][ridges_high_frequency][MERL-black-fabric].png","[forest_cave][ridges_high_frequency][MERL-black-fabric].png","10"
"[forest_cave][ridges_high_frequency][MERL-chrome].png","[forest_cave][ridges_high_frequency][MERL-chrome].png","10"
"[forest_cave][ridges_high_frequency][MERL-gold-metallic-paint].png","[forest_cave][ridges_high_frequency][MERL-gold-metallic-paint].png","10"
"[forest_cave][ridges_high_frequency][MERL-gold-metallic-paint2].png","[forest_cave][ridges_high_frequency][MERL-gold-metallic-paint2].png","10"
"[forest_cave][ridges_high_frequency][MERL-gold-metallic-paint3].png","[forest_cave][ridges_high_frequency][MERL-gold-metallic-paint3].png","10"
"[forest_cave][ridges_high_frequency][MERL-green-plastic].png","[forest_cave][ridges_high_frequency][MERL-green-plastic].png","10"
"[forest_cave][ridges_high_frequency][MERL-light-brown-fabric].png","[forest_cave][ridges_high_frequency][MERL-light-brown-fabric].png","10"
"[forest_cave][ridges_high_frequency][MERL-pearl-paint].png","[forest_cave][ridges_high_frequency][MERL-pearl-paint].png","10"
"[forest_cave][ridges_high_frequency][MERL-polyurethane-foam].png","[forest_cave][ridges_high_frequency][MERL-polyurethane-foam].png","10"
"[forest_cave][ridges_high_frequency][MERL-red-metallic-paint].png","[forest_cave][ridges_high_frequency][MERL-red-metallic-paint].png","10"
"[forest_cave][ridges_high_frequency][MERL-silicon-nitrade].png","[forest_cave][ridges_high_frequency][MERL-silicon-nitrade].png","10"
"[forest_cave][ridges_high_frequency][MERL-silver-metallic-paint].png","[forest_cave][ridges_high_frequency][MERL-silver-metallic-paint].png","10"
"[forest_cave][ridges_high_frequency][MERL-silver-metallic-paint2].png","[forest_cave][ridges_high_frequency][MERL-silver-metallic-paint2].png","10"
"[forest_cave][ridges_high_frequency][MERL-specular-blue-phenolic].png","[forest_cave][ridges_high_frequency][MERL-specular-blue-phenolic].png","10"
"[forest_cave][ridges_high_frequency][MERL-specular-green-phenolic].png","[forest_cave][ridges_high_frequency][MERL-specular-green-phenolic].png","10"
"[forest_cave][ridges_high_frequency][MERL-specular-maroon-phenolic].png","[forest_cave][ridges_high_frequency][MERL-specular-maroon-phenolic].png","10"
"[forest_cave][ridges_high_frequency][MERL-specular-orange-phenolic].png","[forest_cave][ridges_high_frequency][MERL-specular-orange-phenolic].png","10"
"[forest_cave][ridges_high_frequency][MERL-specular-red-phenolic].png","[forest_cave][ridges_high_frequency][MERL-specular-red-phenolic].png","10"
"[forest_cave][ridges_high_frequency][MERL-specular-violet-phenolic].png","[forest_cave][ridges_high_frequency][MERL-specular-violet-phenolic].png","10"
"[forest_cave][ridges_high_frequency][MERL-specular-white-phenolic].png","[forest_cave][ridges_high_frequency][MERL-specular-white-phenolic].png","10"
"[forest_cave][ridges_high_frequency][MERL-specular-yellow-phenolic].png","[forest_cave][ridges_high_frequency][MERL-specular-yellow-phenolic].png","10"
"[forest_cave][ridges_high_frequency][MERL-steel].png","[forest_cave][ridges_high_frequency][MERL-steel].png","10"
"[forest_cave][ridges_high_frequency][MERL-tungsten-carbide].png","[forest_cave][ridges_high_frequency][MERL-tungsten-carbide].png","10"
"[forest_cave][ridges_high_frequency][MERL-two-layer-silver].png","[forest_cave][ridges_high_frequency][MERL-two-layer-silver].png","10"
"[forest_cave][ridges_high_frequency][MERL-white-acrylic].png","[forest_cave][ridges_high_frequency][MERL-white-acrylic].png","10"
"[forest_cave][ridges_high_frequency][MERL-yellow-phenolic].png","[forest_cave][ridges_high_frequency][MERL-yellow-phenolic].png","10"
"[forest_cave][ridges_high_frequency][RGL-aniso_copper_sheet_rgb].png","[forest_cave][ridges_high_frequency][RGL-aniso_copper_sheet_rgb].png","10"
"[forest_cave][ridges_high_frequency][RGL-aniso_miro_7_rgb].png","[forest_cave][ridges_high_frequency][RGL-aniso_miro_7_rgb].png","10"
"[forest_cave][ridges_high_frequency][RGL-aniso_sari_silk_2color_rgb].png","[forest_cave][ridges_high_frequency][RGL-aniso_sari_silk_2color_rgb].png","10"
"[forest_cave][ridges_high_frequency][RGL-chm_orange_rgb].png","[forest_cave][ridges_high_frequency][RGL-chm_orange_rgb].png","10"
"[forest_cave][ridges_high_frequency][RGL-ilm_solo_m_68_rgb].png","[forest_cave][ridges_high_frequency][RGL-ilm_solo_m_68_rgb].png","10"
"[forest_cave][ridges_high_frequency][RGL-vch_frozen_amethyst_rgb].png","[forest_cave][ridges_high_frequency][RGL-vch_frozen_amethyst_rgb].png","10"
"[forest_cave][ridges_high_frequency][RGL-vch_golden_yellow_rgb].png","[forest_cave][ridges_high_frequency][RGL-vch_golden_yellow_rgb].png","10"
"[forest_cave][ridges_high_frequency][RGL-vch_silk_blue_rgb].png","[forest_cave][ridges_high_frequency][RGL-vch_silk_blue_rgb].png","10"
"[forest_cave][ridges_high_frequency][SVBRDF-Ceramic__0330_marble_wall_01].png","[forest_cave][ridges_high_frequency][SVBRDF-Ceramic__0330_marble_wall_01].png","10"
"[forest_cave][ridges_high_frequency][SVBRDF-Ceramic__0974_arcane_arabesque_patterns].png","[forest_cave][ridges_high_frequency][SVBRDF-Ceramic__0974_arcane_arabesque_patterns].png","10"
"[forest_cave][ridges_high_frequency][SVBRDF-Ceramic__cgbc_blue_tiles_001].png","[forest_cave][ridges_high_frequency][SVBRDF-Ceramic__cgbc_blue_tiles_001].png","10"
"[forest_cave][ridges_high_frequency][SVBRDF-Ceramic__tc_tiles_085].png","[forest_cave][ridges_high_frequency][SVBRDF-Ceramic__tc_tiles_085].png","10"
"[forest_cave][ridges_high_frequency][SVBRDF-Fabric__0265_fabric_padded_wall].png","[forest_cave][ridges_high_frequency][SVBRDF-Fabric__0265_fabric_padded_wall].png","10"
"[forest_cave][ridges_high_frequency][SVBRDF-Fabric__0266_fabric_padded_wall].png","[forest_cave][ridges_high_frequency][SVBRDF-Fabric__0266_fabric_padded_wall].png","10"
"[forest_cave][ridges_high_frequency][SVBRDF-Fabric__acg_fabric_058].png","[forest_cave][ridges_high_frequency][SVBRDF-Fabric__acg_fabric_058].png","10"
"[forest_cave][ridges_high_frequency][SVBRDF-Fabric__js_fabric_pattern_006].png","[forest_cave][ridges_high_frequency][SVBRDF-Fabric__js_fabric_pattern_006].png","10"
"[forest_cave][ridges_high_frequency][SVBRDF-Metal__0361_metal_brushed_copper].png","[forest_cave][ridges_high_frequency][SVBRDF-Metal__0361_metal_brushed_copper].png","10"
"[forest_cave][ridges_high_frequency][SVBRDF-Metal__acg_metal_016].png","[forest_cave][ridges_high_frequency][SVBRDF-Metal__acg_metal_016].png","10"
"[forest_cave][ridges_high_frequency][SVBRDF-Metal__cgbc_metal_weave_002].png","[forest_cave][ridges_high_frequency][SVBRDF-Metal__cgbc_metal_weave_002].png","10"
"[forest_cave][ridges_low_frequency][MERL_EDIT-beige-fabric_diff_mix_grease-covered-steel_spec_hue_1_sat_1_spec_0].png","[forest_cave][ridges_low_frequency][MERL_EDIT-beige-fabric_diff_mix_grease-covered-steel_spec_hue_1_sat_1_spec_0].png","10"
"[forest_cave][ridges_low_frequency][MERL_EDIT-beige-fabric_diff_mix_grease-covered-steel_spec_hue_2_sat_0_spec_1].png","[forest_cave][ridges_low_frequency][MERL_EDIT-beige-fabric_diff_mix_grease-covered-steel_spec_hue_2_sat_0_spec_1].png","10"
"[forest_cave][ridges_low_frequency][MERL_EDIT-beige-fabric_diff_mix_grease-covered-steel_spec_hue_2_sat_1_spec_1].png","[forest_cave][ridges_low_frequency][MERL_EDIT-beige-fabric_diff_mix_grease-covered-steel_spec_hue_2_sat_1_spec_1].png","10"
"[forest_cave][ridges_low_frequency][MERL_EDIT-beige-fabric_diff_mix_natural-209_spec_hue_1_sat_0_spec_1].png","[forest_cave][ridges_low_frequency][MERL_EDIT-beige-fabric_diff_mix_natural-209_spec_hue_1_sat_0_spec_1].png","10"
"[forest_cave][ridges_low_frequency][MERL_EDIT-beige-fabric_diff_mix_polyethylene_spec_hue_3_black_spec_1].png","[forest_cave][ridges_low_frequency][MERL_EDIT-beige-fabric_diff_mix_polyethylene_spec_hue_3_black_spec_1].png","10"
"[forest_cave][ridges_low_frequency][MERL_EDIT-beige-fabric_diff_mix_silver-paint_spec_hue_2_sat_1_spec_1].png","[forest_cave][ridges_low_frequency][MERL_EDIT-beige-fabric_diff_mix_silver-paint_spec_hue_2_sat_1_spec_1].png","10"
"[forest_cave][ridges_low_frequency][MERL_EDIT-beige-fabric_diff_mix_silver-paint_spec_hue_3_black_spec_0].png","[forest_cave][ridges_low_frequency][MERL_EDIT-beige-fabric_diff_mix_silver-paint_spec_hue_3_black_spec_0].png","10"
"[forest_cave][ridges_low_frequency][MERL_EDIT-beige-fabric_diff_mix_silver-paint_spec_hue_3_black_spec_1].png","[forest_cave][ridges_low_frequency][MERL_EDIT-beige-fabric_diff_mix_silver-paint_spec_hue_3_black_spec_1].png","10"
"[forest_cave][ridges_low_frequency][MERL_EDIT-beige-fabric_diff_mix_silver-paint_spec_hue_3_black_spec_2].png","[forest_cave][ridges_low_frequency][MERL_EDIT-beige-fabric_diff_mix_silver-paint_spec_hue_3_black_spec_2].png","10"
"[forest_cave][ridges_low_frequency][MERL_EDIT-beige-fabric_diff_mix_white-paint_spec_hue_0_sat_1_spec_0].png","[forest_cave][ridges_low_frequency][MERL_EDIT-beige-fabric_diff_mix_white-paint_spec_hue_0_sat_1_spec_0].png","10"
"[forest_cave][ridges_low_frequency][MERL_EDIT-beige-fabric_hue_3_black_spec_0].png","[forest_cave][ridges_low_frequency][MERL_EDIT-beige-fabric_hue_3_black_spec_0].png","10"
"[forest_cave][ridges_low_frequency][MERL-alum-bronze].png","[forest_cave][ridges_low_frequency][MERL-alum-bronze].png","10"
"[forest_cave][ridges_low_frequency][MERL-alumina-oxide].png","[forest_cave][ridges_low_frequency][MERL-alumina-oxide].png","10"
"[forest_cave][ridges_low_frequency][MERL-aluminium].png","[forest_cave][ridges_low_frequency][MERL-aluminium].png","10"
"[forest_cave][ridges_low_frequency][MERL-beige-fabric].png","[forest_cave][ridges_low_frequency][MERL-beige-fabric].png","10"
"[forest_cave][ridges_low_frequency][MERL-black-fabric].png","[forest_cave][ridges_low_frequency][MERL-black-fabric].png","10"
"[forest_cave][ridges_low_frequency][MERL-chrome].png","[forest_cave][ridges_low_frequency][MERL-chrome].png","10"
"[forest_cave][ridges_low_frequency][MERL-gold-metallic-paint].png","[forest_cave][ridges_low_frequency][MERL-gold-metallic-paint].png","10"
"[forest_cave][ridges_low_frequency][MERL-gold-metallic-paint2].png","[forest_cave][ridges_low_frequency][MERL-gold-metallic-paint2].png","10"
"[forest_cave][ridges_low_frequency][MERL-gold-metallic-paint3].png","[forest_cave][ridges_low_frequency][MERL-gold-metallic-paint3].png","10"
"[forest_cave][ridges_low_frequency][MERL-green-plastic].png","[forest_cave][ridges_low_frequency][MERL-green-plastic].png","10"
"[forest_cave][ridges_low_frequency][MERL-light-brown-fabric].png","[forest_cave][ridges_low_frequency][MERL-light-brown-fabric].png","10"
"[forest_cave][ridges_low_frequency][MERL-pearl-paint].png","[forest_cave][ridges_low_frequency][MERL-pearl-paint].png","10"
"[forest_cave][ridges_low_frequency][MERL-polyurethane-foam].png","[forest_cave][ridges_low_frequency][MERL-polyurethane-foam].png","10"
"[forest_cave][ridges_low_frequency][MERL-red-metallic-paint].png","[forest_cave][ridges_low_frequency][MERL-red-metallic-paint].png","10"
"[forest_cave][ridges_low_frequency][MERL-silicon-nitrade].png","[forest_cave][ridges_low_frequency][MERL-silicon-nitrade].png","10"
"[forest_cave][ridges_low_frequency][MERL-silver-metallic-paint].png","[forest_cave][ridges_low_frequency][MERL-silver-metallic-paint].png","10"
"[forest_cave][ridges_low_frequency][MERL-silver-metallic-paint2].png","[forest_cave][ridges_low_frequency][MERL-silver-metallic-paint2].png","10"
"[forest_cave][ridges_low_frequency][MERL-specular-blue-phenolic].png","[forest_cave][ridges_low_frequency][MERL-specular-blue-phenolic].png","10"
"[forest_cave][ridges_low_frequency][MERL-specular-green-phenolic].png","[forest_cave][ridges_low_frequency][MERL-specular-green-phenolic].png","10"
"[forest_cave][ridges_low_frequency][MERL-specular-maroon-phenolic].png","[forest_cave][ridges_low_frequency][MERL-specular-maroon-phenolic].png","10"
"[forest_cave][ridges_low_frequency][MERL-specular-orange-phenolic].png","[forest_cave][ridges_low_frequency][MERL-specular-orange-phenolic].png","10"
"[forest_cave][ridges_low_frequency][MERL-specular-red-phenolic].png","[forest_cave][ridges_low_frequency][MERL-specular-red-phenolic].png","10"
"[forest_cave][ridges_low_frequency][MERL-specular-violet-phenolic].png","[forest_cave][ridges_low_frequency][MERL-specular-violet-phenolic].png","10"
"[forest_cave][ridges_low_frequency][MERL-specular-white-phenolic].png","[forest_cave][ridges_low_frequency][MERL-specular-white-phenolic].png","10"
"[forest_cave][ridges_low_frequency][MERL-specular-yellow-phenolic].png","[forest_cave][ridges_low_frequency][MERL-specular-yellow-phenolic].png","10"
"[forest_cave][ridges_low_frequency][MERL-steel].png","[forest_cave][ridges_low_frequency][MERL-steel].png","10"
"[forest_cave][ridges_low_frequency][MERL-tungsten-carbide].png","[forest_cave][ridges_low_frequency][MERL-tungsten-carbide].png","10"
"[forest_cave][ridges_low_frequency][MERL-two-layer-silver].png","[forest_cave][ridges_low_frequency][MERL-two-layer-silver].png","10"
"[forest_cave][ridges_low_frequency][MERL-white-acrylic].png","[forest_cave][ridges_low_frequency][MERL-white-acrylic].png","10"
"[forest_cave][ridges_low_frequency][MERL-yellow-phenolic].png","[forest_cave][ridges_low_frequency][MERL-yellow-phenolic].png","10"
"[forest_cave][ridges_low_frequency][RGL-aniso_copper_sheet_rgb].png","[forest_cave][ridges_low_frequency][RGL-aniso_copper_sheet_rgb].png","10"
"[forest_cave][ridges_low_frequency][RGL-aniso_miro_7_rgb].png","[forest_cave][ridges_low_frequency][RGL-aniso_miro_7_rgb].png","10"
"[forest_cave][ridges_low_frequency][RGL-aniso_sari_silk_2color_rgb].png","[forest_cave][ridges_low_frequency][RGL-aniso_sari_silk_2color_rgb].png","10"
"[forest_cave][ridges_low_frequency][RGL-chm_orange_rgb].png","[forest_cave][ridges_low_frequency][RGL-chm_orange_rgb].png","10"
"[forest_cave][ridges_low_frequency][RGL-ilm_solo_m_68_rgb].png","[forest_cave][ridges_low_frequency][RGL-ilm_solo_m_68_rgb].png","10"
"[forest_cave][ridges_low_frequency][RGL-vch_frozen_amethyst_rgb].png","[forest_cave][ridges_low_frequency][RGL-vch_frozen_amethyst_rgb].png","10"
"[forest_cave][ridges_low_frequency][RGL-vch_golden_yellow_rgb].png","[forest_cave][ridges_low_frequency][RGL-vch_golden_yellow_rgb].png","10"
"[forest_cave][ridges_low_frequency][RGL-vch_silk_blue_rgb].png","[forest_cave][ridges_low_frequency][RGL-vch_silk_blue_rgb].png","10"
"[forest_cave][ridges_low_frequency][SVBRDF-Ceramic__0330_marble_wall_01].png","[forest_cave][ridges_low_frequency][SVBRDF-Ceramic__0330_marble_wall_01].png","10"
"[forest_cave][ridges_low_frequency][SVBRDF-Ceramic__0974_arcane_arabesque_patterns].png","[forest_cave][ridges_low_frequency][SVBRDF-Ceramic__0974_arcane_arabesque_patterns].png","10"
"[forest_cave][ridges_low_frequency][SVBRDF-Ceramic__cgbc_blue_tiles_001].png","[forest_cave][ridges_low_frequency][SVBRDF-Ceramic__cgbc_blue_tiles_001].png","10"
"[forest_cave][ridges_low_frequency][SVBRDF-Ceramic__tc_tiles_085].png","[forest_cave][ridges_low_frequency][SVBRDF-Ceramic__tc_tiles_085].png","10"
"[forest_cave][ridges_low_frequency][SVBRDF-Fabric__0265_fabric_padded_wall].png","[forest_cave][ridges_low_frequency][SVBRDF-Fabric__0265_fabric_padded_wall].png","10"
"[forest_cave][ridges_low_frequency][SVBRDF-Fabric__0266_fabric_padded_wall].png","[forest_cave][ridges_low_frequency][SVBRDF-Fabric__0266_fabric_padded_wall].png","10"
"[forest_cave][ridges_low_frequency][SVBRDF-Fabric__acg_fabric_058].png","[forest_cave][ridges_low_frequency][SVBRDF-Fabric__acg_fabric_058].png","10"
"[forest_cave][ridges_low_frequency][SVBRDF-Fabric__js_fabric_pattern_006].png","[forest_cave][ridges_low_frequency][SVBRDF-Fabric__js_fabric_pattern_006].png","10"
"[forest_cave][ridges_low_frequency][SVBRDF-Metal__0361_metal_brushed_copper].png","[forest_cave][ridges_low_frequency][SVBRDF-Metal__0361_metal_brushed_copper].png","10"
"[forest_cave][ridges_low_frequency][SVBRDF-Metal__acg_metal_016].png","[forest_cave][ridges_low_frequency][SVBRDF-Metal__acg_metal_016].png","10"
"[forest_cave][ridges_low_frequency][SVBRDF-Metal__cgbc_metal_weave_002].png","[forest_cave][ridges_low_frequency][SVBRDF-Metal__cgbc_metal_weave_002].png","10"
"[forest_cave][ridges_very_high_frequency][MERL_EDIT-beige-fabric_diff_mix_grease-covered-steel_spec_hue_1_sat_1_spec_0].png","[forest_cave][ridges_very_high_frequency][MERL_EDIT-beige-fabric_diff_mix_grease-covered-steel_spec_hue_1_sat_1_spec_0].png","10"
"[forest_cave][ridges_very_high_frequency][MERL_EDIT-beige-fabric_diff_mix_grease-covered-steel_spec_hue_2_sat_0_spec_1].png","[forest_cave][ridges_very_high_frequency][MERL_EDIT-beige-fabric_diff_mix_grease-covered-steel_spec_hue_2_sat_0_spec_1].png","10"
"[forest_cave][ridges_very_high_frequency][MERL_EDIT-beige-fabric_diff_mix_grease-covered-steel_spec_hue_2_sat_1_spec_1].png","[forest_cave][ridges_very_high_frequency][MERL_EDIT-beige-fabric_diff_mix_grease-covered-steel_spec_hue_2_sat_1_spec_1].png","10"
"[forest_cave][ridges_very_high_frequency][MERL_EDIT-beige-fabric_diff_mix_natural-209_spec_hue_1_sat_0_spec_1].png","[forest_cave][ridges_very_high_frequency][MERL_EDIT-beige-fabric_diff_mix_natural-209_spec_hue_1_sat_0_spec_1].png","10"
"[forest_cave][ridges_very_high_frequency][MERL_EDIT-beige-fabric_diff_mix_polyethylene_spec_hue_3_black_spec_1].png","[forest_cave][ridges_very_high_frequency][MERL_EDIT-beige-fabric_diff_mix_polyethylene_spec_hue_3_black_spec_1].png","10"
"[forest_cave][ridges_very_high_frequency][MERL_EDIT-beige-fabric_diff_mix_silver-paint_spec_hue_2_sat_1_spec_1].png","[forest_cave][ridges_very_high_frequency][MERL_EDIT-beige-fabric_diff_mix_silver-paint_spec_hue_2_sat_1_spec_1].png","10"
"[forest_cave][ridges_very_high_frequency][MERL_EDIT-beige-fabric_diff_mix_silver-paint_spec_hue_3_black_spec_0].png","[forest_cave][ridges_very_high_frequency][MERL_EDIT-beige-fabric_diff_mix_silver-paint_spec_hue_3_black_spec_0].png","10"
"[forest_cave][ridges_very_high_frequency][MERL_EDIT-beige-fabric_diff_mix_silver-paint_spec_hue_3_black_spec_1].png","[forest_cave][ridges_very_high_frequency][MERL_EDIT-beige-fabric_diff_mix_silver-paint_spec_hue_3_black_spec_1].png","10"
"[forest_cave][ridges_very_high_frequency][MERL_EDIT-beige-fabric_diff_mix_silver-paint_spec_hue_3_black_spec_2].png","[forest_cave][ridges_very_high_frequency][MERL_EDIT-beige-fabric_diff_mix_silver-paint_spec_hue_3_black_spec_2].png","10"
"[forest_cave][ridges_very_high_frequency][MERL_EDIT-beige-fabric_diff_mix_white-paint_spec_hue_0_sat_1_spec_0].png","[forest_cave][ridges_very_high_frequency][MERL_EDIT-beige-fabric_diff_mix_white-paint_spec_hue_0_sat_1_spec_0].png","10"
"[forest_cave][ridges_very_high_frequency][MERL_EDIT-beige-fabric_hue_3_black_spec_0].png","[forest_cave][ridges_very_high_frequency][MERL_EDIT-beige-fabric_hue_3_black_spec_0].png","10"
"[forest_cave][ridges_very_high_frequency][MERL-alum-bronze].png","[forest_cave][ridges_very_high_frequency][MERL-alum-bronze].png","10"
"[forest_cave][ridges_very_high_frequency][MERL-alumina-oxide].png","[forest_cave][ridges_very_high_frequency][MERL-alumina-oxide].png","10"
"[forest_cave][ridges_very_high_frequency][MERL-aluminium].png","[forest_cave][ridges_very_high_frequency][MERL-aluminium].png","10"
"[forest_cave][ridges_very_high_frequency][MERL-beige-fabric].png","[forest_cave][ridges_very_high_frequency][MERL-beige-fabric].png","10"
"[forest_cave][ridges_very_high_frequency][MERL-black-fabric].png","[forest_cave][ridges_very_high_frequency][MERL-black-fabric].png","10"
"[forest_cave][ridges_very_high_frequency][MERL-chrome].png","[forest_cave][ridges_very_high_frequency][MERL-chrome].png","10"
"[forest_cave][ridges_very_high_frequency][MERL-gold-metallic-paint].png","[forest_cave][ridges_very_high_frequency][MERL-gold-metallic-paint].png","10"
"[forest_cave][ridges_very_high_frequency][MERL-gold-metallic-paint2].png","[forest_cave][ridges_very_high_frequency][MERL-gold-metallic-paint2].png","10"
"[forest_cave][ridges_very_high_frequency][MERL-gold-metallic-paint3].png","[forest_cave][ridges_very_high_frequency][MERL-gold-metallic-paint3].png","10"
"[forest_cave][ridges_very_high_frequency][MERL-green-plastic].png","[forest_cave][ridges_very_high_frequency][MERL-green-plastic].png","10"
"[forest_cave][ridges_very_high_frequency][MERL-light-brown-fabric].png","[forest_cave][ridges_very_high_frequency][MERL-light-brown-fabric].png","10"
"[forest_cave][ridges_very_high_frequency][MERL-pearl-paint].png","[forest_cave][ridges_very_high_frequency][MERL-pearl-paint].png","10"
"[forest_cave][ridges_very_high_frequency][MERL-polyurethane-foam].png","[forest_cave][ridges_very_high_frequency][MERL-polyurethane-foam].png","10"
"[forest_cave][ridges_very_high_frequency][MERL-red-metallic-paint].png","[forest_cave][ridges_very_high_frequency][MERL-red-metallic-paint].png","10"
"[forest_cave][ridges_very_high_frequency][MERL-silicon-nitrade].png","[forest_cave][ridges_very_high_frequency][MERL-silicon-nitrade].png","10"
"[forest_cave][ridges_very_high_frequency][MERL-silver-metallic-paint].png","[forest_cave][ridges_very_high_frequency][MERL-silver-metallic-paint].png","10"
"[forest_cave][ridges_very_high_frequency][MERL-silver-metallic-paint2].png","[forest_cave][ridges_very_high_frequency][MERL-silver-metallic-paint2].png","10"
"[forest_cave][ridges_very_high_frequency][MERL-specular-blue-phenolic].png","[forest_cave][ridges_very_high_frequency][MERL-specular-blue-phenolic].png","10"
"[forest_cave][ridges_very_high_frequency][MERL-specular-green-phenolic].png","[forest_cave][ridges_very_high_frequency][MERL-specular-green-phenolic].png","10"
"[forest_cave][ridges_very_high_frequency][MERL-specular-maroon-phenolic].png","[forest_cave][ridges_very_high_frequency][MERL-specular-maroon-phenolic].png","10"
"[forest_cave][ridges_very_high_frequency][MERL-specular-orange-phenolic].png","[forest_cave][ridges_very_high_frequency][MERL-specular-orange-phenolic].png","10"
"[forest_cave][ridges_very_high_frequency][MERL-specular-red-phenolic].png","[forest_cave][ridges_very_high_frequency][MERL-specular-red-phenolic].png","10"
"[forest_cave][ridges_very_high_frequency][MERL-specular-violet-phenolic].png","[forest_cave][ridges_very_high_frequency][MERL-specular-violet-phenolic].png","10"
"[forest_cave][ridges_very_high_frequency][MERL-specular-white-phenolic].png","[forest_cave][ridges_very_high_frequency][MERL-specular-white-phenolic].png","10"
"[forest_cave][ridges_very_high_frequency][MERL-specular-yellow-phenolic].png","[forest_cave][ridges_very_high_frequency][MERL-specular-yellow-phenolic].png","10"
"[forest_cave][ridges_very_high_frequency][MERL-steel].png","[forest_cave][ridges_very_high_frequency][MERL-steel].png","10"
"[forest_cave][ridges_very_high_frequency][MERL-tungsten-carbide].png","[forest_cave][ridges_very_high_frequency][MERL-tungsten-carbide].png","10"
"[forest_cave][ridges_very_high_frequency][MERL-two-layer-silver].png","[forest_cave][ridges_very_high_frequency][MERL-two-layer-silver].png","10"
"[forest_cave][ridges_very_high_frequency][MERL-white-acrylic].png","[forest_cave][ridges_very_high_frequency][MERL-white-acrylic].png","10"
"[forest_cave][ridges_very_high_frequency][MERL-yellow-phenolic].png","[forest_cave][ridges_very_high_frequency][MERL-yellow-phenolic].png","10"
"[forest_cave][ridges_very_high_frequency][RGL-aniso_copper_sheet_rgb].png","[forest_cave][ridges_very_high_frequency][RGL-aniso_copper_sheet_rgb].png","10"
"[forest_cave][ridges_very_high_frequency][RGL-aniso_miro_7_rgb].png","[forest_cave][ridges_very_high_frequency][RGL-aniso_miro_7_rgb].png","10"
"[forest_cave][ridges_very_high_frequency][RGL-aniso_sari_silk_2color_rgb].png","[forest_cave][ridges_very_high_frequency][RGL-aniso_sari_silk_2color_rgb].png","10"
"[forest_cave][ridges_very_high_frequency][RGL-chm_orange_rgb].png","[forest_cave][ridges_very_high_frequency][RGL-chm_orange_rgb].png","10"
"[forest_cave][ridges_very_high_frequency][RGL-ilm_solo_m_68_rgb].png","[forest_cave][ridges_very_high_frequency][RGL-ilm_solo_m_68_rgb].png","10"
"[forest_cave][ridges_very_high_frequency][RGL-vch_frozen_amethyst_rgb].png","[forest_cave][ridges_very_high_frequency][RGL-vch_frozen_amethyst_rgb].png","10"
"[forest_cave][ridges_very_high_frequency][RGL-vch_golden_yellow_rgb].png","[forest_cave][ridges_very_high_frequency][RGL-vch_golden_yellow_rgb].png","10"
"[forest_cave][ridges_very_high_frequency][RGL-vch_silk_blue_rgb].png","[forest_cave][ridges_very_high_frequency][RGL-vch_silk_blue_rgb].png","10"
"[forest_cave][ridges_very_high_frequency][SVBRDF-Ceramic__0330_marble_wall_01].png","[forest_cave][ridges_very_high_frequency][SVBRDF-Ceramic__0330_marble_wall_01].png","10"
"[forest_cave][ridges_very_high_frequency][SVBRDF-Ceramic__0974_arcane_arabesque_patterns].png","[forest_cave][ridges_very_high_frequency][SVBRDF-Ceramic__0974_arcane_arabesque_patterns].png","10"
"[forest_cave][ridges_very_high_frequency][SVBRDF-Ceramic__cgbc_blue_tiles_001].png","[forest_cave][ridges_very_high_frequency][SVBRDF-Ceramic__cgbc_blue_tiles_001].png","10"
"[forest_cave][ridges_very_high_frequency][SVBRDF-Ceramic__tc_tiles_085].png","[forest_cave][ridges_very_high_frequency][SVBRDF-Ceramic__tc_tiles_085].png","10"
"[forest_cave][ridges_very_high_frequency][SVBRDF-Fabric__0265_fabric_padded_wall].png","[forest_cave][ridges_very_high_frequency][SVBRDF-Fabric__0265_fabric_padded_wall].png","10"
"[forest_cave][ridges_very_high_frequency][SVBRDF-Fabric__0266_fabric_padded_wall].png","[forest_cave][ridges_very_high_frequency][SVBRDF-Fabric__0266_fabric_padded_wall].png","10"
"[forest_cave][ridges_very_high_frequency][SVBRDF-Fabric__acg_fabric_058].png","[forest_cave][ridges_very_high_frequency][SVBRDF-Fabric__acg_fabric_058].png","10"
"[forest_cave][ridges_very_high_frequency][SVBRDF-Fabric__js_fabric_pattern_006].png","[forest_cave][ridges_very_high_frequency][SVBRDF-Fabric__js_fabric_pattern_006].png","10"
"[forest_cave][ridges_very_high_frequency][SVBRDF-Metal__0361_metal_brushed_copper].png","[forest_cave][ridges_very_high_frequency][SVBRDF-Metal__0361_metal_brushed_copper].png","10"
"[forest_cave][ridges_very_high_frequency][SVBRDF-Metal__acg_metal_016].png","[forest_cave][ridges_very_high_frequency][SVBRDF-Metal__acg_metal_016].png","10"
"[forest_cave][ridges_very_high_frequency][SVBRDF-Metal__cgbc_metal_weave_002].png","[forest_cave][ridges_very_high_frequency][SVBRDF-Metal__cgbc_metal_weave_002].png","10"
"[forest_cave][sphere][MERL_EDIT-beige-fabric_diff_mix_grease-covered-steel_spec_hue_1_sat_1_spec_0].png","[forest_cave][sphere][MERL_EDIT-beige-fabric_diff_mix_grease-covered-steel_spec_hue_1_sat_1_spec_0].png","10"
"[forest_cave][sphere][MERL_EDIT-beige-fabric_diff_mix_grease-covered-steel_spec_hue_2_sat_0_spec_1].png","[forest_cave][sphere][MERL_EDIT-beige-fabric_diff_mix_grease-covered-steel_spec_hue_2_sat_0_spec_1].png","10"
"[forest_cave][sphere][MERL_EDIT-beige-fabric_diff_mix_grease-covered-steel_spec_hue_2_sat_1_spec_1].png","[forest_cave][sphere][MERL_EDIT-beige-fabric_diff_mix_grease-covered-steel_spec_hue_2_sat_1_spec_1].png","10"
"[forest_cave][sphere][MERL_EDIT-beige-fabric_diff_mix_natural-209_spec_hue_1_sat_0_spec_1].png","[forest_cave][sphere][MERL_EDIT-beige-fabric_diff_mix_natural-209_spec_hue_1_sat_0_spec_1].png","10"
"[forest_cave][sphere][MERL_EDIT-beige-fabric_diff_mix_polyethylene_spec_hue_3_black_spec_1].png","[forest_cave][sphere][MERL_EDIT-beige-fabric_diff_mix_polyethylene_spec_hue_3_black_spec_1].png","10"
"[forest_cave][sphere][MERL_EDIT-beige-fabric_diff_mix_silver-paint_spec_hue_2_sat_1_spec_1].png","[forest_cave][sphere][MERL_EDIT-beige-fabric_diff_mix_silver-paint_spec_hue_2_sat_1_spec_1].png","10"
"[forest_cave][sphere][MERL_EDIT-beige-fabric_diff_mix_silver-paint_spec_hue_3_black_spec_0].png","[forest_cave][sphere][MERL_EDIT-beige-fabric_diff_mix_silver-paint_spec_hue_3_black_spec_0].png","10"
"[forest_cave][sphere][MERL_EDIT-beige-fabric_diff_mix_silver-paint_spec_hue_3_black_spec_1].png","[forest_cave][sphere][MERL_EDIT-beige-fabric_diff_mix_silver-paint_spec_hue_3_black_spec_1].png","10"
"[forest_cave][sphere][MERL_EDIT-beige-fabric_diff_mix_silver-paint_spec_hue_3_black_spec_2].png","[forest_cave][sphere][MERL_EDIT-beige-fabric_diff_mix_silver-paint_spec_hue_3_black_spec_2].png","10"
"[forest_cave][sphere][MERL_EDIT-beige-fabric_diff_mix_white-paint_spec_hue_0_sat_1_spec_0].png","[forest_cave][sphere][MERL_EDIT-beige-fabric_diff_mix_white-paint_spec_hue_0_sat_1_spec_0].png","10"
"[forest_cave][sphere][MERL_EDIT-beige-fabric_hue_3_black_spec_0].png","[forest_cave][sphere][MERL_EDIT-beige-fabric_hue_3_black_spec_0].png","10"
"[forest_cave][sphere][MERL-alum-bronze].png","[forest_cave][sphere][MERL-alum-bronze].png","10"
"[forest_cave][sphere][MERL-alumina-oxide].png","[forest_cave][sphere][MERL-alumina-oxide].png","10"
"[forest_cave][sphere][MERL-aluminium].png","[forest_cave][sphere][MERL-aluminium].png","10"
"[forest_cave][sphere][MERL-beige-fabric].png","[forest_cave][sphere][MERL-beige-fabric].png","10"
"[forest_cave][sphere][MERL-black-fabric].png","[forest_cave][sphere][MERL-black-fabric].png","10"
"[forest_cave][sphere][MERL-chrome].png","[forest_cave][sphere][MERL-chrome].png","10"
"[forest_cave][sphere][MERL-gold-metallic-paint].png","[forest_cave][sphere][MERL-gold-metallic-paint].png","10"
"[forest_cave][sphere][MERL-gold-metallic-paint2].png","[forest_cave][sphere][MERL-gold-metallic-paint2].png","10"
"[forest_cave][sphere][MERL-gold-metallic-paint3].png","[forest_cave][sphere][MERL-gold-metallic-paint3].png","10"
"[forest_cave][sphere][MERL-green-plastic].png","[forest_cave][sphere][MERL-green-plastic].png","10"
"[forest_cave][sphere][MERL-light-brown-fabric].png","[forest_cave][sphere][MERL-light-brown-fabric].png","10"
"[forest_cave][sphere][MERL-pearl-paint].png","[forest_cave][sphere][MERL-pearl-paint].png","10"
"[forest_cave][sphere][MERL-polyurethane-foam].png","[forest_cave][sphere][MERL-polyurethane-foam].png","10"
"[forest_cave][sphere][MERL-red-metallic-paint].png","[forest_cave][sphere][MERL-red-metallic-paint].png","10"
"[forest_cave][sphere][MERL-silicon-nitrade].png","[forest_cave][sphere][MERL-silicon-nitrade].png","10"
"[forest_cave][sphere][MERL-silver-metallic-paint].png","[forest_cave][sphere][MERL-silver-metallic-paint].png","10"
"[forest_cave][sphere][MERL-silver-metallic-paint2].png","[forest_cave][sphere][MERL-silver-metallic-paint2].png","10"
"[forest_cave][sphere][MERL-specular-blue-phenolic].png","[forest_cave][sphere][MERL-specular-blue-phenolic].png","10"
"[forest_cave][sphere][MERL-specular-green-phenolic].png","[forest_cave][sphere][MERL-specular-green-phenolic].png","10"
"[forest_cave][sphere][MERL-specular-maroon-phenolic].png","[forest_cave][sphere][MERL-specular-maroon-phenolic].png","10"
"[forest_cave][sphere][MERL-specular-orange-phenolic].png","[forest_cave][sphere][MERL-specular-orange-phenolic].png","10"
"[forest_cave][sphere][MERL-specular-red-phenolic].png","[forest_cave][sphere][MERL-specular-red-phenolic].png","10"
"[forest_cave][sphere][MERL-specular-violet-phenolic].png","[forest_cave][sphere][MERL-specular-violet-phenolic].png","10"
"[forest_cave][sphere][MERL-specular-white-phenolic].png","[forest_cave][sphere][MERL-specular-white-phenolic].png","10"
"[forest_cave][sphere][MERL-specular-yellow-phenolic].png","[forest_cave][sphere][MERL-specular-yellow-phenolic].png","10"
"[forest_cave][sphere][MERL-steel].png","[forest_cave][sphere][MERL-steel].png","10"
"[forest_cave][sphere][MERL-tungsten-carbide].png","[forest_cave][sphere][MERL-tungsten-carbide].png","10"
"[forest_cave][sphere][MERL-two-layer-silver].png","[forest_cave][sphere][MERL-two-layer-silver].png","10"
"[forest_cave][sphere][MERL-white-acrylic].png","[forest_cave][sphere][MERL-white-acrylic].png","10"
"[forest_cave][sphere][MERL-yellow-phenolic].png","[forest_cave][sphere][MERL-yellow-phenolic].png","10"
"[forest_cave][sphere][RGL-aniso_copper_sheet_rgb].png","[forest_cave][sphere][RGL-aniso_copper_sheet_rgb].png","10"
"[forest_cave][sphere][RGL-aniso_miro_7_rgb].png","[forest_cave][sphere][RGL-aniso_miro_7_rgb].png","10"
"[forest_cave][sphere][RGL-aniso_sari_silk_2color_rgb].png","[forest_cave][sphere][RGL-aniso_sari_silk_2color_rgb].png","10"
"[forest_cave][sphere][RGL-chm_orange_rgb].png","[forest_cave][sphere][RGL-chm_orange_rgb].png","10"
"[forest_cave][sphere][RGL-ilm_solo_m_68_rgb].png","[forest_cave][sphere][RGL-ilm_solo_m_68_rgb].png","10"
"[forest_cave][sphere][RGL-vch_frozen_amethyst_rgb].png","[forest_cave][sphere][RGL-vch_frozen_amethyst_rgb].png","10"
"[forest_cave][sphere][RGL-vch_golden_yellow_rgb].png","[forest_cave][sphere][RGL-vch_golden_yellow_rgb].png","10"
"[forest_cave][sphere][RGL-vch_silk_blue_rgb].png","[forest_cave][sphere][RGL-vch_silk_blue_rgb].png","10"
"[forest_cave][sphere][SVBRDF-Ceramic__0330_marble_wall_01].png","[forest_cave][sphere][SVBRDF-Ceramic__0330_marble_wall_01].png","10"
"[forest_cave][sphere][SVBRDF-Ceramic__0974_arcane_arabesque_patterns].png","[forest_cave][sphere][SVBRDF-Ceramic__0974_arcane_arabesque_patterns].png","10"
"[forest_cave][sphere][SVBRDF-Ceramic__cgbc_blue_tiles_001].png","[forest_cave][sphere][SVBRDF-Ceramic__cgbc_blue_tiles_001].png","10"
"[forest_cave][sphere][SVBRDF-Ceramic__tc_tiles_085].png","[forest_cave][sphere][SVBRDF-Ceramic__tc_tiles_085].png","10"
"[forest_cave][sphere][SVBRDF-Fabric__0265_fabric_padded_wall].png","[forest_cave][sphere][SVBRDF-Fabric__0265_fabric_padded_wall].png","10"
"[forest_cave][sphere][SVBRDF-Fabric__0266_fabric_padded_wall].png","[forest_cave][sphere][SVBRDF-Fabric__0266_fabric_padded_wall].png","10"
"[forest_cave][sphere][SVBRDF-Fabric__acg_fabric_058].png","[forest_cave][sphere][SVBRDF-Fabric__acg_fabric_058].png","10"
"[forest_cave][sphere][SVBRDF-Fabric__js_fabric_pattern_006].png","[forest_cave][sphere][SVBRDF-Fabric__js_fabric_pattern_006].png","10"
"[forest_cave][sphere][SVBRDF-Metal__0361_metal_brushed_copper].png","[forest_cave][sphere][SVBRDF-Metal__0361_metal_brushed_copper].png","10"
"[forest_cave][sphere][SVBRDF-Metal__acg_metal_016].png","[forest_cave][sphere][SVBRDF-Metal__acg_metal_016].png","10"
"[forest_cave][sphere][SVBRDF-Metal__cgbc_metal_weave_002].png","[forest_cave][sphere][SVBRDF-Metal__cgbc_metal_weave_002].png","10"
"[machine_shop][blob][MERL_EDIT-beige-fabric_diff_mix_grease-covered-steel_spec_hue_1_sat_1_spec_0].png","[machine_shop][blob][MERL_EDIT-beige-fabric_diff_mix_grease-covered-steel_spec_hue_1_sat_1_spec_0].png","10"
"[machine_shop][blob][MERL_EDIT-beige-fabric_diff_mix_grease-covered-steel_spec_hue_2_sat_0_spec_1].png","[machine_shop][blob][MERL_EDIT-beige-fabric_diff_mix_grease-covered-steel_spec_hue_2_sat_0_spec_1].png","10"
"[machine_shop][blob][MERL_EDIT-beige-fabric_diff_mix_grease-covered-steel_spec_hue_2_sat_1_spec_1].png","[machine_shop][blob][MERL_EDIT-beige-fabric_diff_mix_grease-covered-steel_spec_hue_2_sat_1_spec_1].png","10"
"[machine_shop][blob][MERL_EDIT-beige-fabric_diff_mix_natural-209_spec_hue_1_sat_0_spec_1].png","[machine_shop][blob][MERL_EDIT-beige-fabric_diff_mix_natural-209_spec_hue_1_sat_0_spec_1].png","10"
"[machine_shop][blob][MERL_EDIT-beige-fabric_diff_mix_polyethylene_spec_hue_3_black_spec_1].png","[machine_shop][blob][MERL_EDIT-beige-fabric_diff_mix_polyethylene_spec_hue_3_black_spec_1].png","10"
"[machine_shop][blob][MERL_EDIT-beige-fabric_diff_mix_silver-paint_spec_hue_2_sat_1_spec_1].png","[machine_shop][blob][MERL_EDIT-beige-fabric_diff_mix_silver-paint_spec_hue_2_sat_1_spec_1].png","10"
"[machine_shop][blob][MERL_EDIT-beige-fabric_diff_mix_silver-paint_spec_hue_3_black_spec_0].png","[machine_shop][blob][MERL_EDIT-beige-fabric_diff_mix_silver-paint_spec_hue_3_black_spec_0].png","10"
"[machine_shop][blob][MERL_EDIT-beige-fabric_diff_mix_silver-paint_spec_hue_3_black_spec_1].png","[machine_shop][blob][MERL_EDIT-beige-fabric_diff_mix_silver-paint_spec_hue_3_black_spec_1].png","10"
"[machine_shop][blob][MERL_EDIT-beige-fabric_diff_mix_silver-paint_spec_hue_3_black_spec_2].png","[machine_shop][blob][MERL_EDIT-beige-fabric_diff_mix_silver-paint_spec_hue_3_black_spec_2].png","10"
"[machine_shop][blob][MERL_EDIT-beige-fabric_diff_mix_white-paint_spec_hue_0_sat_1_spec_0].png","[machine_shop][blob][MERL_EDIT-beige-fabric_diff_mix_white-paint_spec_hue_0_sat_1_spec_0].png","10"
"[machine_shop][blob][MERL_EDIT-beige-fabric_hue_3_black_spec_0].png","[machine_shop][blob][MERL_EDIT-beige-fabric_hue_3_black_spec_0].png","10"
"[machine_shop][blob][MERL-alum-bronze].png","[machine_shop][blob][MERL-alum-bronze].png","10"
"[machine_shop][blob][MERL-alumina-oxide].png","[machine_shop][blob][MERL-alumina-oxide].png","10"
"[machine_shop][blob][MERL-aluminium].png","[machine_shop][blob][MERL-aluminium].png","10"
"[machine_shop][blob][MERL-beige-fabric].png","[machine_shop][blob][MERL-beige-fabric].png","10"
"[machine_shop][blob][MERL-black-fabric].png","[machine_shop][blob][MERL-black-fabric].png","10"
"[machine_shop][blob][MERL-chrome].png","[machine_shop][blob][MERL-chrome].png","10"
"[machine_shop][blob][MERL-gold-metallic-paint].png","[machine_shop][blob][MERL-gold-metallic-paint].png","10"
"[machine_shop][blob][MERL-gold-metallic-paint2].png","[machine_shop][blob][MERL-gold-metallic-paint2].png","10"
"[machine_shop][blob][MERL-gold-metallic-paint3].png","[machine_shop][blob][MERL-gold-metallic-paint3].png","10"
"[machine_shop][blob][MERL-green-plastic].png","[machine_shop][blob][MERL-green-plastic].png","10"
"[machine_shop][blob][MERL-light-brown-fabric].png","[machine_shop][blob][MERL-light-brown-fabric].png","10"
"[machine_shop][blob][MERL-pearl-paint].png","[machine_shop][blob][MERL-pearl-paint].png","10"
"[machine_shop][blob][MERL-polyurethane-foam].png","[machine_shop][blob][MERL-polyurethane-foam].png","10"
"[machine_shop][blob][MERL-red-metallic-paint].png","[machine_shop][blob][MERL-red-metallic-paint].png","10"
"[machine_shop][blob][MERL-silicon-nitrade].png","[machine_shop][blob][MERL-silicon-nitrade].png","10"
"[machine_shop][blob][MERL-silver-metallic-paint].png","[machine_shop][blob][MERL-silver-metallic-paint].png","10"
"[machine_shop][blob][MERL-silver-metallic-paint2].png","[machine_shop][blob][MERL-silver-metallic-paint2].png","10"
"[machine_shop][blob][MERL-specular-blue-phenolic].png","[machine_shop][blob][MERL-specular-blue-phenolic].png","10"
"[machine_shop][blob][MERL-specular-green-phenolic].png","[machine_shop][blob][MERL-specular-green-phenolic].png","10"
"[machine_shop][blob][MERL-specular-maroon-phenolic].png","[machine_shop][blob][MERL-specular-maroon-phenolic].png","10"
"[machine_shop][blob][MERL-specular-orange-phenolic].png","[machine_shop][blob][MERL-specular-orange-phenolic].png","10"
"[machine_shop][blob][MERL-specular-red-phenolic].png","[machine_shop][blob][MERL-specular-red-phenolic].png","10"
"[machine_shop][blob][MERL-specular-violet-phenolic].png","[machine_shop][blob][MERL-specular-violet-phenolic].png","10"
"[machine_shop][blob][MERL-specular-white-phenolic].png","[machine_shop][blob][MERL-specular-white-phenolic].png","10"
"[machine_shop][blob][MERL-specular-yellow-phenolic].png","[machine_shop][blob][MERL-specular-yellow-phenolic].png","10"
"[machine_shop][blob][MERL-steel].png","[machine_shop][blob][MERL-steel].png","10"
"[machine_shop][blob][MERL-tungsten-carbide].png","[machine_shop][blob][MERL-tungsten-carbide].png","10"
"[machine_shop][blob][MERL-two-layer-silver].png","[machine_shop][blob][MERL-two-layer-silver].png","10"
"[machine_shop][blob][MERL-white-acrylic].png","[machine_shop][blob][MERL-white-acrylic].png","10"
"[machine_shop][blob][MERL-yellow-phenolic].png","[machine_shop][blob][MERL-yellow-phenolic].png","10"
"[machine_shop][blob][RGL-aniso_copper_sheet_rgb].png","[machine_shop][blob][RGL-aniso_copper_sheet_rgb].png","10"
"[machine_shop][blob][RGL-aniso_miro_7_rgb].png","[machine_shop][blob][RGL-aniso_miro_7_rgb].png","10"
"[machine_shop][blob][RGL-aniso_sari_silk_2color_rgb].png","[machine_shop][blob][RGL-aniso_sari_silk_2color_rgb].png","10"
"[machine_shop][blob][RGL-chm_orange_rgb].png","[machine_shop][blob][RGL-chm_orange_rgb].png","10"
"[machine_shop][blob][RGL-ilm_solo_m_68_rgb].png","[machine_shop][blob][RGL-ilm_solo_m_68_rgb].png","10"
"[machine_shop][blob][RGL-vch_frozen_amethyst_rgb].png","[machine_shop][blob][RGL-vch_frozen_amethyst_rgb].png","10"
"[machine_shop][blob][RGL-vch_golden_yellow_rgb].png","[machine_shop][blob][RGL-vch_golden_yellow_rgb].png","10"
"[machine_shop][blob][RGL-vch_silk_blue_rgb].png","[machine_shop][blob][RGL-vch_silk_blue_rgb].png","10"
"[machine_shop][blob][SVBRDF-Ceramic__0330_marble_wall_01].png","[machine_shop][blob][SVBRDF-Ceramic__0330_marble_wall_01].png","10"
"[machine_shop][blob][SVBRDF-Ceramic__0974_arcane_arabesque_patterns].png","[machine_shop][blob][SVBRDF-Ceramic__0974_arcane_arabesque_patterns].png","10"
"[machine_shop][blob][SVBRDF-Ceramic__cgbc_blue_tiles_001].png","[machine_shop][blob][SVBRDF-Ceramic__cgbc_blue_tiles_001].png","10"
"[machine_shop][blob][SVBRDF-Ceramic__tc_tiles_085].png","[machine_shop][blob][SVBRDF-Ceramic__tc_tiles_085].png","10"
"[machine_shop][blob][SVBRDF-Fabric__0265_fabric_padded_wall].png","[machine_shop][blob][SVBRDF-Fabric__0265_fabric_padded_wall].png","10"
"[machine_shop][blob][SVBRDF-Fabric__0266_fabric_padded_wall].png","[machine_shop][blob][SVBRDF-Fabric__0266_fabric_padded_wall].png","10"
"[machine_shop][blob][SVBRDF-Fabric__acg_fabric_058].png","[machine_shop][blob][SVBRDF-Fabric__acg_fabric_058].png","10"
"[machine_shop][blob][SVBRDF-Fabric__js_fabric_pattern_006].png","[machine_shop][blob][SVBRDF-Fabric__js_fabric_pattern_006].png","10"
"[machine_shop][blob][SVBRDF-Metal__0361_metal_brushed_copper].png","[machine_shop][blob][SVBRDF-Metal__0361_metal_brushed_copper].png","10"
"[machine_shop][blob][SVBRDF-Metal__acg_metal_016].png","[machine_shop][blob][SVBRDF-Metal__acg_metal_016].png","10"
"[machine_shop][blob][SVBRDF-Metal__cgbc_metal_weave_002].png","[machine_shop][blob][SVBRDF-Metal__cgbc_metal_weave_002].png","10"
"[machine_shop][bumpiness_high][MERL_EDIT-beige-fabric_diff_mix_grease-covered-steel_spec_hue_1_sat_1_spec_0].png","[machine_shop][bumpiness_high][MERL_EDIT-beige-fabric_diff_mix_grease-covered-steel_spec_hue_1_sat_1_spec_0].png","10"
"[machine_shop][bumpiness_high][MERL_EDIT-beige-fabric_diff_mix_grease-covered-steel_spec_hue_2_sat_0_spec_1].png","[machine_shop][bumpiness_high][MERL_EDIT-beige-fabric_diff_mix_grease-covered-steel_spec_hue_2_sat_0_spec_1].png","10"
"[machine_shop][bumpiness_high][MERL_EDIT-beige-fabric_diff_mix_grease-covered-steel_spec_hue_2_sat_1_spec_1].png","[machine_shop][bumpiness_high][MERL_EDIT-beige-fabric_diff_mix_grease-covered-steel_spec_hue_2_sat_1_spec_1].png","10"
"[machine_shop][bumpiness_high][MERL_EDIT-beige-fabric_diff_mix_natural-209_spec_hue_1_sat_0_spec_1].png","[machine_shop][bumpiness_high][MERL_EDIT-beige-fabric_diff_mix_natural-209_spec_hue_1_sat_0_spec_1].png","10"
"[machine_shop][bumpiness_high][MERL_EDIT-beige-fabric_diff_mix_polyethylene_spec_hue_3_black_spec_1].png","[machine_shop][bumpiness_high][MERL_EDIT-beige-fabric_diff_mix_polyethylene_spec_hue_3_black_spec_1].png","10"
"[machine_shop][bumpiness_high][MERL_EDIT-beige-fabric_diff_mix_silver-paint_spec_hue_2_sat_1_spec_1].png","[machine_shop][bumpiness_high][MERL_EDIT-beige-fabric_diff_mix_silver-paint_spec_hue_2_sat_1_spec_1].png","10"
"[machine_shop][bumpiness_high][MERL_EDIT-beige-fabric_diff_mix_silver-paint_spec_hue_3_black_spec_0].png","[machine_shop][bumpiness_high][MERL_EDIT-beige-fabric_diff_mix_silver-paint_spec_hue_3_black_spec_0].png","10"
"[machine_shop][bumpiness_high][MERL_EDIT-beige-fabric_diff_mix_silver-paint_spec_hue_3_black_spec_1].png","[machine_shop][bumpiness_high][MERL_EDIT-beige-fabric_diff_mix_silver-paint_spec_hue_3_black_spec_1].png","10"
"[machine_shop][bumpiness_high][MERL_EDIT-beige-fabric_diff_mix_silver-paint_spec_hue_3_black_spec_2].png","[machine_shop][bumpiness_high][MERL_EDIT-beige-fabric_diff_mix_silver-paint_spec_hue_3_black_spec_2].png","10"
"[machine_shop][bumpiness_high][MERL_EDIT-beige-fabric_diff_mix_white-paint_spec_hue_0_sat_1_spec_0].png","[machine_shop][bumpiness_high][MERL_EDIT-beige-fabric_diff_mix_white-paint_spec_hue_0_sat_1_spec_0].png","10"
"[machine_shop][bumpiness_high][MERL_EDIT-beige-fabric_hue_3_black_spec_0].png","[machine_shop][bumpiness_high][MERL_EDIT-beige-fabric_hue_3_black_spec_0].png","10"
"[machine_shop][bumpiness_high][MERL-alum-bronze].png","[machine_shop][bumpiness_high][MERL-alum-bronze].png","10"
"[machine_shop][bumpiness_high][MERL-alumina-oxide].png","[machine_shop][bumpiness_high][MERL-alumina-oxide].png","10"
"[machine_shop][bumpiness_high][MERL-aluminium].png","[machine_shop][bumpiness_high][MERL-aluminium].png","10"
"[machine_shop][bumpiness_high][MERL-beige-fabric].png","[machine_shop][bumpiness_high][MERL-beige-fabric].png","10"
"[machine_shop][bumpiness_high][MERL-black-fabric].png","[machine_shop][bumpiness_high][MERL-black-fabric].png","10"
"[machine_shop][bumpiness_high][MERL-chrome].png","[machine_shop][bumpiness_high][MERL-chrome].png","10"
"[machine_shop][bumpiness_high][MERL-gold-metallic-paint].png","[machine_shop][bumpiness_high][MERL-gold-metallic-paint].png","10"
"[machine_shop][bumpiness_high][MERL-gold-metallic-paint2].png","[machine_shop][bumpiness_high][MERL-gold-metallic-paint2].png","10"
"[machine_shop][bumpiness_high][MERL-gold-metallic-paint3].png","[machine_shop][bumpiness_high][MERL-gold-metallic-paint3].png","10"
"[machine_shop][bumpiness_high][MERL-green-plastic].png","[machine_shop][bumpiness_high][MERL-green-plastic].png","10"
"[machine_shop][bumpiness_high][MERL-light-brown-fabric].png","[machine_shop][bumpiness_high][MERL-light-brown-fabric].png","10"
"[machine_shop][bumpiness_high][MERL-pearl-paint].png","[machine_shop][bumpiness_high][MERL-pearl-paint].png","10"
"[machine_shop][bumpiness_high][MERL-polyurethane-foam].png","[machine_shop][bumpiness_high][MERL-polyurethane-foam].png","10"
"[machine_shop][bumpiness_high][MERL-red-metallic-paint].png","[machine_shop][bumpiness_high][MERL-red-metallic-paint].png","10"
"[machine_shop][bumpiness_high][MERL-silicon-nitrade].png","[machine_shop][bumpiness_high][MERL-silicon-nitrade].png","10"
"[machine_shop][bumpiness_high][MERL-silver-metallic-paint].png","[machine_shop][bumpiness_high][MERL-silver-metallic-paint].png","10"
"[machine_shop][bumpiness_high][MERL-silver-metallic-paint2].png","[machine_shop][bumpiness_high][MERL-silver-metallic-paint2].png","10"
"[machine_shop][bumpiness_high][MERL-specular-blue-phenolic].png","[machine_shop][bumpiness_high][MERL-specular-blue-phenolic].png","10"
"[machine_shop][bumpiness_high][MERL-specular-green-phenolic].png","[machine_shop][bumpiness_high][MERL-specular-green-phenolic].png","10"
"[machine_shop][bumpiness_high][MERL-specular-maroon-phenolic].png","[machine_shop][bumpiness_high][MERL-specular-maroon-phenolic].png","10"
"[machine_shop][bumpiness_high][MERL-specular-orange-phenolic].png","[machine_shop][bumpiness_high][MERL-specular-orange-phenolic].png","10"
"[machine_shop][bumpiness_high][MERL-specular-red-phenolic].png","[machine_shop][bumpiness_high][MERL-specular-red-phenolic].png","10"
"[machine_shop][bumpiness_high][MERL-specular-violet-phenolic].png","[machine_shop][bumpiness_high][MERL-specular-violet-phenolic].png","10"
"[machine_shop][bumpiness_high][MERL-specular-white-phenolic].png","[machine_shop][bumpiness_high][MERL-specular-white-phenolic].png","10"
"[machine_shop][bumpiness_high][MERL-specular-yellow-phenolic].png","[machine_shop][bumpiness_high][MERL-specular-yellow-phenolic].png","10"
"[machine_shop][bumpiness_high][MERL-steel].png","[machine_shop][bumpiness_high][MERL-steel].png","10"
"[machine_shop][bumpiness_high][MERL-tungsten-carbide].png","[machine_shop][bumpiness_high][MERL-tungsten-carbide].png","10"
"[machine_shop][bumpiness_high][MERL-two-layer-silver].png","[machine_shop][bumpiness_high][MERL-two-layer-silver].png","10"
"[machine_shop][bumpiness_high][MERL-white-acrylic].png","[machine_shop][bumpiness_high][MERL-white-acrylic].png","10"
"[machine_shop][bumpiness_high][MERL-yellow-phenolic].png","[machine_shop][bumpiness_high][MERL-yellow-phenolic].png","10"
"[machine_shop][bumpiness_high][RGL-aniso_copper_sheet_rgb].png","[machine_shop][bumpiness_high][RGL-aniso_copper_sheet_rgb].png","10"
"[machine_shop][bumpiness_high][RGL-aniso_miro_7_rgb].png","[machine_shop][bumpiness_high][RGL-aniso_miro_7_rgb].png","10"
"[machine_shop][bumpiness_high][RGL-aniso_sari_silk_2color_rgb].png","[machine_shop][bumpiness_high][RGL-aniso_sari_silk_2color_rgb].png","10"
"[machine_shop][bumpiness_high][RGL-chm_orange_rgb].png","[machine_shop][bumpiness_high][RGL-chm_orange_rgb].png","10"
"[machine_shop][bumpiness_high][RGL-ilm_solo_m_68_rgb].png","[machine_shop][bumpiness_high][RGL-ilm_solo_m_68_rgb].png","10"
"[machine_shop][bumpiness_high][RGL-vch_frozen_amethyst_rgb].png","[machine_shop][bumpiness_high][RGL-vch_frozen_amethyst_rgb].png","10"
"[machine_shop][bumpiness_high][RGL-vch_golden_yellow_rgb].png","[machine_shop][bumpiness_high][RGL-vch_golden_yellow_rgb].png","10"
"[machine_shop][bumpiness_high][RGL-vch_silk_blue_rgb].png","[machine_shop][bumpiness_high][RGL-vch_silk_blue_rgb].png","10"
"[machine_shop][bumpiness_high][SVBRDF-Ceramic__0330_marble_wall_01].png","[machine_shop][bumpiness_high][SVBRDF-Ceramic__0330_marble_wall_01].png","10"
"[machine_shop][bumpiness_high][SVBRDF-Ceramic__0974_arcane_arabesque_patterns].png","[machine_shop][bumpiness_high][SVBRDF-Ceramic__0974_arcane_arabesque_patterns].png","10"
"[machine_shop][bumpiness_high][SVBRDF-Ceramic__cgbc_blue_tiles_001].png","[machine_shop][bumpiness_high][SVBRDF-Ceramic__cgbc_blue_tiles_001].png","10"
"[machine_shop][bumpiness_high][SVBRDF-Ceramic__tc_tiles_085].png","[machine_shop][bumpiness_high][SVBRDF-Ceramic__tc_tiles_085].png","10"
"[machine_shop][bumpiness_high][SVBRDF-Fabric__0265_fabric_padded_wall].png","[machine_shop][bumpiness_high][SVBRDF-Fabric__0265_fabric_padded_wall].png","10"
"[machine_shop][bumpiness_high][SVBRDF-Fabric__0266_fabric_padded_wall].png","[machine_shop][bumpiness_high][SVBRDF-Fabric__0266_fabric_padded_wall].png","10"
"[machine_shop][bumpiness_high][SVBRDF-Fabric__acg_fabric_058].png","[machine_shop][bumpiness_high][SVBRDF-Fabric__acg_fabric_058].png","10"
"[machine_shop][bumpiness_high][SVBRDF-Fabric__js_fabric_pattern_006].png","[machine_shop][bumpiness_high][SVBRDF-Fabric__js_fabric_pattern_006].png","10"
"[machine_shop][bumpiness_high][SVBRDF-Metal__0361_metal_brushed_copper].png","[machine_shop][bumpiness_high][SVBRDF-Metal__0361_metal_brushed_copper].png","10"
"[machine_shop][bumpiness_high][SVBRDF-Metal__acg_metal_016].png","[machine_shop][bumpiness_high][SVBRDF-Metal__acg_metal_016].png","10"
"[machine_shop][bumpiness_high][SVBRDF-Metal__cgbc_metal_weave_002].png","[machine_shop][bumpiness_high][SVBRDF-Metal__cgbc_metal_weave_002].png","10"
"[machine_shop][bumpiness_low][MERL_EDIT-beige-fabric_diff_mix_grease-covered-steel_spec_hue_1_sat_1_spec_0].png","[machine_shop][bumpiness_low][MERL_EDIT-beige-fabric_diff_mix_grease-covered-steel_spec_hue_1_sat_1_spec_0].png","10"
"[machine_shop][bumpiness_low][MERL_EDIT-beige-fabric_diff_mix_grease-covered-steel_spec_hue_2_sat_0_spec_1].png","[machine_shop][bumpiness_low][MERL_EDIT-beige-fabric_diff_mix_grease-covered-steel_spec_hue_2_sat_0_spec_1].png","10"
"[machine_shop][bumpiness_low][MERL_EDIT-beige-fabric_diff_mix_grease-covered-steel_spec_hue_2_sat_1_spec_1].png","[machine_shop][bumpiness_low][MERL_EDIT-beige-fabric_diff_mix_grease-covered-steel_spec_hue_2_sat_1_spec_1].png","10"
"[machine_shop][bumpiness_low][MERL_EDIT-beige-fabric_diff_mix_natural-209_spec_hue_1_sat_0_spec_1].png","[machine_shop][bumpiness_low][MERL_EDIT-beige-fabric_diff_mix_natural-209_spec_hue_1_sat_0_spec_1].png","10"
"[machine_shop][bumpiness_low][MERL_EDIT-beige-fabric_diff_mix_polyethylene_spec_hue_3_black_spec_1].png","[machine_shop][bumpiness_low][MERL_EDIT-beige-fabric_diff_mix_polyethylene_spec_hue_3_black_spec_1].png","10"
"[machine_shop][bumpiness_low][MERL_EDIT-beige-fabric_diff_mix_silver-paint_spec_hue_2_sat_1_spec_1].png","[machine_shop][bumpiness_low][MERL_EDIT-beige-fabric_diff_mix_silver-paint_spec_hue_2_sat_1_spec_1].png","10"
"[machine_shop][bumpiness_low][MERL_EDIT-beige-fabric_diff_mix_silver-paint_spec_hue_3_black_spec_0].png","[machine_shop][bumpiness_low][MERL_EDIT-beige-fabric_diff_mix_silver-paint_spec_hue_3_black_spec_0].png","10"
"[machine_shop][bumpiness_low][MERL_EDIT-beige-fabric_diff_mix_silver-paint_spec_hue_3_black_spec_1].png","[machine_shop][bumpiness_low][MERL_EDIT-beige-fabric_diff_mix_silver-paint_spec_hue_3_black_spec_1].png","10"
"[machine_shop][bumpiness_low][MERL_EDIT-beige-fabric_diff_mix_silver-paint_spec_hue_3_black_spec_2].png","[machine_shop][bumpiness_low][MERL_EDIT-beige-fabric_diff_mix_silver-paint_spec_hue_3_black_spec_2].png","10"
"[machine_shop][bumpiness_low][MERL_EDIT-beige-fabric_diff_mix_white-paint_spec_hue_0_sat_1_spec_0].png","[machine_shop][bumpiness_low][MERL_EDIT-beige-fabric_diff_mix_white-paint_spec_hue_0_sat_1_spec_0].png","10"
"[machine_shop][bumpiness_low][MERL_EDIT-beige-fabric_hue_3_black_spec_0].png","[machine_shop][bumpiness_low][MERL_EDIT-beige-fabric_hue_3_black_spec_0].png","10"
"[machine_shop][bumpiness_low][MERL-alum-bronze].png","[machine_shop][bumpiness_low][MERL-alum-bronze].png","10"
"[machine_shop][bumpiness_low][MERL-alumina-oxide].png","[machine_shop][bumpiness_low][MERL-alumina-oxide].png","10"
"[machine_shop][bumpiness_low][MERL-aluminium].png","[machine_shop][bumpiness_low][MERL-aluminium].png","10"
"[machine_shop][bumpiness_low][MERL-beige-fabric].png","[machine_shop][bumpiness_low][MERL-beige-fabric].png","10"
"[machine_shop][bumpiness_low][MERL-black-fabric].png","[machine_shop][bumpiness_low][MERL-black-fabric].png","10"
"[machine_shop][bumpiness_low][MERL-chrome].png","[machine_shop][bumpiness_low][MERL-chrome].png","10"
"[machine_shop][bumpiness_low][MERL-gold-metallic-paint].png","[machine_shop][bumpiness_low][MERL-gold-metallic-paint].png","10"
"[machine_shop][bumpiness_low][MERL-gold-metallic-paint2].png","[machine_shop][bumpiness_low][MERL-gold-metallic-paint2].png","10"
"[machine_shop][bumpiness_low][MERL-gold-metallic-paint3].png","[machine_shop][bumpiness_low][MERL-gold-metallic-paint3].png","10"
"[machine_shop][bumpiness_low][MERL-green-plastic].png","[machine_shop][bumpiness_low][MERL-green-plastic].png","10"
"[machine_shop][bumpiness_low][MERL-light-brown-fabric].png","[machine_shop][bumpiness_low][MERL-light-brown-fabric].png","10"
"[machine_shop][bumpiness_low][MERL-pearl-paint].png","[machine_shop][bumpiness_low][MERL-pearl-paint].png","10"
"[machine_shop][bumpiness_low][MERL-polyurethane-foam].png","[machine_shop][bumpiness_low][MERL-polyurethane-foam].png","10"
"[machine_shop][bumpiness_low][MERL-red-metallic-paint].png","[machine_shop][bumpiness_low][MERL-red-metallic-paint].png","10"
"[machine_shop][bumpiness_low][MERL-silicon-nitrade].png","[machine_shop][bumpiness_low][MERL-silicon-nitrade].png","10"
"[machine_shop][bumpiness_low][MERL-silver-metallic-paint].png","[machine_shop][bumpiness_low][MERL-silver-metallic-paint].png","10"
"[machine_shop][bumpiness_low][MERL-silver-metallic-paint2].png","[machine_shop][bumpiness_low][MERL-silver-metallic-paint2].png","10"
"[machine_shop][bumpiness_low][MERL-specular-blue-phenolic].png","[machine_shop][bumpiness_low][MERL-specular-blue-phenolic].png","10"
"[machine_shop][bumpiness_low][MERL-specular-green-phenolic].png","[machine_shop][bumpiness_low][MERL-specular-green-phenolic].png","10"
"[machine_shop][bumpiness_low][MERL-specular-maroon-phenolic].png","[machine_shop][bumpiness_low][MERL-specular-maroon-phenolic].png","10"
"[machine_shop][bumpiness_low][MERL-specular-orange-phenolic].png","[machine_shop][bumpiness_low][MERL-specular-orange-phenolic].png","10"
"[machine_shop][bumpiness_low][MERL-specular-red-phenolic].png","[machine_shop][bumpiness_low][MERL-specular-red-phenolic].png","10"
"[machine_shop][bumpiness_low][MERL-specular-violet-phenolic].png","[machine_shop][bumpiness_low][MERL-specular-violet-phenolic].png","10"
"[machine_shop][bumpiness_low][MERL-specular-white-phenolic].png","[machine_shop][bumpiness_low][MERL-specular-white-phenolic].png","10"
"[machine_shop][bumpiness_low][MERL-specular-yellow-phenolic].png","[machine_shop][bumpiness_low][MERL-specular-yellow-phenolic].png","10"
"[machine_shop][bumpiness_low][MERL-steel].png","[machine_shop][bumpiness_low][MERL-steel].png","10"
"[machine_shop][bumpiness_low][MERL-tungsten-carbide].png","[machine_shop][bumpiness_low][MERL-tungsten-carbide].png","10"
"[machine_shop][bumpiness_low][MERL-two-layer-silver].png","[machine_shop][bumpiness_low][MERL-two-layer-silver].png","10"
"[machine_shop][bumpiness_low][MERL-white-acrylic].png","[machine_shop][bumpiness_low][MERL-white-acrylic].png","10"
"[machine_shop][bumpiness_low][MERL-yellow-phenolic].png","[machine_shop][bumpiness_low][MERL-yellow-phenolic].png","10"
"[machine_shop][bumpiness_low][RGL-aniso_copper_sheet_rgb].png","[machine_shop][bumpiness_low][RGL-aniso_copper_sheet_rgb].png","10"
"[machine_shop][bumpiness_low][RGL-aniso_miro_7_rgb].png","[machine_shop][bumpiness_low][RGL-aniso_miro_7_rgb].png","10"
"[machine_shop][bumpiness_low][RGL-aniso_sari_silk_2color_rgb].png","[machine_shop][bumpiness_low][RGL-aniso_sari_silk_2color_rgb].png","10"
"[machine_shop][bumpiness_low][RGL-chm_orange_rgb].png","[machine_shop][bumpiness_low][RGL-chm_orange_rgb].png","10"
"[machine_shop][bumpiness_low][RGL-ilm_solo_m_68_rgb].png","[machine_shop][bumpiness_low][RGL-ilm_solo_m_68_rgb].png","10"
"[machine_shop][bumpiness_low][RGL-vch_frozen_amethyst_rgb].png","[machine_shop][bumpiness_low][RGL-vch_frozen_amethyst_rgb].png","10"
"[machine_shop][bumpiness_low][RGL-vch_golden_yellow_rgb].png","[machine_shop][bumpiness_low][RGL-vch_golden_yellow_rgb].png","10"
"[machine_shop][bumpiness_low][RGL-vch_silk_blue_rgb].png","[machine_shop][bumpiness_low][RGL-vch_silk_blue_rgb].png","10"
"[machine_shop][bumpiness_low][SVBRDF-Ceramic__0330_marble_wall_01].png","[machine_shop][bumpiness_low][SVBRDF-Ceramic__0330_marble_wall_01].png","10"
"[machine_shop][bumpiness_low][SVBRDF-Ceramic__0974_arcane_arabesque_patterns].png","[machine_shop][bumpiness_low][SVBRDF-Ceramic__0974_arcane_arabesque_patterns].png","10"
"[machine_shop][bumpiness_low][SVBRDF-Ceramic__cgbc_blue_tiles_001].png","[machine_shop][bumpiness_low][SVBRDF-Ceramic__cgbc_blue_tiles_001].png","10"
"[machine_shop][bumpiness_low][SVBRDF-Ceramic__tc_tiles_085].png","[machine_shop][bumpiness_low][SVBRDF-Ceramic__tc_tiles_085].png","10"
"[machine_shop][bumpiness_low][SVBRDF-Fabric__0265_fabric_padded_wall].png","[machine_shop][bumpiness_low][SVBRDF-Fabric__0265_fabric_padded_wall].png","10"
"[machine_shop][bumpiness_low][SVBRDF-Fabric__0266_fabric_padded_wall].png","[machine_shop][bumpiness_low][SVBRDF-Fabric__0266_fabric_padded_wall].png","10"
"[machine_shop][bumpiness_low][SVBRDF-Fabric__acg_fabric_058].png","[machine_shop][bumpiness_low][SVBRDF-Fabric__acg_fabric_058].png","10"
"[machine_shop][bumpiness_low][SVBRDF-Fabric__js_fabric_pattern_006].png","[machine_shop][bumpiness_low][SVBRDF-Fabric__js_fabric_pattern_006].png","10"
"[machine_shop][bumpiness_low][SVBRDF-Metal__0361_metal_brushed_copper].png","[machine_shop][bumpiness_low][SVBRDF-Metal__0361_metal_brushed_copper].png","10"
"[machine_shop][bumpiness_low][SVBRDF-Metal__acg_metal_016].png","[machine_shop][bumpiness_low][SVBRDF-Metal__acg_metal_016].png","10"
"[machine_shop][bumpiness_low][SVBRDF-Metal__cgbc_metal_weave_002].png","[machine_shop][bumpiness_low][SVBRDF-Metal__cgbc_metal_weave_002].png","10"
"[machine_shop][bumpiness_very_high][MERL_EDIT-beige-fabric_diff_mix_grease-covered-steel_spec_hue_1_sat_1_spec_0].png","[machine_shop][bumpiness_very_high][MERL_EDIT-beige-fabric_diff_mix_grease-covered-steel_spec_hue_1_sat_1_spec_0].png","10"
"[machine_shop][bumpiness_very_high][MERL_EDIT-beige-fabric_diff_mix_grease-covered-steel_spec_hue_2_sat_0_spec_1].png","[machine_shop][bumpiness_very_high][MERL_EDIT-beige-fabric_diff_mix_grease-covered-steel_spec_hue_2_sat_0_spec_1].png","10"
"[machine_shop][bumpiness_very_high][MERL_EDIT-beige-fabric_diff_mix_grease-covered-steel_spec_hue_2_sat_1_spec_1].png","[machine_shop][bumpiness_very_high][MERL_EDIT-beige-fabric_diff_mix_grease-covered-steel_spec_hue_2_sat_1_spec_1].png","10"
"[machine_shop][bumpiness_very_high][MERL_EDIT-beige-fabric_diff_mix_natural-209_spec_hue_1_sat_0_spec_1].png","[machine_shop][bumpiness_very_high][MERL_EDIT-beige-fabric_diff_mix_natural-209_spec_hue_1_sat_0_spec_1].png","10"
"[machine_shop][bumpiness_very_high][MERL_EDIT-beige-fabric_diff_mix_polyethylene_spec_hue_3_black_spec_1].png","[machine_shop][bumpiness_very_high][MERL_EDIT-beige-fabric_diff_mix_polyethylene_spec_hue_3_black_spec_1].png","10"
"[machine_shop][bumpiness_very_high][MERL_EDIT-beige-fabric_diff_mix_silver-paint_spec_hue_2_sat_1_spec_1].png","[machine_shop][bumpiness_very_high][MERL_EDIT-beige-fabric_diff_mix_silver-paint_spec_hue_2_sat_1_spec_1].png","10"
"[machine_shop][bumpiness_very_high][MERL_EDIT-beige-fabric_diff_mix_silver-paint_spec_hue_3_black_spec_0].png","[machine_shop][bumpiness_very_high][MERL_EDIT-beige-fabric_diff_mix_silver-paint_spec_hue_3_black_spec_0].png","10"
"[machine_shop][bumpiness_very_high][MERL_EDIT-beige-fabric_diff_mix_silver-paint_spec_hue_3_black_spec_1].png","[machine_shop][bumpiness_very_high][MERL_EDIT-beige-fabric_diff_mix_silver-paint_spec_hue_3_black_spec_1].png","10"
"[machine_shop][bumpiness_very_high][MERL_EDIT-beige-fabric_diff_mix_silver-paint_spec_hue_3_black_spec_2].png","[machine_shop][bumpiness_very_high][MERL_EDIT-beige-fabric_diff_mix_silver-paint_spec_hue_3_black_spec_2].png","10"
"[machine_shop][bumpiness_very_high][MERL_EDIT-beige-fabric_diff_mix_white-paint_spec_hue_0_sat_1_spec_0].png","[machine_shop][bumpiness_very_high][MERL_EDIT-beige-fabric_diff_mix_white-paint_spec_hue_0_sat_1_spec_0].png","10"
"[machine_shop][bumpiness_very_high][MERL_EDIT-beige-fabric_hue_3_black_spec_0].png","[machine_shop][bumpiness_very_high][MERL_EDIT-beige-fabric_hue_3_black_spec_0].png","10"
"[machine_shop][bumpiness_very_high][MERL-alum-bronze].png","[machine_shop][bumpiness_very_high][MERL-alum-bronze].png","10"
"[machine_shop][bumpiness_very_high][MERL-alumina-oxide].png","[machine_shop][bumpiness_very_high][MERL-alumina-oxide].png","10"
"[machine_shop][bumpiness_very_high][MERL-aluminium].png","[machine_shop][bumpiness_very_high][MERL-aluminium].png","10"
"[machine_shop][bumpiness_very_high][MERL-beige-fabric].png","[machine_shop][bumpiness_very_high][MERL-beige-fabric].png","10"
"[machine_shop][bumpiness_very_high][MERL-black-fabric].png","[machine_shop][bumpiness_very_high][MERL-black-fabric].png","10"
"[machine_shop][bumpiness_very_high][MERL-chrome].png","[machine_shop][bumpiness_very_high][MERL-chrome].png","10"
"[machine_shop][bumpiness_very_high][MERL-gold-metallic-paint].png","[machine_shop][bumpiness_very_high][MERL-gold-metallic-paint].png","10"
"[machine_shop][bumpiness_very_high][MERL-gold-metallic-paint2].png","[machine_shop][bumpiness_very_high][MERL-gold-metallic-paint2].png","10"
"[machine_shop][bumpiness_very_high][MERL-gold-metallic-paint3].png","[machine_shop][bumpiness_very_high][MERL-gold-metallic-paint3].png","10"
"[machine_shop][bumpiness_very_high][MERL-green-plastic].png","[machine_shop][bumpiness_very_high][MERL-green-plastic].png","10"
"[machine_shop][bumpiness_very_high][MERL-light-brown-fabric].png","[machine_shop][bumpiness_very_high][MERL-light-brown-fabric].png","10"
"[machine_shop][bumpiness_very_high][MERL-pearl-paint].png","[machine_shop][bumpiness_very_high][MERL-pearl-paint].png","10"
"[machine_shop][bumpiness_very_high][MERL-polyurethane-foam].png","[machine_shop][bumpiness_very_high][MERL-polyurethane-foam].png","10"
"[machine_shop][bumpiness_very_high][MERL-red-metallic-paint].png","[machine_shop][bumpiness_very_high][MERL-red-metallic-paint].png","10"
"[machine_shop][bumpiness_very_high][MERL-silicon-nitrade].png","[machine_shop][bumpiness_very_high][MERL-silicon-nitrade].png","10"
"[machine_shop][bumpiness_very_high][MERL-silver-metallic-paint].png","[machine_shop][bumpiness_very_high][MERL-silver-metallic-paint].png","10"
"[machine_shop][bumpiness_very_high][MERL-silver-metallic-paint2].png","[machine_shop][bumpiness_very_high][MERL-silver-metallic-paint2].png","10"
"[machine_shop][bumpiness_very_high][MERL-specular-blue-phenolic].png","[machine_shop][bumpiness_very_high][MERL-specular-blue-phenolic].png","10"
"[machine_shop][bumpiness_very_high][MERL-specular-green-phenolic].png","[machine_shop][bumpiness_very_high][MERL-specular-green-phenolic].png","10"
"[machine_shop][bumpiness_very_high][MERL-specular-maroon-phenolic].png","[machine_shop][bumpiness_very_high][MERL-specular-maroon-phenolic].png","10"
"[machine_shop][bumpiness_very_high][MERL-specular-orange-phenolic].png","[machine_shop][bumpiness_very_high][MERL-specular-orange-phenolic].png","10"
"[machine_shop][bumpiness_very_high][MERL-specular-red-phenolic].png","[machine_shop][bumpiness_very_high][MERL-specular-red-phenolic].png","10"
"[machine_shop][bumpiness_very_high][MERL-specular-violet-phenolic].png","[machine_shop][bumpiness_very_high][MERL-specular-violet-phenolic].png","10"
"[machine_shop][bumpiness_very_high][MERL-specular-white-phenolic].png","[machine_shop][bumpiness_very_high][MERL-specular-white-phenolic].png","10"
"[machine_shop][bumpiness_very_high][MERL-specular-yellow-phenolic].png","[machine_shop][bumpiness_very_high][MERL-specular-yellow-phenolic].png","10"
"[machine_shop][bumpiness_very_high][MERL-steel].png","[machine_shop][bumpiness_very_high][MERL-steel].png","10"
"[machine_shop][bumpiness_very_high][MERL-tungsten-carbide].png","[machine_shop][bumpiness_very_high][MERL-tungsten-carbide].png","10"
"[machine_shop][bumpiness_very_high][MERL-two-layer-silver].png","[machine_shop][bumpiness_very_high][MERL-two-layer-silver].png","10"
"[machine_shop][bumpiness_very_high][MERL-white-acrylic].png","[machine_shop][bumpiness_very_high][MERL-white-acrylic].png","10"
"[machine_shop][bumpiness_very_high][MERL-yellow-phenolic].png","[machine_shop][bumpiness_very_high][MERL-yellow-phenolic].png","10"
"[machine_shop][bumpiness_very_high][RGL-aniso_copper_sheet_rgb].png","[machine_shop][bumpiness_very_high][RGL-aniso_copper_sheet_rgb].png","10"
"[machine_shop][bumpiness_very_high][RGL-aniso_miro_7_rgb].png","[machine_shop][bumpiness_very_high][RGL-aniso_miro_7_rgb].png","10"
"[machine_shop][bumpiness_very_high][RGL-aniso_sari_silk_2color_rgb].png","[machine_shop][bumpiness_very_high][RGL-aniso_sari_silk_2color_rgb].png","10"
"[machine_shop][bumpiness_very_high][RGL-chm_orange_rgb].png","[machine_shop][bumpiness_very_high][RGL-chm_orange_rgb].png","10"
"[machine_shop][bumpiness_very_high][RGL-ilm_solo_m_68_rgb].png","[machine_shop][bumpiness_very_high][RGL-ilm_solo_m_68_rgb].png","10"
"[machine_shop][bumpiness_very_high][RGL-vch_frozen_amethyst_rgb].png","[machine_shop][bumpiness_very_high][RGL-vch_frozen_amethyst_rgb].png","10"
"[machine_shop][bumpiness_very_high][RGL-vch_golden_yellow_rgb].png","[machine_shop][bumpiness_very_high][RGL-vch_golden_yellow_rgb].png","10"
"[machine_shop][bumpiness_very_high][RGL-vch_silk_blue_rgb].png","[machine_shop][bumpiness_very_high][RGL-vch_silk_blue_rgb].png","10"
"[machine_shop][bumpiness_very_high][SVBRDF-Ceramic__0330_marble_wall_01].png","[machine_shop][bumpiness_very_high][SVBRDF-Ceramic__0330_marble_wall_01].png","10"
"[machine_shop][bumpiness_very_high][SVBRDF-Ceramic__0974_arcane_arabesque_patterns].png","[machine_shop][bumpiness_very_high][SVBRDF-Ceramic__0974_arcane_arabesque_patterns].png","10"
"[machine_shop][bumpiness_very_high][SVBRDF-Ceramic__cgbc_blue_tiles_001].png","[machine_shop][bumpiness_very_high][SVBRDF-Ceramic__cgbc_blue_tiles_001].png","10"
"[machine_shop][bumpiness_very_high][SVBRDF-Ceramic__tc_tiles_085].png","[machine_shop][bumpiness_very_high][SVBRDF-Ceramic__tc_tiles_085].png","10"
"[machine_shop][bumpiness_very_high][SVBRDF-Fabric__0265_fabric_padded_wall].png","[machine_shop][bumpiness_very_high][SVBRDF-Fabric__0265_fabric_padded_wall].png","10"
"[machine_shop][bumpiness_very_high][SVBRDF-Fabric__0266_fabric_padded_wall].png","[machine_shop][bumpiness_very_high][SVBRDF-Fabric__0266_fabric_padded_wall].png","10"
"[machine_shop][bumpiness_very_high][SVBRDF-Fabric__acg_fabric_058].png","[machine_shop][bumpiness_very_high][SVBRDF-Fabric__acg_fabric_058].png","10"
"[machine_shop][bumpiness_very_high][SVBRDF-Fabric__js_fabric_pattern_006].png","[machine_shop][bumpiness_very_high][SVBRDF-Fabric__js_fabric_pattern_006].png","10"
"[machine_shop][bumpiness_very_high][SVBRDF-Metal__0361_metal_brushed_copper].png","[machine_shop][bumpiness_very_high][SVBRDF-Metal__0361_metal_brushed_copper].png","10"
"[machine_shop][bumpiness_very_high][SVBRDF-Metal__acg_metal_016].png","[machine_shop][bumpiness_very_high][SVBRDF-Metal__acg_metal_016].png","10"
"[machine_shop][bumpiness_very_high][SVBRDF-Metal__cgbc_metal_weave_002].png","[machine_shop][bumpiness_very_high][SVBRDF-Metal__cgbc_metal_weave_002].png","10"
"[machine_shop][ridges_high_frequency][MERL_EDIT-beige-fabric_diff_mix_grease-covered-steel_spec_hue_1_sat_1_spec_0].png","[machine_shop][ridges_high_frequency][MERL_EDIT-beige-fabric_diff_mix_grease-covered-steel_spec_hue_1_sat_1_spec_0].png","10"
"[machine_shop][ridges_high_frequency][MERL_EDIT-beige-fabric_diff_mix_grease-covered-steel_spec_hue_2_sat_0_spec_1].png","[machine_shop][ridges_high_frequency][MERL_EDIT-beige-fabric_diff_mix_grease-covered-steel_spec_hue_2_sat_0_spec_1].png","10"
"[machine_shop][ridges_high_frequency][MERL_EDIT-beige-fabric_diff_mix_grease-covered-steel_spec_hue_2_sat_1_spec_1].png","[machine_shop][ridges_high_frequency][MERL_EDIT-beige-fabric_diff_mix_grease-covered-steel_spec_hue_2_sat_1_spec_1].png","10"
"[machine_shop][ridges_high_frequency][MERL_EDIT-beige-fabric_diff_mix_natural-209_spec_hue_1_sat_0_spec_1].png","[machine_shop][ridges_high_frequency][MERL_EDIT-beige-fabric_diff_mix_natural-209_spec_hue_1_sat_0_spec_1].png","10"
"[machine_shop][ridges_high_frequency][MERL_EDIT-beige-fabric_diff_mix_polyethylene_spec_hue_3_black_spec_1].png","[machine_shop][ridges_high_frequency][MERL_EDIT-beige-fabric_diff_mix_polyethylene_spec_hue_3_black_spec_1].png","10"
"[machine_shop][ridges_high_frequency][MERL_EDIT-beige-fabric_diff_mix_silver-paint_spec_hue_2_sat_1_spec_1].png","[machine_shop][ridges_high_frequency][MERL_EDIT-beige-fabric_diff_mix_silver-paint_spec_hue_2_sat_1_spec_1].png","10"
"[machine_shop][ridges_high_frequency][MERL_EDIT-beige-fabric_diff_mix_silver-paint_spec_hue_3_black_spec_0].png","[machine_shop][ridges_high_frequency][MERL_EDIT-beige-fabric_diff_mix_silver-paint_spec_hue_3_black_spec_0].png","10"
"[machine_shop][ridges_high_frequency][MERL_EDIT-beige-fabric_diff_mix_silver-paint_spec_hue_3_black_spec_1].png","[machine_shop][ridges_high_frequency][MERL_EDIT-beige-fabric_diff_mix_silver-paint_spec_hue_3_black_spec_1].png","10"
"[machine_shop][ridges_high_frequency][MERL_EDIT-beige-fabric_diff_mix_silver-paint_spec_hue_3_black_spec_2].png","[machine_shop][ridges_high_frequency][MERL_EDIT-beige-fabric_diff_mix_silver-paint_spec_hue_3_black_spec_2].png","10"
"[machine_shop][ridges_high_frequency][MERL_EDIT-beige-fabric_diff_mix_white-paint_spec_hue_0_sat_1_spec_0].png","[machine_shop][ridges_high_frequency][MERL_EDIT-beige-fabric_diff_mix_white-paint_spec_hue_0_sat_1_spec_0].png","10"
"[machine_shop][ridges_high_frequency][MERL_EDIT-beige-fabric_hue_3_black_spec_0].png","[machine_shop][ridges_high_frequency][MERL_EDIT-beige-fabric_hue_3_black_spec_0].png","10"
"[machine_shop][ridges_high_frequency][MERL-alum-bronze].png","[machine_shop][ridges_high_frequency][MERL-alum-bronze].png","10"
"[machine_shop][ridges_high_frequency][MERL-alumina-oxide].png","[machine_shop][ridges_high_frequency][MERL-alumina-oxide].png","10"
"[machine_shop][ridges_high_frequency][MERL-aluminium].png","[machine_shop][ridges_high_frequency][MERL-aluminium].png","10"
"[machine_shop][ridges_high_frequency][MERL-beige-fabric].png","[machine_shop][ridges_high_frequency][MERL-beige-fabric].png","10"
"[machine_shop][ridges_high_frequency][MERL-black-fabric].png","[machine_shop][ridges_high_frequency][MERL-black-fabric].png","10"
"[machine_shop][ridges_high_frequency][MERL-chrome].png","[machine_shop][ridges_high_frequency][MERL-chrome].png","10"
"[machine_shop][ridges_high_frequency][MERL-gold-metallic-paint].png","[machine_shop][ridges_high_frequency][MERL-gold-metallic-paint].png","10"
"[machine_shop][ridges_high_frequency][MERL-gold-metallic-paint2].png","[machine_shop][ridges_high_frequency][MERL-gold-metallic-paint2].png","10"
"[machine_shop][ridges_high_frequency][MERL-gold-metallic-paint3].png","[machine_shop][ridges_high_frequency][MERL-gold-metallic-paint3].png","10"
"[machine_shop][ridges_high_frequency][MERL-green-plastic].png","[machine_shop][ridges_high_frequency][MERL-green-plastic].png","10"
"[machine_shop][ridges_high_frequency][MERL-light-brown-fabric].png","[machine_shop][ridges_high_frequency][MERL-light-brown-fabric].png","10"
"[machine_shop][ridges_high_frequency][MERL-pearl-paint].png","[machine_shop][ridges_high_frequency][MERL-pearl-paint].png","10"
"[machine_shop][ridges_high_frequency][MERL-polyurethane-foam].png","[machine_shop][ridges_high_frequency][MERL-polyurethane-foam].png","10"
"[machine_shop][ridges_high_frequency][MERL-red-metallic-paint].png","[machine_shop][ridges_high_frequency][MERL-red-metallic-paint].png","10"
"[machine_shop][ridges_high_frequency][MERL-silicon-nitrade].png","[machine_shop][ridges_high_frequency][MERL-silicon-nitrade].png","10"
"[machine_shop][ridges_high_frequency][MERL-silver-metallic-paint].png","[machine_shop][ridges_high_frequency][MERL-silver-metallic-paint].png","10"
"[machine_shop][ridges_high_frequency][MERL-silver-metallic-paint2].png","[machine_shop][ridges_high_frequency][MERL-silver-metallic-paint2].png","10"
"[machine_shop][ridges_high_frequency][MERL-specular-blue-phenolic].png","[machine_shop][ridges_high_frequency][MERL-specular-blue-phenolic].png","10"
"[machine_shop][ridges_high_frequency][MERL-specular-green-phenolic].png","[machine_shop][ridges_high_frequency][MERL-specular-green-phenolic].png","10"
"[machine_shop][ridges_high_frequency][MERL-specular-maroon-phenolic].png","[machine_shop][ridges_high_frequency][MERL-specular-maroon-phenolic].png","10"
"[machine_shop][ridges_high_frequency][MERL-specular-orange-phenolic].png","[machine_shop][ridges_high_frequency][MERL-specular-orange-phenolic].png","10"
"[machine_shop][ridges_high_frequency][MERL-specular-red-phenolic].png","[machine_shop][ridges_high_frequency][MERL-specular-red-phenolic].png","10"
"[machine_shop][ridges_high_frequency][MERL-specular-violet-phenolic].png","[machine_shop][ridges_high_frequency][MERL-specular-violet-phenolic].png","10"
"[machine_shop][ridges_high_frequency][MERL-specular-white-phenolic].png","[machine_shop][ridges_high_frequency][MERL-specular-white-phenolic].png","10"
"[machine_shop][ridges_high_frequency][MERL-specular-yellow-phenolic].png","[machine_shop][ridges_high_frequency][MERL-specular-yellow-phenolic].png","10"
"[machine_shop][ridges_high_frequency][MERL-steel].png","[machine_shop][ridges_high_frequency][MERL-steel].png","10"
"[machine_shop][ridges_high_frequency][MERL-tungsten-carbide].png","[machine_shop][ridges_high_frequency][MERL-tungsten-carbide].png","10"
"[machine_shop][ridges_high_frequency][MERL-two-layer-silver].png","[machine_shop][ridges_high_frequency][MERL-two-layer-silver].png","10"
"[machine_shop][ridges_high_frequency][MERL-white-acrylic].png","[machine_shop][ridges_high_frequency][MERL-white-acrylic].png","10"
"[machine_shop][ridges_high_frequency][MERL-yellow-phenolic].png","[machine_shop][ridges_high_frequency][MERL-yellow-phenolic].png","10"
"[machine_shop][ridges_high_frequency][RGL-aniso_copper_sheet_rgb].png","[machine_shop][ridges_high_frequency][RGL-aniso_copper_sheet_rgb].png","10"
"[machine_shop][ridges_high_frequency][RGL-aniso_miro_7_rgb].png","[machine_shop][ridges_high_frequency][RGL-aniso_miro_7_rgb].png","10"
"[machine_shop][ridges_high_frequency][RGL-aniso_sari_silk_2color_rgb].png","[machine_shop][ridges_high_frequency][RGL-aniso_sari_silk_2color_rgb].png","10"
"[machine_shop][ridges_high_frequency][RGL-chm_orange_rgb].png","[machine_shop][ridges_high_frequency][RGL-chm_orange_rgb].png","10"
"[machine_shop][ridges_high_frequency][RGL-ilm_solo_m_68_rgb].png","[machine_shop][ridges_high_frequency][RGL-ilm_solo_m_68_rgb].png","10"
"[machine_shop][ridges_high_frequency][RGL-vch_frozen_amethyst_rgb].png","[machine_shop][ridges_high_frequency][RGL-vch_frozen_amethyst_rgb].png","10"
"[machine_shop][ridges_high_frequency][RGL-vch_golden_yellow_rgb].png","[machine_shop][ridges_high_frequency][RGL-vch_golden_yellow_rgb].png","10"
"[machine_shop][ridges_high_frequency][RGL-vch_silk_blue_rgb].png","[machine_shop][ridges_high_frequency][RGL-vch_silk_blue_rgb].png","10"
"[machine_shop][ridges_high_frequency][SVBRDF-Ceramic__0330_marble_wall_01].png","[machine_shop][ridges_high_frequency][SVBRDF-Ceramic__0330_marble_wall_01].png","10"
"[machine_shop][ridges_high_frequency][SVBRDF-Ceramic__0974_arcane_arabesque_patterns].png","[machine_shop][ridges_high_frequency][SVBRDF-Ceramic__0974_arcane_arabesque_patterns].png","10"
"[machine_shop][ridges_high_frequency][SVBRDF-Ceramic__cgbc_blue_tiles_001].png","[machine_shop][ridges_high_frequency][SVBRDF-Ceramic__cgbc_blue_tiles_001].png","10"
"[machine_shop][ridges_high_frequency][SVBRDF-Ceramic__tc_tiles_085].png","[machine_shop][ridges_high_frequency][SVBRDF-Ceramic__tc_tiles_085].png","10"
"[machine_shop][ridges_high_frequency][SVBRDF-Fabric__0265_fabric_padded_wall].png","[machine_shop][ridges_high_frequency][SVBRDF-Fabric__0265_fabric_padded_wall].png","10"
"[machine_shop][ridges_high_frequency][SVBRDF-Fabric__0266_fabric_padded_wall].png","[machine_shop][ridges_high_frequency][SVBRDF-Fabric__0266_fabric_padded_wall].png","10"
"[machine_shop][ridges_high_frequency][SVBRDF-Fabric__acg_fabric_058].png","[machine_shop][ridges_high_frequency][SVBRDF-Fabric__acg_fabric_058].png","10"
"[machine_shop][ridges_high_frequency][SVBRDF-Fabric__js_fabric_pattern_006].png","[machine_shop][ridges_high_frequency][SVBRDF-Fabric__js_fabric_pattern_006].png","10"
"[machine_shop][ridges_high_frequency][SVBRDF-Metal__0361_metal_brushed_copper].png","[machine_shop][ridges_high_frequency][SVBRDF-Metal__0361_metal_brushed_copper].png","10"
"[machine_shop][ridges_high_frequency][SVBRDF-Metal__acg_metal_016].png","[machine_shop][ridges_high_frequency][SVBRDF-Metal__acg_metal_016].png","10"
"[machine_shop][ridges_high_frequency][SVBRDF-Metal__cgbc_metal_weave_002].png","[machine_shop][ridges_high_frequency][SVBRDF-Metal__cgbc_metal_weave_002].png","10"
"[machine_shop][ridges_low_frequency][MERL_EDIT-beige-fabric_diff_mix_grease-covered-steel_spec_hue_1_sat_1_spec_0].png","[machine_shop][ridges_low_frequency][MERL_EDIT-beige-fabric_diff_mix_grease-covered-steel_spec_hue_1_sat_1_spec_0].png","10"
"[machine_shop][ridges_low_frequency][MERL_EDIT-beige-fabric_diff_mix_grease-covered-steel_spec_hue_2_sat_0_spec_1].png","[machine_shop][ridges_low_frequency][MERL_EDIT-beige-fabric_diff_mix_grease-covered-steel_spec_hue_2_sat_0_spec_1].png","10"
"[machine_shop][ridges_low_frequency][MERL_EDIT-beige-fabric_diff_mix_grease-covered-steel_spec_hue_2_sat_1_spec_1].png","[machine_shop][ridges_low_frequency][MERL_EDIT-beige-fabric_diff_mix_grease-covered-steel_spec_hue_2_sat_1_spec_1].png","10"
"[machine_shop][ridges_low_frequency][MERL_EDIT-beige-fabric_diff_mix_natural-209_spec_hue_1_sat_0_spec_1].png","[machine_shop][ridges_low_frequency][MERL_EDIT-beige-fabric_diff_mix_natural-209_spec_hue_1_sat_0_spec_1].png","10"
"[machine_shop][ridges_low_frequency][MERL_EDIT-beige-fabric_diff_mix_polyethylene_spec_hue_3_black_spec_1].png","[machine_shop][ridges_low_frequency][MERL_EDIT-beige-fabric_diff_mix_polyethylene_spec_hue_3_black_spec_1].png","10"
"[machine_shop][ridges_low_frequency][MERL_EDIT-beige-fabric_diff_mix_silver-paint_spec_hue_2_sat_1_spec_1].png","[machine_shop][ridges_low_frequency][MERL_EDIT-beige-fabric_diff_mix_silver-paint_spec_hue_2_sat_1_spec_1].png","10"
"[machine_shop][ridges_low_frequency][MERL_EDIT-beige-fabric_diff_mix_silver-paint_spec_hue_3_black_spec_0].png","[machine_shop][ridges_low_frequency][MERL_EDIT-beige-fabric_diff_mix_silver-paint_spec_hue_3_black_spec_0].png","10"
"[machine_shop][ridges_low_frequency][MERL_EDIT-beige-fabric_diff_mix_silver-paint_spec_hue_3_black_spec_1].png","[machine_shop][ridges_low_frequency][MERL_EDIT-beige-fabric_diff_mix_silver-paint_spec_hue_3_black_spec_1].png","10"
"[machine_shop][ridges_low_frequency][MERL_EDIT-beige-fabric_diff_mix_silver-paint_spec_hue_3_black_spec_2].png","[machine_shop][ridges_low_frequency][MERL_EDIT-beige-fabric_diff_mix_silver-paint_spec_hue_3_black_spec_2].png","10"
"[machine_shop][ridges_low_frequency][MERL_EDIT-beige-fabric_diff_mix_white-paint_spec_hue_0_sat_1_spec_0].png","[machine_shop][ridges_low_frequency][MERL_EDIT-beige-fabric_diff_mix_white-paint_spec_hue_0_sat_1_spec_0].png","10"
"[machine_shop][ridges_low_frequency][MERL_EDIT-beige-fabric_hue_3_black_spec_0].png","[machine_shop][ridges_low_frequency][MERL_EDIT-beige-fabric_hue_3_black_spec_0].png","10"
"[machine_shop][ridges_low_frequency][MERL-alum-bronze].png","[machine_shop][ridges_low_frequency][MERL-alum-bronze].png","10"
"[machine_shop][ridges_low_frequency][MERL-alumina-oxide].png","[machine_shop][ridges_low_frequency][MERL-alumina-oxide].png","10"
"[machine_shop][ridges_low_frequency][MERL-aluminium].png","[machine_shop][ridges_low_frequency][MERL-aluminium].png","10"
"[machine_shop][ridges_low_frequency][MERL-beige-fabric].png","[machine_shop][ridges_low_frequency][MERL-beige-fabric].png","10"
"[machine_shop][ridges_low_frequency][MERL-black-fabric].png","[machine_shop][ridges_low_frequency][MERL-black-fabric].png","10"
"[machine_shop][ridges_low_frequency][MERL-chrome].png","[machine_shop][ridges_low_frequency][MERL-chrome].png","10"
"[machine_shop][ridges_low_frequency][MERL-gold-metallic-paint].png","[machine_shop][ridges_low_frequency][MERL-gold-metallic-paint].png","10"
"[machine_shop][ridges_low_frequency][MERL-gold-metallic-paint2].png","[machine_shop][ridges_low_frequency][MERL-gold-metallic-paint2].png","10"
"[machine_shop][ridges_low_frequency][MERL-gold-metallic-paint3].png","[machine_shop][ridges_low_frequency][MERL-gold-metallic-paint3].png","10"
"[machine_shop][ridges_low_frequency][MERL-green-plastic].png","[machine_shop][ridges_low_frequency][MERL-green-plastic].png","10"
"[machine_shop][ridges_low_frequency][MERL-light-brown-fabric].png","[machine_shop][ridges_low_frequency][MERL-light-brown-fabric].png","10"
"[machine_shop][ridges_low_frequency][MERL-pearl-paint].png","[machine_shop][ridges_low_frequency][MERL-pearl-paint].png","10"
"[machine_shop][ridges_low_frequency][MERL-polyurethane-foam].png","[machine_shop][ridges_low_frequency][MERL-polyurethane-foam].png","10"
"[machine_shop][ridges_low_frequency][MERL-red-metallic-paint].png","[machine_shop][ridges_low_frequency][MERL-red-metallic-paint].png","10"
"[machine_shop][ridges_low_frequency][MERL-silicon-nitrade].png","[machine_shop][ridges_low_frequency][MERL-silicon-nitrade].png","10"
"[machine_shop][ridges_low_frequency][MERL-silver-metallic-paint].png","[machine_shop][ridges_low_frequency][MERL-silver-metallic-paint].png","10"
"[machine_shop][ridges_low_frequency][MERL-silver-metallic-paint2].png","[machine_shop][ridges_low_frequency][MERL-silver-metallic-paint2].png","10"
"[machine_shop][ridges_low_frequency][MERL-specular-blue-phenolic].png","[machine_shop][ridges_low_frequency][MERL-specular-blue-phenolic].png","10"
"[machine_shop][ridges_low_frequency][MERL-specular-green-phenolic].png","[machine_shop][ridges_low_frequency][MERL-specular-green-phenolic].png","10"
"[machine_shop][ridges_low_frequency][MERL-specular-maroon-phenolic].png","[machine_shop][ridges_low_frequency][MERL-specular-maroon-phenolic].png","10"
"[machine_shop][ridges_low_frequency][MERL-specular-orange-phenolic].png","[machine_shop][ridges_low_frequency][MERL-specular-orange-phenolic].png","10"
"[machine_shop][ridges_low_frequency][MERL-specular-red-phenolic].png","[machine_shop][ridges_low_frequency][MERL-specular-red-phenolic].png","10"
"[machine_shop][ridges_low_frequency][MERL-specular-violet-phenolic].png","[machine_shop][ridges_low_frequency][MERL-specular-violet-phenolic].png","10"
"[machine_shop][ridges_low_frequency][MERL-specular-white-phenolic].png","[machine_shop][ridges_low_frequency][MERL-specular-white-phenolic].png","10"
"[machine_shop][ridges_low_frequency][MERL-specular-yellow-phenolic].png","[machine_shop][ridges_low_frequency][MERL-specular-yellow-phenolic].png","10"
"[machine_shop][ridges_low_frequency][MERL-steel].png","[machine_shop][ridges_low_frequency][MERL-steel].png","10"
"[machine_shop][ridges_low_frequency][MERL-tungsten-carbide].png","[machine_shop][ridges_low_frequency][MERL-tungsten-carbide].png","10"
"[machine_shop][ridges_low_frequency][MERL-two-layer-silver].png","[machine_shop][ridges_low_frequency][MERL-two-layer-silver].png","10"
"[machine_shop][ridges_low_frequency][MERL-white-acrylic].png","[machine_shop][ridges_low_frequency][MERL-white-acrylic].png","10"
"[machine_shop][ridges_low_frequency][MERL-yellow-phenolic].png","[machine_shop][ridges_low_frequency][MERL-yellow-phenolic].png","10"
"[machine_shop][ridges_low_frequency][RGL-aniso_copper_sheet_rgb].png","[machine_shop][ridges_low_frequency][RGL-aniso_copper_sheet_rgb].png","10"
"[machine_shop][ridges_low_frequency][RGL-aniso_miro_7_rgb].png","[machine_shop][ridges_low_frequency][RGL-aniso_miro_7_rgb].png","10"
"[machine_shop][ridges_low_frequency][RGL-aniso_sari_silk_2color_rgb].png","[machine_shop][ridges_low_frequency][RGL-aniso_sari_silk_2color_rgb].png","10"
"[machine_shop][ridges_low_frequency][RGL-chm_orange_rgb].png","[machine_shop][ridges_low_frequency][RGL-chm_orange_rgb].png","10"
"[machine_shop][ridges_low_frequency][RGL-ilm_solo_m_68_rgb].png","[machine_shop][ridges_low_frequency][RGL-ilm_solo_m_68_rgb].png","10"
"[machine_shop][ridges_low_frequency][RGL-vch_frozen_amethyst_rgb].png","[machine_shop][ridges_low_frequency][RGL-vch_frozen_amethyst_rgb].png","10"
"[machine_shop][ridges_low_frequency][RGL-vch_golden_yellow_rgb].png","[machine_shop][ridges_low_frequency][RGL-vch_golden_yellow_rgb].png","10"
"[machine_shop][ridges_low_frequency][RGL-vch_silk_blue_rgb].png","[machine_shop][ridges_low_frequency][RGL-vch_silk_blue_rgb].png","10"
"[machine_shop][ridges_low_frequency][SVBRDF-Ceramic__0330_marble_wall_01].png","[machine_shop][ridges_low_frequency][SVBRDF-Ceramic__0330_marble_wall_01].png","10"
"[machine_shop][ridges_low_frequency][SVBRDF-Ceramic__0974_arcane_arabesque_patterns].png","[machine_shop][ridges_low_frequency][SVBRDF-Ceramic__0974_arcane_arabesque_patterns].png","10"
"[machine_shop][ridges_low_frequency][SVBRDF-Ceramic__cgbc_blue_tiles_001].png","[machine_shop][ridges_low_frequency][SVBRDF-Ceramic__cgbc_blue_tiles_001].png","10"
"[machine_shop][ridges_low_frequency][SVBRDF-Ceramic__tc_tiles_085].png","[machine_shop][ridges_low_frequency][SVBRDF-Ceramic__tc_tiles_085].png","10"
"[machine_shop][ridges_low_frequency][SVBRDF-Fabric__0265_fabric_padded_wall].png","[machine_shop][ridges_low_frequency][SVBRDF-Fabric__0265_fabric_padded_wall].png","10"
"[machine_shop][ridges_low_frequency][SVBRDF-Fabric__0266_fabric_padded_wall].png","[machine_shop][ridges_low_frequency][SVBRDF-Fabric__0266_fabric_padded_wall].png","10"
"[machine_shop][ridges_low_frequency][SVBRDF-Fabric__acg_fabric_058].png","[machine_shop][ridges_low_frequency][SVBRDF-Fabric__acg_fabric_058].png","10"
"[machine_shop][ridges_low_frequency][SVBRDF-Fabric__js_fabric_pattern_006].png","[machine_shop][ridges_low_frequency][SVBRDF-Fabric__js_fabric_pattern_006].png","10"
"[machine_shop][ridges_low_frequency][SVBRDF-Metal__0361_metal_brushed_copper].png","[machine_shop][ridges_low_frequency][SVBRDF-Metal__0361_metal_brushed_copper].png","10"
"[machine_shop][ridges_low_frequency][SVBRDF-Metal__acg_metal_016].png","[machine_shop][ridges_low_frequency][SVBRDF-Metal__acg_metal_016].png","10"
"[machine_shop][ridges_low_frequency][SVBRDF-Metal__cgbc_metal_weave_002].png","[machine_shop][ridges_low_frequency][SVBRDF-Metal__cgbc_metal_weave_002].png","10"
"[machine_shop][ridges_very_high_frequency][MERL_EDIT-beige-fabric_diff_mix_grease-covered-steel_spec_hue_1_sat_1_spec_0].png","[machine_shop][ridges_very_high_frequency][MERL_EDIT-beige-fabric_diff_mix_grease-covered-steel_spec_hue_1_sat_1_spec_0].png","10"
"[machine_shop][ridges_very_high_frequency][MERL_EDIT-beige-fabric_diff_mix_grease-covered-steel_spec_hue_2_sat_0_spec_1].png","[machine_shop][ridges_very_high_frequency][MERL_EDIT-beige-fabric_diff_mix_grease-covered-steel_spec_hue_2_sat_0_spec_1].png","10"
"[machine_shop][ridges_very_high_frequency][MERL_EDIT-beige-fabric_diff_mix_grease-covered-steel_spec_hue_2_sat_1_spec_1].png","[machine_shop][ridges_very_high_frequency][MERL_EDIT-beige-fabric_diff_mix_grease-covered-steel_spec_hue_2_sat_1_spec_1].png","10"
"[machine_shop][ridges_very_high_frequency][MERL_EDIT-beige-fabric_diff_mix_natural-209_spec_hue_1_sat_0_spec_1].png","[machine_shop][ridges_very_high_frequency][MERL_EDIT-beige-fabric_diff_mix_natural-209_spec_hue_1_sat_0_spec_1].png","10"
"[machine_shop][ridges_very_high_frequency][MERL_EDIT-beige-fabric_diff_mix_polyethylene_spec_hue_3_black_spec_1].png","[machine_shop][ridges_very_high_frequency][MERL_EDIT-beige-fabric_diff_mix_polyethylene_spec_hue_3_black_spec_1].png","10"
"[machine_shop][ridges_very_high_frequency][MERL_EDIT-beige-fabric_diff_mix_silver-paint_spec_hue_2_sat_1_spec_1].png","[machine_shop][ridges_very_high_frequency][MERL_EDIT-beige-fabric_diff_mix_silver-paint_spec_hue_2_sat_1_spec_1].png","10"
"[machine_shop][ridges_very_high_frequency][MERL_EDIT-beige-fabric_diff_mix_silver-paint_spec_hue_3_black_spec_0].png","[machine_shop][ridges_very_high_frequency][MERL_EDIT-beige-fabric_diff_mix_silver-paint_spec_hue_3_black_spec_0].png","10"
"[machine_shop][ridges_very_high_frequency][MERL_EDIT-beige-fabric_diff_mix_silver-paint_spec_hue_3_black_spec_1].png","[machine_shop][ridges_very_high_frequency][MERL_EDIT-beige-fabric_diff_mix_silver-paint_spec_hue_3_black_spec_1].png","10"
"[machine_shop][ridges_very_high_frequency][MERL_EDIT-beige-fabric_diff_mix_silver-paint_spec_hue_3_black_spec_2].png","[machine_shop][ridges_very_high_frequency][MERL_EDIT-beige-fabric_diff_mix_silver-paint_spec_hue_3_black_spec_2].png","10"
"[machine_shop][ridges_very_high_frequency][MERL_EDIT-beige-fabric_diff_mix_white-paint_spec_hue_0_sat_1_spec_0].png","[machine_shop][ridges_very_high_frequency][MERL_EDIT-beige-fabric_diff_mix_white-paint_spec_hue_0_sat_1_spec_0].png","10"
"[machine_shop][ridges_very_high_frequency][MERL_EDIT-beige-fabric_hue_3_black_spec_0].png","[machine_shop][ridges_very_high_frequency][MERL_EDIT-beige-fabric_hue_3_black_spec_0].png","10"
"[machine_shop][ridges_very_high_frequency][MERL-alum-bronze].png","[machine_shop][ridges_very_high_frequency][MERL-alum-bronze].png","10"
"[machine_shop][ridges_very_high_frequency][MERL-alumina-oxide].png","[machine_shop][ridges_very_high_frequency][MERL-alumina-oxide].png","10"
"[machine_shop][ridges_very_high_frequency][MERL-aluminium].png","[machine_shop][ridges_very_high_frequency][MERL-aluminium].png","10"
"[machine_shop][ridges_very_high_frequency][MERL-beige-fabric].png","[machine_shop][ridges_very_high_frequency][MERL-beige-fabric].png","10"
"[machine_shop][ridges_very_high_frequency][MERL-black-fabric].png","[machine_shop][ridges_very_high_frequency][MERL-black-fabric].png","10"
"[machine_shop][ridges_very_high_frequency][MERL-chrome].png","[machine_shop][ridges_very_high_frequency][MERL-chrome].png","10"
"[machine_shop][ridges_very_high_frequency][MERL-gold-metallic-paint].png","[machine_shop][ridges_very_high_frequency][MERL-gold-metallic-paint].png","10"
"[machine_shop][ridges_very_high_frequency][MERL-gold-metallic-paint2].png","[machine_shop][ridges_very_high_frequency][MERL-gold-metallic-paint2].png","10"
"[machine_shop][ridges_very_high_frequency][MERL-gold-metallic-paint3].png","[machine_shop][ridges_very_high_frequency][MERL-gold-metallic-paint3].png","10"
"[machine_shop][ridges_very_high_frequency][MERL-green-plastic].png","[machine_shop][ridges_very_high_frequency][MERL-green-plastic].png","10"
"[machine_shop][ridges_very_high_frequency][MERL-light-brown-fabric].png","[machine_shop][ridges_very_high_frequency][MERL-light-brown-fabric].png","10"
"[machine_shop][ridges_very_high_frequency][MERL-pearl-paint].png","[machine_shop][ridges_very_high_frequency][MERL-pearl-paint].png","10"
"[machine_shop][ridges_very_high_frequency][MERL-polyurethane-foam].png","[machine_shop][ridges_very_high_frequency][MERL-polyurethane-foam].png","10"
"[machine_shop][ridges_very_high_frequency][MERL-red-metallic-paint].png","[machine_shop][ridges_very_high_frequency][MERL-red-metallic-paint].png","10"
"[machine_shop][ridges_very_high_frequency][MERL-silicon-nitrade].png","[machine_shop][ridges_very_high_frequency][MERL-silicon-nitrade].png","10"
"[machine_shop][ridges_very_high_frequency][MERL-silver-metallic-paint].png","[machine_shop][ridges_very_high_frequency][MERL-silver-metallic-paint].png","10"
"[machine_shop][ridges_very_high_frequency][MERL-silver-metallic-paint2].png","[machine_shop][ridges_very_high_frequency][MERL-silver-metallic-paint2].png","10"
"[machine_shop][ridges_very_high_frequency][MERL-specular-blue-phenolic].png","[machine_shop][ridges_very_high_frequency][MERL-specular-blue-phenolic].png","10"
"[machine_shop][ridges_very_high_frequency][MERL-specular-green-phenolic].png","[machine_shop][ridges_very_high_frequency][MERL-specular-green-phenolic].png","10"
"[machine_shop][ridges_very_high_frequency][MERL-specular-maroon-phenolic].png","[machine_shop][ridges_very_high_frequency][MERL-specular-maroon-phenolic].png","10"
"[machine_shop][ridges_very_high_frequency][MERL-specular-orange-phenolic].png","[machine_shop][ridges_very_high_frequency][MERL-specular-orange-phenolic].png","10"
"[machine_shop][ridges_very_high_frequency][MERL-specular-red-phenolic].png","[machine_shop][ridges_very_high_frequency][MERL-specular-red-phenolic].png","10"
"[machine_shop][ridges_very_high_frequency][MERL-specular-violet-phenolic].png","[machine_shop][ridges_very_high_frequency][MERL-specular-violet-phenolic].png","10"
"[machine_shop][ridges_very_high_frequency][MERL-specular-white-phenolic].png","[machine_shop][ridges_very_high_frequency][MERL-specular-white-phenolic].png","10"
"[machine_shop][ridges_very_high_frequency][MERL-specular-yellow-phenolic].png","[machine_shop][ridges_very_high_frequency][MERL-specular-yellow-phenolic].png","10"
"[machine_shop][ridges_very_high_frequency][MERL-steel].png","[machine_shop][ridges_very_high_frequency][MERL-steel].png","10"
"[machine_shop][ridges_very_high_frequency][MERL-tungsten-carbide].png","[machine_shop][ridges_very_high_frequency][MERL-tungsten-carbide].png","10"
"[machine_shop][ridges_very_high_frequency][MERL-two-layer-silver].png","[machine_shop][ridges_very_high_frequency][MERL-two-layer-silver].png","10"
"[machine_shop][ridges_very_high_frequency][MERL-white-acrylic].png","[machine_shop][ridges_very_high_frequency][MERL-white-acrylic].png","10"
"[machine_shop][ridges_very_high_frequency][MERL-yellow-phenolic].png","[machine_shop][ridges_very_high_frequency][MERL-yellow-phenolic].png","10"
"[machine_shop][ridges_very_high_frequency][RGL-aniso_copper_sheet_rgb].png","[machine_shop][ridges_very_high_frequency][RGL-aniso_copper_sheet_rgb].png","10"
"[machine_shop][ridges_very_high_frequency][RGL-aniso_miro_7_rgb].png","[machine_shop][ridges_very_high_frequency][RGL-aniso_miro_7_rgb].png","10"
"[machine_shop][ridges_very_high_frequency][RGL-aniso_sari_silk_2color_rgb].png","[machine_shop][ridges_very_high_frequency][RGL-aniso_sari_silk_2color_rgb].png","10"
"[machine_shop][ridges_very_high_frequency][RGL-chm_orange_rgb].png","[machine_shop][ridges_very_high_frequency][RGL-chm_orange_rgb].png","10"
"[machine_shop][ridges_very_high_frequency][RGL-ilm_solo_m_68_rgb].png","[machine_shop][ridges_very_high_frequency][RGL-ilm_solo_m_68_rgb].png","10"
"[machine_shop][ridges_very_high_frequency][RGL-vch_frozen_amethyst_rgb].png","[machine_shop][ridges_very_high_frequency][RGL-vch_frozen_amethyst_rgb].png","10"
"[machine_shop][ridges_very_high_frequency][RGL-vch_golden_yellow_rgb].png","[machine_shop][ridges_very_high_frequency][RGL-vch_golden_yellow_rgb].png","10"
"[machine_shop][ridges_very_high_frequency][RGL-vch_silk_blue_rgb].png","[machine_shop][ridges_very_high_frequency][RGL-vch_silk_blue_rgb].png","10"
"[machine_shop][ridges_very_high_frequency][SVBRDF-Ceramic__0330_marble_wall_01].png","[machine_shop][ridges_very_high_frequency][SVBRDF-Ceramic__0330_marble_wall_01].png","10"
"[machine_shop][ridges_very_high_frequency][SVBRDF-Ceramic__0974_arcane_arabesque_patterns].png","[machine_shop][ridges_very_high_frequency][SVBRDF-Ceramic__0974_arcane_arabesque_patterns].png","10"
"[machine_shop][ridges_very_high_frequency][SVBRDF-Ceramic__cgbc_blue_tiles_001].png","[machine_shop][ridges_very_high_frequency][SVBRDF-Ceramic__cgbc_blue_tiles_001].png","10"
"[machine_shop][ridges_very_high_frequency][SVBRDF-Ceramic__tc_tiles_085].png","[machine_shop][ridges_very_high_frequency][SVBRDF-Ceramic__tc_tiles_085].png","10"
"[machine_shop][ridges_very_high_frequency][SVBRDF-Fabric__0265_fabric_padded_wall].png","[machine_shop][ridges_very_high_frequency][SVBRDF-Fabric__0265_fabric_padded_wall].png","10"
"[machine_shop][ridges_very_high_frequency][SVBRDF-Fabric__0266_fabric_padded_wall].png","[machine_shop][ridges_very_high_frequency][SVBRDF-Fabric__0266_fabric_padded_wall].png","10"
"[machine_shop][ridges_very_high_frequency][SVBRDF-Fabric__acg_fabric_058].png","[machine_shop][ridges_very_high_frequency][SVBRDF-Fabric__acg_fabric_058].png","10"
"[machine_shop][ridges_very_high_frequency][SVBRDF-Fabric__js_fabric_pattern_006].png","[machine_shop][ridges_very_high_frequency][SVBRDF-Fabric__js_fabric_pattern_006].png","10"
"[machine_shop][ridges_very_high_frequency][SVBRDF-Metal__0361_metal_brushed_copper].png","[machine_shop][ridges_very_high_frequency][SVBRDF-Metal__0361_metal_brushed_copper].png","10"
"[machine_shop][ridges_very_high_frequency][SVBRDF-Metal__acg_metal_016].png","[machine_shop][ridges_very_high_frequency][SVBRDF-Metal__acg_metal_016].png","10"
"[machine_shop][ridges_very_high_frequency][SVBRDF-Metal__cgbc_metal_weave_002].png","[machine_shop][ridges_very_high_frequency][SVBRDF-Metal__cgbc_metal_weave_002].png","10"
"[machine_shop][sphere][MERL_EDIT-beige-fabric_diff_mix_grease-covered-steel_spec_hue_1_sat_1_spec_0].png","[machine_shop][sphere][MERL_EDIT-beige-fabric_diff_mix_grease-covered-steel_spec_hue_1_sat_1_spec_0].png","10"
"[machine_shop][sphere][MERL_EDIT-beige-fabric_diff_mix_grease-covered-steel_spec_hue_2_sat_0_spec_1].png","[machine_shop][sphere][MERL_EDIT-beige-fabric_diff_mix_grease-covered-steel_spec_hue_2_sat_0_spec_1].png","10"
"[machine_shop][sphere][MERL_EDIT-beige-fabric_diff_mix_grease-covered-steel_spec_hue_2_sat_1_spec_1].png","[machine_shop][sphere][MERL_EDIT-beige-fabric_diff_mix_grease-covered-steel_spec_hue_2_sat_1_spec_1].png","10"
"[machine_shop][sphere][MERL_EDIT-beige-fabric_diff_mix_natural-209_spec_hue_1_sat_0_spec_1].png","[machine_shop][sphere][MERL_EDIT-beige-fabric_diff_mix_natural-209_spec_hue_1_sat_0_spec_1].png","10"
"[machine_shop][sphere][MERL_EDIT-beige-fabric_diff_mix_polyethylene_spec_hue_3_black_spec_1].png","[machine_shop][sphere][MERL_EDIT-beige-fabric_diff_mix_polyethylene_spec_hue_3_black_spec_1].png","10"
"[machine_shop][sphere][MERL_EDIT-beige-fabric_diff_mix_silver-paint_spec_hue_2_sat_1_spec_1].png","[machine_shop][sphere][MERL_EDIT-beige-fabric_diff_mix_silver-paint_spec_hue_2_sat_1_spec_1].png","10"
"[machine_shop][sphere][MERL_EDIT-beige-fabric_diff_mix_silver-paint_spec_hue_3_black_spec_0].png","[machine_shop][sphere][MERL_EDIT-beige-fabric_diff_mix_silver-paint_spec_hue_3_black_spec_0].png","10"
"[machine_shop][sphere][MERL_EDIT-beige-fabric_diff_mix_silver-paint_spec_hue_3_black_spec_1].png","[machine_shop][sphere][MERL_EDIT-beige-fabric_diff_mix_silver-paint_spec_hue_3_black_spec_1].png","10"
"[machine_shop][sphere][MERL_EDIT-beige-fabric_diff_mix_silver-paint_spec_hue_3_black_spec_2].png","[machine_shop][sphere][MERL_EDIT-beige-fabric_diff_mix_silver-paint_spec_hue_3_black_spec_2].png","10"
"[machine_shop][sphere][MERL_EDIT-beige-fabric_diff_mix_white-paint_spec_hue_0_sat_1_spec_0].png","[machine_shop][sphere][MERL_EDIT-beige-fabric_diff_mix_white-paint_spec_hue_0_sat_1_spec_0].png","10"
"[machine_shop][sphere][MERL_EDIT-beige-fabric_hue_3_black_spec_0].png","[machine_shop][sphere][MERL_EDIT-beige-fabric_hue_3_black_spec_0].png","10"
"[machine_shop][sphere][MERL-alum-bronze].png","[machine_shop][sphere][MERL-alum-bronze].png","10"
"[machine_shop][sphere][MERL-alumina-oxide].png","[machine_shop][sphere][MERL-alumina-oxide].png","10"
"[machine_shop][sphere][MERL-aluminium].png","[machine_shop][sphere][MERL-aluminium].png","10"
"[machine_shop][sphere][MERL-beige-fabric].png","[machine_shop][sphere][MERL-beige-fabric].png","10"
"[machine_shop][sphere][MERL-black-fabric].png","[machine_shop][sphere][MERL-black-fabric].png","10"
"[machine_shop][sphere][MERL-chrome].png","[machine_shop][sphere][MERL-chrome].png","10"
"[machine_shop][sphere][MERL-gold-metallic-paint].png","[machine_shop][sphere][MERL-gold-metallic-paint].png","10"
"[machine_shop][sphere][MERL-gold-metallic-paint2].png","[machine_shop][sphere][MERL-gold-metallic-paint2].png","10"
"[machine_shop][sphere][MERL-gold-metallic-paint3].png","[machine_shop][sphere][MERL-gold-metallic-paint3].png","10"
"[machine_shop][sphere][MERL-green-plastic].png","[machine_shop][sphere][MERL-green-plastic].png","10"
"[machine_shop][sphere][MERL-light-brown-fabric].png","[machine_shop][sphere][MERL-light-brown-fabric].png","10"
"[machine_shop][sphere][MERL-pearl-paint].png","[machine_shop][sphere][MERL-pearl-paint].png","10"
"[machine_shop][sphere][MERL-polyurethane-foam].png","[machine_shop][sphere][MERL-polyurethane-foam].png","10"
"[machine_shop][sphere][MERL-red-metallic-paint].png","[machine_shop][sphere][MERL-red-metallic-paint].png","10"
"[machine_shop][sphere][MERL-silicon-nitrade].png","[machine_shop][sphere][MERL-silicon-nitrade].png","10"
"[machine_shop][sphere][MERL-silver-metallic-paint].png","[machine_shop][sphere][MERL-silver-metallic-paint].png","10"
"[machine_shop][sphere][MERL-silver-metallic-paint2].png","[machine_shop][sphere][MERL-silver-metallic-paint2].png","10"
"[machine_shop][sphere][MERL-specular-blue-phenolic].png","[machine_shop][sphere][MERL-specular-blue-phenolic].png","10"
"[machine_shop][sphere][MERL-specular-green-phenolic].png","[machine_shop][sphere][MERL-specular-green-phenolic].png","10"
"[machine_shop][sphere][MERL-specular-maroon-phenolic].png","[machine_shop][sphere][MERL-specular-maroon-phenolic].png","10"
"[machine_shop][sphere][MERL-specular-orange-phenolic].png","[machine_shop][sphere][MERL-specular-orange-phenolic].png","10"
"[machine_shop][sphere][MERL-specular-red-phenolic].png","[machine_shop][sphere][MERL-specular-red-phenolic].png","10"
"[machine_shop][sphere][MERL-specular-violet-phenolic].png","[machine_shop][sphere][MERL-specular-violet-phenolic].png","10"
"[machine_shop][sphere][MERL-specular-white-phenolic].png","[machine_shop][sphere][MERL-specular-white-phenolic].png","10"
"[machine_shop][sphere][MERL-specular-yellow-phenolic].png","[machine_shop][sphere][MERL-specular-yellow-phenolic].png","10"
"[machine_shop][sphere][MERL-steel].png","[machine_shop][sphere][MERL-steel].png","10"
"[machine_shop][sphere][MERL-tungsten-carbide].png","[machine_shop][sphere][MERL-tungsten-carbide].png","10"
"[machine_shop][sphere][MERL-two-layer-silver].png","[machine_shop][sphere][MERL-two-layer-silver].png","10"
"[machine_shop][sphere][MERL-white-acrylic].png","[machine_shop][sphere][MERL-white-acrylic].png","10"
"[machine_shop][sphere][MERL-yellow-phenolic].png","[machine_shop][sphere][MERL-yellow-phenolic].png","10"
"[machine_shop][sphere][RGL-aniso_copper_sheet_rgb].png","[machine_shop][sphere][RGL-aniso_copper_sheet_rgb].png","10"
"[machine_shop][sphere][RGL-aniso_miro_7_rgb].png","[machine_shop][sphere][RGL-aniso_miro_7_rgb].png","10"
"[machine_shop][sphere][RGL-aniso_sari_silk_2color_rgb].png","[machine_shop][sphere][RGL-aniso_sari_silk_2color_rgb].png","10"
"[machine_shop][sphere][RGL-chm_orange_rgb].png","[machine_shop][sphere][RGL-chm_orange_rgb].png","10"
"[machine_shop][sphere][RGL-ilm_solo_m_68_rgb].png","[machine_shop][sphere][RGL-ilm_solo_m_68_rgb].png","10"
"[machine_shop][sphere][RGL-vch_frozen_amethyst_rgb].png","[machine_shop][sphere][RGL-vch_frozen_amethyst_rgb].png","10"
"[machine_shop][sphere][RGL-vch_golden_yellow_rgb].png","[machine_shop][sphere][RGL-vch_golden_yellow_rgb].png","10"
"[machine_shop][sphere][RGL-vch_silk_blue_rgb].png","[machine_shop][sphere][RGL-vch_silk_blue_rgb].png","10"
"[machine_shop][sphere][SVBRDF-Ceramic__0330_marble_wall_01].png","[machine_shop][sphere][SVBRDF-Ceramic__0330_marble_wall_01].png","10"
"[machine_shop][sphere][SVBRDF-Ceramic__0974_arcane_arabesque_patterns].png","[machine_shop][sphere][SVBRDF-Ceramic__0974_arcane_arabesque_patterns].png","10"
"[machine_shop][sphere][SVBRDF-Ceramic__cgbc_blue_tiles_001].png","[machine_shop][sphere][SVBRDF-Ceramic__cgbc_blue_tiles_001].png","10"
"[machine_shop][sphere][SVBRDF-Ceramic__tc_tiles_085].png","[machine_shop][sphere][SVBRDF-Ceramic__tc_tiles_085].png","10"
"[machine_shop][sphere][SVBRDF-Fabric__0265_fabric_padded_wall].png","[machine_shop][sphere][SVBRDF-Fabric__0265_fabric_padded_wall].png","10"
"[machine_shop][sphere][SVBRDF-Fabric__0266_fabric_padded_wall].png","[machine_shop][sphere][SVBRDF-Fabric__0266_fabric_padded_wall].png","10"
"[machine_shop][sphere][SVBRDF-Fabric__acg_fabric_058].png","[machine_shop][sphere][SVBRDF-Fabric__acg_fabric_058].png","10"
"[machine_shop][sphere][SVBRDF-Fabric__js_fabric_pattern_006].png","[machine_shop][sphere][SVBRDF-Fabric__js_fabric_pattern_006].png","10"
"[machine_shop][sphere][SVBRDF-Metal__0361_metal_brushed_copper].png","[machine_shop][sphere][SVBRDF-Metal__0361_metal_brushed_copper].png","10"
"[machine_shop][sphere][SVBRDF-Metal__acg_metal_016].png","[machine_shop][sphere][SVBRDF-Metal__acg_metal_016].png","10"
"[machine_shop][sphere][SVBRDF-Metal__cgbc_metal_weave_002].png","[machine_shop][sphere][SVBRDF-Metal__cgbc_metal_weave_002].png","10"
"[small_cathedral][blob][MERL_EDIT-beige-fabric_diff_mix_grease-covered-steel_spec_hue_1_sat_1_spec_0].png","[small_cathedral][blob][MERL_EDIT-beige-fabric_diff_mix_grease-covered-steel_spec_hue_1_sat_1_spec_0].png","10"
"[small_cathedral][blob][MERL_EDIT-beige-fabric_diff_mix_grease-covered-steel_spec_hue_2_sat_0_spec_1].png","[small_cathedral][blob][MERL_EDIT-beige-fabric_diff_mix_grease-covered-steel_spec_hue_2_sat_0_spec_1].png","10"
"[small_cathedral][blob][MERL_EDIT-beige-fabric_diff_mix_grease-covered-steel_spec_hue_2_sat_1_spec_1].png","[small_cathedral][blob][MERL_EDIT-beige-fabric_diff_mix_grease-covered-steel_spec_hue_2_sat_1_spec_1].png","10"
"[small_cathedral][blob][MERL_EDIT-beige-fabric_diff_mix_natural-209_spec_hue_1_sat_0_spec_1].png","[small_cathedral][blob][MERL_EDIT-beige-fabric_diff_mix_natural-209_spec_hue_1_sat_0_spec_1].png","10"
"[small_cathedral][blob][MERL_EDIT-beige-fabric_diff_mix_polyethylene_spec_hue_3_black_spec_1].png","[small_cathedral][blob][MERL_EDIT-beige-fabric_diff_mix_polyethylene_spec_hue_3_black_spec_1].png","10"
"[small_cathedral][blob][MERL_EDIT-beige-fabric_diff_mix_silver-paint_spec_hue_2_sat_1_spec_1].png","[small_cathedral][blob][MERL_EDIT-beige-fabric_diff_mix_silver-paint_spec_hue_2_sat_1_spec_1].png","10"
"[small_cathedral][blob][MERL_EDIT-beige-fabric_diff_mix_silver-paint_spec_hue_3_black_spec_0].png","[small_cathedral][blob][MERL_EDIT-beige-fabric_diff_mix_silver-paint_spec_hue_3_black_spec_0].png","10"
"[small_cathedral][blob][MERL_EDIT-beige-fabric_diff_mix_silver-paint_spec_hue_3_black_spec_1].png","[small_cathedral][blob][MERL_EDIT-beige-fabric_diff_mix_silver-paint_spec_hue_3_black_spec_1].png","10"
"[small_cathedral][blob][MERL_EDIT-beige-fabric_diff_mix_silver-paint_spec_hue_3_black_spec_2].png","[small_cathedral][blob][MERL_EDIT-beige-fabric_diff_mix_silver-paint_spec_hue_3_black_spec_2].png","10"
"[small_cathedral][blob][MERL_EDIT-beige-fabric_diff_mix_white-paint_spec_hue_0_sat_1_spec_0].png","[small_cathedral][blob][MERL_EDIT-beige-fabric_diff_mix_white-paint_spec_hue_0_sat_1_spec_0].png","10"
"[small_cathedral][blob][MERL_EDIT-beige-fabric_hue_3_black_spec_0].png","[small_cathedral][blob][MERL_EDIT-beige-fabric_hue_3_black_spec_0].png","10"
"[small_cathedral][blob][MERL-alum-bronze].png","[small_cathedral][blob][MERL-alum-bronze].png","10"
"[small_cathedral][blob][MERL-alumina-oxide].png","[small_cathedral][blob][MERL-alumina-oxide].png","10"
"[small_cathedral][blob][MERL-aluminium].png","[small_cathedral][blob][MERL-aluminium].png","10"
"[small_cathedral][blob][MERL-beige-fabric].png","[small_cathedral][blob][MERL-beige-fabric].png","10"
"[small_cathedral][blob][MERL-black-fabric].png","[small_cathedral][blob][MERL-black-fabric].png","10"
"[small_cathedral][blob][MERL-chrome].png","[small_cathedral][blob][MERL-chrome].png","10"
"[small_cathedral][blob][MERL-gold-metallic-paint].png","[small_cathedral][blob][MERL-gold-metallic-paint].png","10"
"[small_cathedral][blob][MERL-gold-metallic-paint2].png","[small_cathedral][blob][MERL-gold-metallic-paint2].png","10"
"[small_cathedral][blob][MERL-gold-metallic-paint3].png","[small_cathedral][blob][MERL-gold-metallic-paint3].png","10"
"[small_cathedral][blob][MERL-green-plastic].png","[small_cathedral][blob][MERL-green-plastic].png","10"
"[small_cathedral][blob][MERL-light-brown-fabric].png","[small_cathedral][blob][MERL-light-brown-fabric].png","10"
"[small_cathedral][blob][MERL-pearl-paint].png","[small_cathedral][blob][MERL-pearl-paint].png","10"
"[small_cathedral][blob][MERL-polyurethane-foam].png","[small_cathedral][blob][MERL-polyurethane-foam].png","10"
"[small_cathedral][blob][MERL-red-metallic-paint].png","[small_cathedral][blob][MERL-red-metallic-paint].png","10"
"[small_cathedral][blob][MERL-silicon-nitrade].png","[small_cathedral][blob][MERL-silicon-nitrade].png","10"
"[small_cathedral][blob][MERL-silver-metallic-paint].png","[small_cathedral][blob][MERL-silver-metallic-paint].png","10"
"[small_cathedral][blob][MERL-silver-metallic-paint2].png","[small_cathedral][blob][MERL-silver-metallic-paint2].png","10"
"[small_cathedral][blob][MERL-specular-blue-phenolic].png","[small_cathedral][blob][MERL-specular-blue-phenolic].png","10"
"[small_cathedral][blob][MERL-specular-green-phenolic].png","[small_cathedral][blob][MERL-specular-green-phenolic].png","10"
"[small_cathedral][blob][MERL-specular-maroon-phenolic].png","[small_cathedral][blob][MERL-specular-maroon-phenolic].png","10"
"[small_cathedral][blob][MERL-specular-orange-phenolic].png","[small_cathedral][blob][MERL-specular-orange-phenolic].png","10"
"[small_cathedral][blob][MERL-specular-red-phenolic].png","[small_cathedral][blob][MERL-specular-red-phenolic].png","10"
"[small_cathedral][blob][MERL-specular-violet-phenolic].png","[small_cathedral][blob][MERL-specular-violet-phenolic].png","10"
"[small_cathedral][blob][MERL-specular-white-phenolic].png","[small_cathedral][blob][MERL-specular-white-phenolic].png","10"
"[small_cathedral][blob][MERL-specular-yellow-phenolic].png","[small_cathedral][blob][MERL-specular-yellow-phenolic].png","10"
"[small_cathedral][blob][MERL-steel].png","[small_cathedral][blob][MERL-steel].png","10"
"[small_cathedral][blob][MERL-tungsten-carbide].png","[small_cathedral][blob][MERL-tungsten-carbide].png","10"
"[small_cathedral][blob][MERL-two-layer-silver].png","[small_cathedral][blob][MERL-two-layer-silver].png","10"
"[small_cathedral][blob][MERL-white-acrylic].png","[small_cathedral][blob][MERL-white-acrylic].png","10"
"[small_cathedral][blob][MERL-yellow-phenolic].png","[small_cathedral][blob][MERL-yellow-phenolic].png","10"
"[small_cathedral][blob][RGL-aniso_copper_sheet_rgb].png","[small_cathedral][blob][RGL-aniso_copper_sheet_rgb].png","10"
"[small_cathedral][blob][RGL-aniso_miro_7_rgb].png","[small_cathedral][blob][RGL-aniso_miro_7_rgb].png","10"
"[small_cathedral][blob][RGL-aniso_sari_silk_2color_rgb].png","[small_cathedral][blob][RGL-aniso_sari_silk_2color_rgb].png","10"
"[small_cathedral][blob][RGL-chm_orange_rgb].png","[small_cathedral][blob][RGL-chm_orange_rgb].png","10"
"[small_cathedral][blob][RGL-ilm_solo_m_68_rgb].png","[small_cathedral][blob][RGL-ilm_solo_m_68_rgb].png","10"
"[small_cathedral][blob][RGL-vch_frozen_amethyst_rgb].png","[small_cathedral][blob][RGL-vch_frozen_amethyst_rgb].png","10"
"[small_cathedral][blob][RGL-vch_golden_yellow_rgb].png","[small_cathedral][blob][RGL-vch_golden_yellow_rgb].png","10"
"[small_cathedral][blob][RGL-vch_silk_blue_rgb].png","[small_cathedral][blob][RGL-vch_silk_blue_rgb].png","10"
"[small_cathedral][blob][SVBRDF-Ceramic__0330_marble_wall_01].png","[small_cathedral][blob][SVBRDF-Ceramic__0330_marble_wall_01].png","10"
"[small_cathedral][blob][SVBRDF-Ceramic__0974_arcane_arabesque_patterns].png","[small_cathedral][blob][SVBRDF-Ceramic__0974_arcane_arabesque_patterns].png","10"
"[small_cathedral][blob][SVBRDF-Ceramic__cgbc_blue_tiles_001].png","[small_cathedral][blob][SVBRDF-Ceramic__cgbc_blue_tiles_001].png","10"
"[small_cathedral][blob][SVBRDF-Ceramic__tc_tiles_085].png","[small_cathedral][blob][SVBRDF-Ceramic__tc_tiles_085].png","10"
"[small_cathedral][blob][SVBRDF-Fabric__0265_fabric_padded_wall].png","[small_cathedral][blob][SVBRDF-Fabric__0265_fabric_padded_wall].png","10"
"[small_cathedral][blob][SVBRDF-Fabric__0266_fabric_padded_wall].png","[small_cathedral][blob][SVBRDF-Fabric__0266_fabric_padded_wall].png","10"
"[small_cathedral][blob][SVBRDF-Fabric__acg_fabric_058].png","[small_cathedral][blob][SVBRDF-Fabric__acg_fabric_058].png","10"
"[small_cathedral][blob][SVBRDF-Fabric__js_fabric_pattern_006].png","[small_cathedral][blob][SVBRDF-Fabric__js_fabric_pattern_006].png","10"
"[small_cathedral][blob][SVBRDF-Metal__0361_metal_brushed_copper].png","[small_cathedral][blob][SVBRDF-Metal__0361_metal_brushed_copper].png","10"
"[small_cathedral][blob][SVBRDF-Metal__acg_metal_016].png","[small_cathedral][blob][SVBRDF-Metal__acg_metal_016].png","10"
"[small_cathedral][blob][SVBRDF-Metal__cgbc_metal_weave_002].png","[small_cathedral][blob][SVBRDF-Metal__cgbc_metal_weave_002].png","10"
"[small_cathedral][bumpiness_high][MERL_EDIT-beige-fabric_diff_mix_grease-covered-steel_spec_hue_1_sat_1_spec_0].png","[small_cathedral][bumpiness_high][MERL_EDIT-beige-fabric_diff_mix_grease-covered-steel_spec_hue_1_sat_1_spec_0].png","10"
"[small_cathedral][bumpiness_high][MERL_EDIT-beige-fabric_diff_mix_grease-covered-steel_spec_hue_2_sat_0_spec_1].png","[small_cathedral][bumpiness_high][MERL_EDIT-beige-fabric_diff_mix_grease-covered-steel_spec_hue_2_sat_0_spec_1].png","10"
"[small_cathedral][bumpiness_high][MERL_EDIT-beige-fabric_diff_mix_grease-covered-steel_spec_hue_2_sat_1_spec_1].png","[small_cathedral][bumpiness_high][MERL_EDIT-beige-fabric_diff_mix_grease-covered-steel_spec_hue_2_sat_1_spec_1].png","10"
"[small_cathedral][bumpiness_high][MERL_EDIT-beige-fabric_diff_mix_natural-209_spec_hue_1_sat_0_spec_1].png","[small_cathedral][bumpiness_high][MERL_EDIT-beige-fabric_diff_mix_natural-209_spec_hue_1_sat_0_spec_1].png","10"
"[small_cathedral][bumpiness_high][MERL_EDIT-beige-fabric_diff_mix_polyethylene_spec_hue_3_black_spec_1].png","[small_cathedral][bumpiness_high][MERL_EDIT-beige-fabric_diff_mix_polyethylene_spec_hue_3_black_spec_1].png","10"
"[small_cathedral][bumpiness_high][MERL_EDIT-beige-fabric_diff_mix_silver-paint_spec_hue_2_sat_1_spec_1].png","[small_cathedral][bumpiness_high][MERL_EDIT-beige-fabric_diff_mix_silver-paint_spec_hue_2_sat_1_spec_1].png","10"
"[small_cathedral][bumpiness_high][MERL_EDIT-beige-fabric_diff_mix_silver-paint_spec_hue_3_black_spec_0].png","[small_cathedral][bumpiness_high][MERL_EDIT-beige-fabric_diff_mix_silver-paint_spec_hue_3_black_spec_0].png","10"
"[small_cathedral][bumpiness_high][MERL_EDIT-beige-fabric_diff_mix_silver-paint_spec_hue_3_black_spec_1].png","[small_cathedral][bumpiness_high][MERL_EDIT-beige-fabric_diff_mix_silver-paint_spec_hue_3_black_spec_1].png","10"
"[small_cathedral][bumpiness_high][MERL_EDIT-beige-fabric_diff_mix_silver-paint_spec_hue_3_black_spec_2].png","[small_cathedral][bumpiness_high][MERL_EDIT-beige-fabric_diff_mix_silver-paint_spec_hue_3_black_spec_2].png","10"
"[small_cathedral][bumpiness_high][MERL_EDIT-beige-fabric_diff_mix_white-paint_spec_hue_0_sat_1_spec_0].png","[small_cathedral][bumpiness_high][MERL_EDIT-beige-fabric_diff_mix_white-paint_spec_hue_0_sat_1_spec_0].png","10"
"[small_cathedral][bumpiness_high][MERL_EDIT-beige-fabric_hue_3_black_spec_0].png","[small_cathedral][bumpiness_high][MERL_EDIT-beige-fabric_hue_3_black_spec_0].png","10"
"[small_cathedral][bumpiness_high][MERL-alum-bronze].png","[small_cathedral][bumpiness_high][MERL-alum-bronze].png","10"
"[small_cathedral][bumpiness_high][MERL-alumina-oxide].png","[small_cathedral][bumpiness_high][MERL-alumina-oxide].png","10"
"[small_cathedral][bumpiness_high][MERL-aluminium].png","[small_cathedral][bumpiness_high][MERL-aluminium].png","10"
"[small_cathedral][bumpiness_high][MERL-beige-fabric].png","[small_cathedral][bumpiness_high][MERL-beige-fabric].png","10"
"[small_cathedral][bumpiness_high][MERL-black-fabric].png","[small_cathedral][bumpiness_high][MERL-black-fabric].png","10"
"[small_cathedral][bumpiness_high][MERL-chrome].png","[small_cathedral][bumpiness_high][MERL-chrome].png","10"
"[small_cathedral][bumpiness_high][MERL-gold-metallic-paint].png","[small_cathedral][bumpiness_high][MERL-gold-metallic-paint].png","10"
"[small_cathedral][bumpiness_high][MERL-gold-metallic-paint2].png","[small_cathedral][bumpiness_high][MERL-gold-metallic-paint2].png","10"
"[small_cathedral][bumpiness_high][MERL-gold-metallic-paint3].png","[small_cathedral][bumpiness_high][MERL-gold-metallic-paint3].png","10"
"[small_cathedral][bumpiness_high][MERL-green-plastic].png","[small_cathedral][bumpiness_high][MERL-green-plastic].png","10"
"[small_cathedral][bumpiness_high][MERL-light-brown-fabric].png","[small_cathedral][bumpiness_high][MERL-light-brown-fabric].png","10"
"[small_cathedral][bumpiness_high][MERL-pearl-paint].png","[small_cathedral][bumpiness_high][MERL-pearl-paint].png","10"
"[small_cathedral][bumpiness_high][MERL-polyurethane-foam].png","[small_cathedral][bumpiness_high][MERL-polyurethane-foam].png","10"
"[small_cathedral][bumpiness_high][MERL-red-metallic-paint].png","[small_cathedral][bumpiness_high][MERL-red-metallic-paint].png","10"
"[small_cathedral][bumpiness_high][MERL-silicon-nitrade].png","[small_cathedral][bumpiness_high][MERL-silicon-nitrade].png","10"
"[small_cathedral][bumpiness_high][MERL-silver-metallic-paint].png","[small_cathedral][bumpiness_high][MERL-silver-metallic-paint].png","10"
"[small_cathedral][bumpiness_high][MERL-silver-metallic-paint2].png","[small_cathedral][bumpiness_high][MERL-silver-metallic-paint2].png","10"
"[small_cathedral][bumpiness_high][MERL-specular-blue-phenolic].png","[small_cathedral][bumpiness_high][MERL-specular-blue-phenolic].png","10"
"[small_cathedral][bumpiness_high][MERL-specular-green-phenolic].png","[small_cathedral][bumpiness_high][MERL-specular-green-phenolic].png","10"
"[small_cathedral][bumpiness_high][MERL-specular-maroon-phenolic].png","[small_cathedral][bumpiness_high][MERL-specular-maroon-phenolic].png","10"
"[small_cathedral][bumpiness_high][MERL-specular-orange-phenolic].png","[small_cathedral][bumpiness_high][MERL-specular-orange-phenolic].png","10"
"[small_cathedral][bumpiness_high][MERL-specular-red-phenolic].png","[small_cathedral][bumpiness_high][MERL-specular-red-phenolic].png","10"
"[small_cathedral][bumpiness_high][MERL-specular-violet-phenolic].png","[small_cathedral][bumpiness_high][MERL-specular-violet-phenolic].png","10"
"[small_cathedral][bumpiness_high][MERL-specular-white-phenolic].png","[small_cathedral][bumpiness_high][MERL-specular-white-phenolic].png","10"
"[small_cathedral][bumpiness_high][MERL-specular-yellow-phenolic].png","[small_cathedral][bumpiness_high][MERL-specular-yellow-phenolic].png","10"
"[small_cathedral][bumpiness_high][MERL-steel].png","[small_cathedral][bumpiness_high][MERL-steel].png","10"
"[small_cathedral][bumpiness_high][MERL-tungsten-carbide].png","[small_cathedral][bumpiness_high][MERL-tungsten-carbide].png","10"
"[small_cathedral][bumpiness_high][MERL-two-layer-silver].png","[small_cathedral][bumpiness_high][MERL-two-layer-silver].png","10"
"[small_cathedral][bumpiness_high][MERL-white-acrylic].png","[small_cathedral][bumpiness_high][MERL-white-acrylic].png","10"
"[small_cathedral][bumpiness_high][MERL-yellow-phenolic].png","[small_cathedral][bumpiness_high][MERL-yellow-phenolic].png","10"
"[small_cathedral][bumpiness_high][RGL-aniso_copper_sheet_rgb].png","[small_cathedral][bumpiness_high][RGL-aniso_copper_sheet_rgb].png","10"
"[small_cathedral][bumpiness_high][RGL-aniso_miro_7_rgb].png","[small_cathedral][bumpiness_high][RGL-aniso_miro_7_rgb].png","10"
"[small_cathedral][bumpiness_high][RGL-aniso_sari_silk_2color_rgb].png","[small_cathedral][bumpiness_high][RGL-aniso_sari_silk_2color_rgb].png","10"
"[small_cathedral][bumpiness_high][RGL-chm_orange_rgb].png","[small_cathedral][bumpiness_high][RGL-chm_orange_rgb].png","10"
"[small_cathedral][bumpiness_high][RGL-ilm_solo_m_68_rgb].png","[small_cathedral][bumpiness_high][RGL-ilm_solo_m_68_rgb].png","10"
"[small_cathedral][bumpiness_high][RGL-vch_frozen_amethyst_rgb].png","[small_cathedral][bumpiness_high][RGL-vch_frozen_amethyst_rgb].png","10"
"[small_cathedral][bumpiness_high][RGL-vch_golden_yellow_rgb].png","[small_cathedral][bumpiness_high][RGL-vch_golden_yellow_rgb].png","10"
"[small_cathedral][bumpiness_high][RGL-vch_silk_blue_rgb].png","[small_cathedral][bumpiness_high][RGL-vch_silk_blue_rgb].png","10"
"[small_cathedral][bumpiness_high][SVBRDF-Ceramic__0330_marble_wall_01].png","[small_cathedral][bumpiness_high][SVBRDF-Ceramic__0330_marble_wall_01].png","10"
"[small_cathedral][bumpiness_high][SVBRDF-Ceramic__0974_arcane_arabesque_patterns].png","[small_cathedral][bumpiness_high][SVBRDF-Ceramic__0974_arcane_arabesque_patterns].png","10"
"[small_cathedral][bumpiness_high][SVBRDF-Ceramic__cgbc_blue_tiles_001].png","[small_cathedral][bumpiness_high][SVBRDF-Ceramic__cgbc_blue_tiles_001].png","10"
"[small_cathedral][bumpiness_high][SVBRDF-Ceramic__tc_tiles_085].png","[small_cathedral][bumpiness_high][SVBRDF-Ceramic__tc_tiles_085].png","10"
"[small_cathedral][bumpiness_high][SVBRDF-Fabric__0265_fabric_padded_wall].png","[small_cathedral][bumpiness_high][SVBRDF-Fabric__0265_fabric_padded_wall].png","10"
"[small_cathedral][bumpiness_high][SVBRDF-Fabric__0266_fabric_padded_wall].png","[small_cathedral][bumpiness_high][SVBRDF-Fabric__0266_fabric_padded_wall].png","10"
"[small_cathedral][bumpiness_high][SVBRDF-Fabric__acg_fabric_058].png","[small_cathedral][bumpiness_high][SVBRDF-Fabric__acg_fabric_058].png","10"
"[small_cathedral][bumpiness_high][SVBRDF-Fabric__js_fabric_pattern_006].png","[small_cathedral][bumpiness_high][SVBRDF-Fabric__js_fabric_pattern_006].png","10"
"[small_cathedral][bumpiness_high][SVBRDF-Metal__0361_metal_brushed_copper].png","[small_cathedral][bumpiness_high][SVBRDF-Metal__0361_metal_brushed_copper].png","10"
"[small_cathedral][bumpiness_high][SVBRDF-Metal__acg_metal_016].png","[small_cathedral][bumpiness_high][SVBRDF-Metal__acg_metal_016].png","10"
"[small_cathedral][bumpiness_high][SVBRDF-Metal__cgbc_metal_weave_002].png","[small_cathedral][bumpiness_high][SVBRDF-Metal__cgbc_metal_weave_002].png","10"
"[small_cathedral][bumpiness_low][MERL_EDIT-beige-fabric_diff_mix_grease-covered-steel_spec_hue_1_sat_1_spec_0].png","[small_cathedral][bumpiness_low][MERL_EDIT-beige-fabric_diff_mix_grease-covered-steel_spec_hue_1_sat_1_spec_0].png","10"
"[small_cathedral][bumpiness_low][MERL_EDIT-beige-fabric_diff_mix_grease-covered-steel_spec_hue_2_sat_0_spec_1].png","[small_cathedral][bumpiness_low][MERL_EDIT-beige-fabric_diff_mix_grease-covered-steel_spec_hue_2_sat_0_spec_1].png","10"
"[small_cathedral][bumpiness_low][MERL_EDIT-beige-fabric_diff_mix_grease-covered-steel_spec_hue_2_sat_1_spec_1].png","[small_cathedral][bumpiness_low][MERL_EDIT-beige-fabric_diff_mix_grease-covered-steel_spec_hue_2_sat_1_spec_1].png","10"
"[small_cathedral][bumpiness_low][MERL_EDIT-beige-fabric_diff_mix_natural-209_spec_hue_1_sat_0_spec_1].png","[small_cathedral][bumpiness_low][MERL_EDIT-beige-fabric_diff_mix_natural-209_spec_hue_1_sat_0_spec_1].png","10"
"[small_cathedral][bumpiness_low][MERL_EDIT-beige-fabric_diff_mix_polyethylene_spec_hue_3_black_spec_1].png","[small_cathedral][bumpiness_low][MERL_EDIT-beige-fabric_diff_mix_polyethylene_spec_hue_3_black_spec_1].png","10"
"[small_cathedral][bumpiness_low][MERL_EDIT-beige-fabric_diff_mix_silver-paint_spec_hue_2_sat_1_spec_1].png","[small_cathedral][bumpiness_low][MERL_EDIT-beige-fabric_diff_mix_silver-paint_spec_hue_2_sat_1_spec_1].png","10"
"[small_cathedral][bumpiness_low][MERL_EDIT-beige-fabric_diff_mix_silver-paint_spec_hue_3_black_spec_0].png","[small_cathedral][bumpiness_low][MERL_EDIT-beige-fabric_diff_mix_silver-paint_spec_hue_3_black_spec_0].png","10"
"[small_cathedral][bumpiness_low][MERL_EDIT-beige-fabric_diff_mix_silver-paint_spec_hue_3_black_spec_1].png","[small_cathedral][bumpiness_low][MERL_EDIT-beige-fabric_diff_mix_silver-paint_spec_hue_3_black_spec_1].png","10"
"[small_cathedral][bumpiness_low][MERL_EDIT-beige-fabric_diff_mix_silver-paint_spec_hue_3_black_spec_2].png","[small_cathedral][bumpiness_low][MERL_EDIT-beige-fabric_diff_mix_silver-paint_spec_hue_3_black_spec_2].png","10"
"[small_cathedral][bumpiness_low][MERL_EDIT-beige-fabric_diff_mix_white-paint_spec_hue_0_sat_1_spec_0].png","[small_cathedral][bumpiness_low][MERL_EDIT-beige-fabric_diff_mix_white-paint_spec_hue_0_sat_1_spec_0].png","10"
"[small_cathedral][bumpiness_low][MERL_EDIT-beige-fabric_hue_3_black_spec_0].png","[small_cathedral][bumpiness_low][MERL_EDIT-beige-fabric_hue_3_black_spec_0].png","10"
"[small_cathedral][bumpiness_low][MERL-alum-bronze].png","[small_cathedral][bumpiness_low][MERL-alum-bronze].png","10"
"[small_cathedral][bumpiness_low][MERL-alumina-oxide].png","[small_cathedral][bumpiness_low][MERL-alumina-oxide].png","10"
"[small_cathedral][bumpiness_low][MERL-aluminium].png","[small_cathedral][bumpiness_low][MERL-aluminium].png","10"
"[small_cathedral][bumpiness_low][MERL-beige-fabric].png","[small_cathedral][bumpiness_low][MERL-beige-fabric].png","10"
"[small_cathedral][bumpiness_low][MERL-black-fabric].png","[small_cathedral][bumpiness_low][MERL-black-fabric].png","10"
"[small_cathedral][bumpiness_low][MERL-chrome].png","[small_cathedral][bumpiness_low][MERL-chrome].png","10"
"[small_cathedral][bumpiness_low][MERL-gold-metallic-paint].png","[small_cathedral][bumpiness_low][MERL-gold-metallic-paint].png","10"
"[small_cathedral][bumpiness_low][MERL-gold-metallic-paint2].png","[small_cathedral][bumpiness_low][MERL-gold-metallic-paint2].png","10"
"[small_cathedral][bumpiness_low][MERL-gold-metallic-paint3].png","[small_cathedral][bumpiness_low][MERL-gold-metallic-paint3].png","10"
"[small_cathedral][bumpiness_low][MERL-green-plastic].png","[small_cathedral][bumpiness_low][MERL-green-plastic].png","10"
"[small_cathedral][bumpiness_low][MERL-light-brown-fabric].png","[small_cathedral][bumpiness_low][MERL-light-brown-fabric].png","10"
"[small_cathedral][bumpiness_low][MERL-pearl-paint].png","[small_cathedral][bumpiness_low][MERL-pearl-paint].png","10"
"[small_cathedral][bumpiness_low][MERL-polyurethane-foam].png","[small_cathedral][bumpiness_low][MERL-polyurethane-foam].png","10"
"[small_cathedral][bumpiness_low][MERL-red-metallic-paint].png","[small_cathedral][bumpiness_low][MERL-red-metallic-paint].png","10"
"[small_cathedral][bumpiness_low][MERL-silicon-nitrade].png","[small_cathedral][bumpiness_low][MERL-silicon-nitrade].png","10"
"[small_cathedral][bumpiness_low][MERL-silver-metallic-paint].png","[small_cathedral][bumpiness_low][MERL-silver-metallic-paint].png","10"
"[small_cathedral][bumpiness_low][MERL-silver-metallic-paint2].png","[small_cathedral][bumpiness_low][MERL-silver-metallic-paint2].png","10"
"[small_cathedral][bumpiness_low][MERL-specular-blue-phenolic].png","[small_cathedral][bumpiness_low][MERL-specular-blue-phenolic].png","10"
"[small_cathedral][bumpiness_low][MERL-specular-green-phenolic].png","[small_cathedral][bumpiness_low][MERL-specular-green-phenolic].png","10"
"[small_cathedral][bumpiness_low][MERL-specular-maroon-phenolic].png","[small_cathedral][bumpiness_low][MERL-specular-maroon-phenolic].png","10"
"[small_cathedral][bumpiness_low][MERL-specular-orange-phenolic].png","[small_cathedral][bumpiness_low][MERL-specular-orange-phenolic].png","10"
"[small_cathedral][bumpiness_low][MERL-specular-red-phenolic].png","[small_cathedral][bumpiness_low][MERL-specular-red-phenolic].png","10"
"[small_cathedral][bumpiness_low][MERL-specular-violet-phenolic].png","[small_cathedral][bumpiness_low][MERL-specular-violet-phenolic].png","10"
"[small_cathedral][bumpiness_low][MERL-specular-white-phenolic].png","[small_cathedral][bumpiness_low][MERL-specular-white-phenolic].png","10"
"[small_cathedral][bumpiness_low][MERL-specular-yellow-phenolic].png","[small_cathedral][bumpiness_low][MERL-specular-yellow-phenolic].png","10"
"[small_cathedral][bumpiness_low][MERL-steel].png","[small_cathedral][bumpiness_low][MERL-steel].png","10"
"[small_cathedral][bumpiness_low][MERL-tungsten-carbide].png","[small_cathedral][bumpiness_low][MERL-tungsten-carbide].png","10"
"[small_cathedral][bumpiness_low][MERL-two-layer-silver].png","[small_cathedral][bumpiness_low][MERL-two-layer-silver].png","10"
"[small_cathedral][bumpiness_low][MERL-white-acrylic].png","[small_cathedral][bumpiness_low][MERL-white-acrylic].png","10"
"[small_cathedral][bumpiness_low][MERL-yellow-phenolic].png","[small_cathedral][bumpiness_low][MERL-yellow-phenolic].png","10"
"[small_cathedral][bumpiness_low][RGL-aniso_copper_sheet_rgb].png","[small_cathedral][bumpiness_low][RGL-aniso_copper_sheet_rgb].png","10"
"[small_cathedral][bumpiness_low][RGL-aniso_miro_7_rgb].png","[small_cathedral][bumpiness_low][RGL-aniso_miro_7_rgb].png","10"
"[small_cathedral][bumpiness_low][RGL-aniso_sari_silk_2color_rgb].png","[small_cathedral][bumpiness_low][RGL-aniso_sari_silk_2color_rgb].png","10"
"[small_cathedral][bumpiness_low][RGL-chm_orange_rgb].png","[small_cathedral][bumpiness_low][RGL-chm_orange_rgb].png","10"
"[small_cathedral][bumpiness_low][RGL-ilm_solo_m_68_rgb].png","[small_cathedral][bumpiness_low][RGL-ilm_solo_m_68_rgb].png","10"
"[small_cathedral][bumpiness_low][RGL-vch_frozen_amethyst_rgb].png","[small_cathedral][bumpiness_low][RGL-vch_frozen_amethyst_rgb].png","10"
"[small_cathedral][bumpiness_low][RGL-vch_golden_yellow_rgb].png","[small_cathedral][bumpiness_low][RGL-vch_golden_yellow_rgb].png","10"
"[small_cathedral][bumpiness_low][RGL-vch_silk_blue_rgb].png","[small_cathedral][bumpiness_low][RGL-vch_silk_blue_rgb].png","10"
"[small_cathedral][bumpiness_low][SVBRDF-Ceramic__0330_marble_wall_01].png","[small_cathedral][bumpiness_low][SVBRDF-Ceramic__0330_marble_wall_01].png","10"
"[small_cathedral][bumpiness_low][SVBRDF-Ceramic__0974_arcane_arabesque_patterns].png","[small_cathedral][bumpiness_low][SVBRDF-Ceramic__0974_arcane_arabesque_patterns].png","10"
"[small_cathedral][bumpiness_low][SVBRDF-Ceramic__cgbc_blue_tiles_001].png","[small_cathedral][bumpiness_low][SVBRDF-Ceramic__cgbc_blue_tiles_001].png","10"
"[small_cathedral][bumpiness_low][SVBRDF-Ceramic__tc_tiles_085].png","[small_cathedral][bumpiness_low][SVBRDF-Ceramic__tc_tiles_085].png","10"
"[small_cathedral][bumpiness_low][SVBRDF-Fabric__0265_fabric_padded_wall].png","[small_cathedral][bumpiness_low][SVBRDF-Fabric__0265_fabric_padded_wall].png","10"
"[small_cathedral][bumpiness_low][SVBRDF-Fabric__0266_fabric_padded_wall].png","[small_cathedral][bumpiness_low][SVBRDF-Fabric__0266_fabric_padded_wall].png","10"
"[small_cathedral][bumpiness_low][SVBRDF-Fabric__acg_fabric_058].png","[small_cathedral][bumpiness_low][SVBRDF-Fabric__acg_fabric_058].png","10"
"[small_cathedral][bumpiness_low][SVBRDF-Fabric__js_fabric_pattern_006].png","[small_cathedral][bumpiness_low][SVBRDF-Fabric__js_fabric_pattern_006].png","10"
"[small_cathedral][bumpiness_low][SVBRDF-Metal__0361_metal_brushed_copper].png","[small_cathedral][bumpiness_low][SVBRDF-Metal__0361_metal_brushed_copper].png","10"
"[small_cathedral][bumpiness_low][SVBRDF-Metal__acg_metal_016].png","[small_cathedral][bumpiness_low][SVBRDF-Metal__acg_metal_016].png","10"
"[small_cathedral][bumpiness_low][SVBRDF-Metal__cgbc_metal_weave_002].png","[small_cathedral][bumpiness_low][SVBRDF-Metal__cgbc_metal_weave_002].png","10"
"[small_cathedral][bumpiness_very_high][MERL_EDIT-beige-fabric_diff_mix_grease-covered-steel_spec_hue_1_sat_1_spec_0].png","[small_cathedral][bumpiness_very_high][MERL_EDIT-beige-fabric_diff_mix_grease-covered-steel_spec_hue_1_sat_1_spec_0].png","10"
"[small_cathedral][bumpiness_very_high][MERL_EDIT-beige-fabric_diff_mix_grease-covered-steel_spec_hue_2_sat_0_spec_1].png","[small_cathedral][bumpiness_very_high][MERL_EDIT-beige-fabric_diff_mix_grease-covered-steel_spec_hue_2_sat_0_spec_1].png","10"
"[small_cathedral][bumpiness_very_high][MERL_EDIT-beige-fabric_diff_mix_grease-covered-steel_spec_hue_2_sat_1_spec_1].png","[small_cathedral][bumpiness_very_high][MERL_EDIT-beige-fabric_diff_mix_grease-covered-steel_spec_hue_2_sat_1_spec_1].png","10"
"[small_cathedral][bumpiness_very_high][MERL_EDIT-beige-fabric_diff_mix_natural-209_spec_hue_1_sat_0_spec_1].png","[small_cathedral][bumpiness_very_high][MERL_EDIT-beige-fabric_diff_mix_natural-209_spec_hue_1_sat_0_spec_1].png","10"
"[small_cathedral][bumpiness_very_high][MERL_EDIT-beige-fabric_diff_mix_polyethylene_spec_hue_3_black_spec_1].png","[small_cathedral][bumpiness_very_high][MERL_EDIT-beige-fabric_diff_mix_polyethylene_spec_hue_3_black_spec_1].png","10"
"[small_cathedral][bumpiness_very_high][MERL_EDIT-beige-fabric_diff_mix_silver-paint_spec_hue_2_sat_1_spec_1].png","[small_cathedral][bumpiness_very_high][MERL_EDIT-beige-fabric_diff_mix_silver-paint_spec_hue_2_sat_1_spec_1].png","10"
"[small_cathedral][bumpiness_very_high][MERL_EDIT-beige-fabric_diff_mix_silver-paint_spec_hue_3_black_spec_0].png","[small_cathedral][bumpiness_very_high][MERL_EDIT-beige-fabric_diff_mix_silver-paint_spec_hue_3_black_spec_0].png","10"
"[small_cathedral][bumpiness_very_high][MERL_EDIT-beige-fabric_diff_mix_silver-paint_spec_hue_3_black_spec_1].png","[small_cathedral][bumpiness_very_high][MERL_EDIT-beige-fabric_diff_mix_silver-paint_spec_hue_3_black_spec_1].png","10"
"[small_cathedral][bumpiness_very_high][MERL_EDIT-beige-fabric_diff_mix_silver-paint_spec_hue_3_black_spec_2].png","[small_cathedral][bumpiness_very_high][MERL_EDIT-beige-fabric_diff_mix_silver-paint_spec_hue_3_black_spec_2].png","10"
"[small_cathedral][bumpiness_very_high][MERL_EDIT-beige-fabric_diff_mix_white-paint_spec_hue_0_sat_1_spec_0].png","[small_cathedral][bumpiness_very_high][MERL_EDIT-beige-fabric_diff_mix_white-paint_spec_hue_0_sat_1_spec_0].png","10"
"[small_cathedral][bumpiness_very_high][MERL_EDIT-beige-fabric_hue_3_black_spec_0].png","[small_cathedral][bumpiness_very_high][MERL_EDIT-beige-fabric_hue_3_black_spec_0].png","10"
"[small_cathedral][bumpiness_very_high][MERL-alum-bronze].png","[small_cathedral][bumpiness_very_high][MERL-alum-bronze].png","10"
"[small_cathedral][bumpiness_very_high][MERL-alumina-oxide].png","[small_cathedral][bumpiness_very_high][MERL-alumina-oxide].png","10"
"[small_cathedral][bumpiness_very_high][MERL-aluminium].png","[small_cathedral][bumpiness_very_high][MERL-aluminium].png","10"
"[small_cathedral][bumpiness_very_high][MERL-beige-fabric].png","[small_cathedral][bumpiness_very_high][MERL-beige-fabric].png","10"
"[small_cathedral][bumpiness_very_high][MERL-black-fabric].png","[small_cathedral][bumpiness_very_high][MERL-black-fabric].png","10"
"[small_cathedral][bumpiness_very_high][MERL-chrome].png","[small_cathedral][bumpiness_very_high][MERL-chrome].png","10"
"[small_cathedral][bumpiness_very_high][MERL-gold-metallic-paint].png","[small_cathedral][bumpiness_very_high][MERL-gold-metallic-paint].png","10"
"[small_cathedral][bumpiness_very_high][MERL-gold-metallic-paint2].png","[small_cathedral][bumpiness_very_high][MERL-gold-metallic-paint2].png","10"
"[small_cathedral][bumpiness_very_high][MERL-gold-metallic-paint3].png","[small_cathedral][bumpiness_very_high][MERL-gold-metallic-paint3].png","10"
"[small_cathedral][bumpiness_very_high][MERL-green-plastic].png","[small_cathedral][bumpiness_very_high][MERL-green-plastic].png","10"
"[small_cathedral][bumpiness_very_high][MERL-light-brown-fabric].png","[small_cathedral][bumpiness_very_high][MERL-light-brown-fabric].png","10"
"[small_cathedral][bumpiness_very_high][MERL-pearl-paint].png","[small_cathedral][bumpiness_very_high][MERL-pearl-paint].png","10"
"[small_cathedral][bumpiness_very_high][MERL-polyurethane-foam].png","[small_cathedral][bumpiness_very_high][MERL-polyurethane-foam].png","10"
"[small_cathedral][bumpiness_very_high][MERL-red-metallic-paint].png","[small_cathedral][bumpiness_very_high][MERL-red-metallic-paint].png","10"
"[small_cathedral][bumpiness_very_high][MERL-silicon-nitrade].png","[small_cathedral][bumpiness_very_high][MERL-silicon-nitrade].png","10"
"[small_cathedral][bumpiness_very_high][MERL-silver-metallic-paint].png","[small_cathedral][bumpiness_very_high][MERL-silver-metallic-paint].png","10"
"[small_cathedral][bumpiness_very_high][MERL-silver-metallic-paint2].png","[small_cathedral][bumpiness_very_high][MERL-silver-metallic-paint2].png","10"
"[small_cathedral][bumpiness_very_high][MERL-specular-blue-phenolic].png","[small_cathedral][bumpiness_very_high][MERL-specular-blue-phenolic].png","10"
"[small_cathedral][bumpiness_very_high][MERL-specular-green-phenolic].png","[small_cathedral][bumpiness_very_high][MERL-specular-green-phenolic].png","10"
"[small_cathedral][bumpiness_very_high][MERL-specular-maroon-phenolic].png","[small_cathedral][bumpiness_very_high][MERL-specular-maroon-phenolic].png","10"
"[small_cathedral][bumpiness_very_high][MERL-specular-orange-phenolic].png","[small_cathedral][bumpiness_very_high][MERL-specular-orange-phenolic].png","10"
"[small_cathedral][bumpiness_very_high][MERL-specular-red-phenolic].png","[small_cathedral][bumpiness_very_high][MERL-specular-red-phenolic].png","10"
"[small_cathedral][bumpiness_very_high][MERL-specular-violet-phenolic].png","[small_cathedral][bumpiness_very_high][MERL-specular-violet-phenolic].png","10"
"[small_cathedral][bumpiness_very_high][MERL-specular-white-phenolic].png","[small_cathedral][bumpiness_very_high][MERL-specular-white-phenolic].png","10"
"[small_cathedral][bumpiness_very_high][MERL-specular-yellow-phenolic].png","[small_cathedral][bumpiness_very_high][MERL-specular-yellow-phenolic].png","10"
"[small_cathedral][bumpiness_very_high][MERL-steel].png","[small_cathedral][bumpiness_very_high][MERL-steel].png","10"
"[small_cathedral][bumpiness_very_high][MERL-tungsten-carbide].png","[small_cathedral][bumpiness_very_high][MERL-tungsten-carbide].png","10"
"[small_cathedral][bumpiness_very_high][MERL-two-layer-silver].png","[small_cathedral][bumpiness_very_high][MERL-two-layer-silver].png","10"
"[small_cathedral][bumpiness_very_high][MERL-white-acrylic].png","[small_cathedral][bumpiness_very_high][MERL-white-acrylic].png","10"
"[small_cathedral][bumpiness_very_high][MERL-yellow-phenolic].png","[small_cathedral][bumpiness_very_high][MERL-yellow-phenolic].png","10"
"[small_cathedral][bumpiness_very_high][RGL-aniso_copper_sheet_rgb].png","[small_cathedral][bumpiness_very_high][RGL-aniso_copper_sheet_rgb].png","10"
"[small_cathedral][bumpiness_very_high][RGL-aniso_miro_7_rgb].png","[small_cathedral][bumpiness_very_high][RGL-aniso_miro_7_rgb].png","10"
"[small_cathedral][bumpiness_very_high][RGL-aniso_sari_silk_2color_rgb].png","[small_cathedral][bumpiness_very_high][RGL-aniso_sari_silk_2color_rgb].png","10"
"[small_cathedral][bumpiness_very_high][RGL-chm_orange_rgb].png","[small_cathedral][bumpiness_very_high][RGL-chm_orange_rgb].png","10"
"[small_cathedral][bumpiness_very_high][RGL-ilm_solo_m_68_rgb].png","[small_cathedral][bumpiness_very_high][RGL-ilm_solo_m_68_rgb].png","10"
"[small_cathedral][bumpiness_very_high][RGL-vch_frozen_amethyst_rgb].png","[small_cathedral][bumpiness_very_high][RGL-vch_frozen_amethyst_rgb].png","10"
"[small_cathedral][bumpiness_very_high][RGL-vch_golden_yellow_rgb].png","[small_cathedral][bumpiness_very_high][RGL-vch_golden_yellow_rgb].png","10"
"[small_cathedral][bumpiness_very_high][RGL-vch_silk_blue_rgb].png","[small_cathedral][bumpiness_very_high][RGL-vch_silk_blue_rgb].png","10"
"[small_cathedral][bumpiness_very_high][SVBRDF-Ceramic__0330_marble_wall_01].png","[small_cathedral][bumpiness_very_high][SVBRDF-Ceramic__0330_marble_wall_01].png","10"
"[small_cathedral][bumpiness_very_high][SVBRDF-Ceramic__0974_arcane_arabesque_patterns].png","[small_cathedral][bumpiness_very_high][SVBRDF-Ceramic__0974_arcane_arabesque_patterns].png","10"
"[small_cathedral][bumpiness_very_high][SVBRDF-Ceramic__cgbc_blue_tiles_001].png","[small_cathedral][bumpiness_very_high][SVBRDF-Ceramic__cgbc_blue_tiles_001].png","10"
"[small_cathedral][bumpiness_very_high][SVBRDF-Ceramic__tc_tiles_085].png","[small_cathedral][bumpiness_very_high][SVBRDF-Ceramic__tc_tiles_085].png","10"
"[small_cathedral][bumpiness_very_high][SVBRDF-Fabric__0265_fabric_padded_wall].png","[small_cathedral][bumpiness_very_high][SVBRDF-Fabric__0265_fabric_padded_wall].png","10"
"[small_cathedral][bumpiness_very_high][SVBRDF-Fabric__0266_fabric_padded_wall].png","[small_cathedral][bumpiness_very_high][SVBRDF-Fabric__0266_fabric_padded_wall].png","10"
"[small_cathedral][bumpiness_very_high][SVBRDF-Fabric__acg_fabric_058].png","[small_cathedral][bumpiness_very_high][SVBRDF-Fabric__acg_fabric_058].png","10"
"[small_cathedral][bumpiness_very_high][SVBRDF-Fabric__js_fabric_pattern_006].png","[small_cathedral][bumpiness_very_high][SVBRDF-Fabric__js_fabric_pattern_006].png","10"
"[small_cathedral][bumpiness_very_high][SVBRDF-Metal__0361_metal_brushed_copper].png","[small_cathedral][bumpiness_very_high][SVBRDF-Metal__0361_metal_brushed_copper].png","10"
"[small_cathedral][bumpiness_very_high][SVBRDF-Metal__acg_metal_016].png","[small_cathedral][bumpiness_very_high][SVBRDF-Metal__acg_metal_016].png","10"
"[small_cathedral][bumpiness_very_high][SVBRDF-Metal__cgbc_metal_weave_002].png","[small_cathedral][bumpiness_very_high][SVBRDF-Metal__cgbc_metal_weave_002].png","10"
"[small_cathedral][ridges_high_frequency][MERL_EDIT-beige-fabric_diff_mix_grease-covered-steel_spec_hue_1_sat_1_spec_0].png","[small_cathedral][ridges_high_frequency][MERL_EDIT-beige-fabric_diff_mix_grease-covered-steel_spec_hue_1_sat_1_spec_0].png","10"
"[small_cathedral][ridges_high_frequency][MERL_EDIT-beige-fabric_diff_mix_grease-covered-steel_spec_hue_2_sat_0_spec_1].png","[small_cathedral][ridges_high_frequency][MERL_EDIT-beige-fabric_diff_mix_grease-covered-steel_spec_hue_2_sat_0_spec_1].png","10"
"[small_cathedral][ridges_high_frequency][MERL_EDIT-beige-fabric_diff_mix_grease-covered-steel_spec_hue_2_sat_1_spec_1].png","[small_cathedral][ridges_high_frequency][MERL_EDIT-beige-fabric_diff_mix_grease-covered-steel_spec_hue_2_sat_1_spec_1].png","10"
"[small_cathedral][ridges_high_frequency][MERL_EDIT-beige-fabric_diff_mix_natural-209_spec_hue_1_sat_0_spec_1].png","[small_cathedral][ridges_high_frequency][MERL_EDIT-beige-fabric_diff_mix_natural-209_spec_hue_1_sat_0_spec_1].png","10"
"[small_cathedral][ridges_high_frequency][MERL_EDIT-beige-fabric_diff_mix_polyethylene_spec_hue_3_black_spec_1].png","[small_cathedral][ridges_high_frequency][MERL_EDIT-beige-fabric_diff_mix_polyethylene_spec_hue_3_black_spec_1].png","10"
"[small_cathedral][ridges_high_frequency][MERL_EDIT-beige-fabric_diff_mix_silver-paint_spec_hue_2_sat_1_spec_1].png","[small_cathedral][ridges_high_frequency][MERL_EDIT-beige-fabric_diff_mix_silver-paint_spec_hue_2_sat_1_spec_1].png","10"
"[small_cathedral][ridges_high_frequency][MERL_EDIT-beige-fabric_diff_mix_silver-paint_spec_hue_3_black_spec_0].png","[small_cathedral][ridges_high_frequency][MERL_EDIT-beige-fabric_diff_mix_silver-paint_spec_hue_3_black_spec_0].png","10"
"[small_cathedral][ridges_high_frequency][MERL_EDIT-beige-fabric_diff_mix_silver-paint_spec_hue_3_black_spec_1].png","[small_cathedral][ridges_high_frequency][MERL_EDIT-beige-fabric_diff_mix_silver-paint_spec_hue_3_black_spec_1].png","10"
"[small_cathedral][ridges_high_frequency][MERL_EDIT-beige-fabric_diff_mix_silver-paint_spec_hue_3_black_spec_2].png","[small_cathedral][ridges_high_frequency][MERL_EDIT-beige-fabric_diff_mix_silver-paint_spec_hue_3_black_spec_2].png","10"
"[small_cathedral][ridges_high_frequency][MERL_EDIT-beige-fabric_diff_mix_white-paint_spec_hue_0_sat_1_spec_0].png","[small_cathedral][ridges_high_frequency][MERL_EDIT-beige-fabric_diff_mix_white-paint_spec_hue_0_sat_1_spec_0].png","10"
"[small_cathedral][ridges_high_frequency][MERL_EDIT-beige-fabric_hue_3_black_spec_0].png","[small_cathedral][ridges_high_frequency][MERL_EDIT-beige-fabric_hue_3_black_spec_0].png","10"
"[small_cathedral][ridges_high_frequency][MERL-alum-bronze].png","[small_cathedral][ridges_high_frequency][MERL-alum-bronze].png","10"
"[small_cathedral][ridges_high_frequency][MERL-alumina-oxide].png","[small_cathedral][ridges_high_frequency][MERL-alumina-oxide].png","10"
"[small_cathedral][ridges_high_frequency][MERL-aluminium].png","[small_cathedral][ridges_high_frequency][MERL-aluminium].png","10"
"[small_cathedral][ridges_high_frequency][MERL-beige-fabric].png","[small_cathedral][ridges_high_frequency][MERL-beige-fabric].png","10"
"[small_cathedral][ridges_high_frequency][MERL-black-fabric].png","[small_cathedral][ridges_high_frequency][MERL-black-fabric].png","10"
"[small_cathedral][ridges_high_frequency][MERL-chrome].png","[small_cathedral][ridges_high_frequency][MERL-chrome].png","10"
"[small_cathedral][ridges_high_frequency][MERL-gold-metallic-paint].png","[small_cathedral][ridges_high_frequency][MERL-gold-metallic-paint].png","10"
"[small_cathedral][ridges_high_frequency][MERL-gold-metallic-paint2].png","[small_cathedral][ridges_high_frequency][MERL-gold-metallic-paint2].png","10"
"[small_cathedral][ridges_high_frequency][MERL-gold-metallic-paint3].png","[small_cathedral][ridges_high_frequency][MERL-gold-metallic-paint3].png","10"
"[small_cathedral][ridges_high_frequency][MERL-green-plastic].png","[small_cathedral][ridges_high_frequency][MERL-green-plastic].png","10"
"[small_cathedral][ridges_high_frequency][MERL-light-brown-fabric].png","[small_cathedral][ridges_high_frequency][MERL-light-brown-fabric].png","10"
"[small_cathedral][ridges_high_frequency][MERL-pearl-paint].png","[small_cathedral][ridges_high_frequency][MERL-pearl-paint].png","10"
"[small_cathedral][ridges_high_frequency][MERL-polyurethane-foam].png","[small_cathedral][ridges_high_frequency][MERL-polyurethane-foam].png","10"
"[small_cathedral][ridges_high_frequency][MERL-red-metallic-paint].png","[small_cathedral][ridges_high_frequency][MERL-red-metallic-paint].png","10"
"[small_cathedral][ridges_high_frequency][MERL-silicon-nitrade].png","[small_cathedral][ridges_high_frequency][MERL-silicon-nitrade].png","10"
"[small_cathedral][ridges_high_frequency][MERL-silver-metallic-paint].png","[small_cathedral][ridges_high_frequency][MERL-silver-metallic-paint].png","10"
"[small_cathedral][ridges_high_frequency][MERL-silver-metallic-paint2].png","[small_cathedral][ridges_high_frequency][MERL-silver-metallic-paint2].png","10"
"[small_cathedral][ridges_high_frequency][MERL-specular-blue-phenolic].png","[small_cathedral][ridges_high_frequency][MERL-specular-blue-phenolic].png","10"
"[small_cathedral][ridges_high_frequency][MERL-specular-green-phenolic].png","[small_cathedral][ridges_high_frequency][MERL-specular-green-phenolic].png","10"
"[small_cathedral][ridges_high_frequency][MERL-specular-maroon-phenolic].png","[small_cathedral][ridges_high_frequency][MERL-specular-maroon-phenolic].png","10"
"[small_cathedral][ridges_high_frequency][MERL-specular-orange-phenolic].png","[small_cathedral][ridges_high_frequency][MERL-specular-orange-phenolic].png","10"
"[small_cathedral][ridges_high_frequency][MERL-specular-red-phenolic].png","[small_cathedral][ridges_high_frequency][MERL-specular-red-phenolic].png","10"
"[small_cathedral][ridges_high_frequency][MERL-specular-violet-phenolic].png","[small_cathedral][ridges_high_frequency][MERL-specular-violet-phenolic].png","10"
"[small_cathedral][ridges_high_frequency][MERL-specular-white-phenolic].png","[small_cathedral][ridges_high_frequency][MERL-specular-white-phenolic].png","10"
"[small_cathedral][ridges_high_frequency][MERL-specular-yellow-phenolic].png","[small_cathedral][ridges_high_frequency][MERL-specular-yellow-phenolic].png","10"
"[small_cathedral][ridges_high_frequency][MERL-steel].png","[small_cathedral][ridges_high_frequency][MERL-steel].png","10"
"[small_cathedral][ridges_high_frequency][MERL-tungsten-carbide].png","[small_cathedral][ridges_high_frequency][MERL-tungsten-carbide].png","10"
"[small_cathedral][ridges_high_frequency][MERL-two-layer-silver].png","[small_cathedral][ridges_high_frequency][MERL-two-layer-silver].png","10"
"[small_cathedral][ridges_high_frequency][MERL-white-acrylic].png","[small_cathedral][ridges_high_frequency][MERL-white-acrylic].png","10"
"[small_cathedral][ridges_high_frequency][MERL-yellow-phenolic].png","[small_cathedral][ridges_high_frequency][MERL-yellow-phenolic].png","10"
"[small_cathedral][ridges_high_frequency][RGL-aniso_copper_sheet_rgb].png","[small_cathedral][ridges_high_frequency][RGL-aniso_copper_sheet_rgb].png","10"
"[small_cathedral][ridges_high_frequency][RGL-aniso_miro_7_rgb].png","[small_cathedral][ridges_high_frequency][RGL-aniso_miro_7_rgb].png","10"
"[small_cathedral][ridges_high_frequency][RGL-aniso_sari_silk_2color_rgb].png","[small_cathedral][ridges_high_frequency][RGL-aniso_sari_silk_2color_rgb].png","10"
"[small_cathedral][ridges_high_frequency][RGL-chm_orange_rgb].png","[small_cathedral][ridges_high_frequency][RGL-chm_orange_rgb].png","10"
"[small_cathedral][ridges_high_frequency][RGL-ilm_solo_m_68_rgb].png","[small_cathedral][ridges_high_frequency][RGL-ilm_solo_m_68_rgb].png","10"
"[small_cathedral][ridges_high_frequency][RGL-vch_frozen_amethyst_rgb].png","[small_cathedral][ridges_high_frequency][RGL-vch_frozen_amethyst_rgb].png","10"
"[small_cathedral][ridges_high_frequency][RGL-vch_golden_yellow_rgb].png","[small_cathedral][ridges_high_frequency][RGL-vch_golden_yellow_rgb].png","10"
"[small_cathedral][ridges_high_frequency][RGL-vch_silk_blue_rgb].png","[small_cathedral][ridges_high_frequency][RGL-vch_silk_blue_rgb].png","10"
"[small_cathedral][ridges_high_frequency][SVBRDF-Ceramic__0330_marble_wall_01].png","[small_cathedral][ridges_high_frequency][SVBRDF-Ceramic__0330_marble_wall_01].png","10"
"[small_cathedral][ridges_high_frequency][SVBRDF-Ceramic__0974_arcane_arabesque_patterns].png","[small_cathedral][ridges_high_frequency][SVBRDF-Ceramic__0974_arcane_arabesque_patterns].png","10"
"[small_cathedral][ridges_high_frequency][SVBRDF-Ceramic__cgbc_blue_tiles_001].png","[small_cathedral][ridges_high_frequency][SVBRDF-Ceramic__cgbc_blue_tiles_001].png","10"
"[small_cathedral][ridges_high_frequency][SVBRDF-Ceramic__tc_tiles_085].png","[small_cathedral][ridges_high_frequency][SVBRDF-Ceramic__tc_tiles_085].png","10"
"[small_cathedral][ridges_high_frequency][SVBRDF-Fabric__0265_fabric_padded_wall].png","[small_cathedral][ridges_high_frequency][SVBRDF-Fabric__0265_fabric_padded_wall].png","10"
"[small_cathedral][ridges_high_frequency][SVBRDF-Fabric__0266_fabric_padded_wall].png","[small_cathedral][ridges_high_frequency][SVBRDF-Fabric__0266_fabric_padded_wall].png","10"
"[small_cathedral][ridges_high_frequency][SVBRDF-Fabric__acg_fabric_058].png","[small_cathedral][ridges_high_frequency][SVBRDF-Fabric__acg_fabric_058].png","10"
"[small_cathedral][ridges_high_frequency][SVBRDF-Fabric__js_fabric_pattern_006].png","[small_cathedral][ridges_high_frequency][SVBRDF-Fabric__js_fabric_pattern_006].png","10"
"[small_cathedral][ridges_high_frequency][SVBRDF-Metal__0361_metal_brushed_copper].png","[small_cathedral][ridges_high_frequency][SVBRDF-Metal__0361_metal_brushed_copper].png","10"
"[small_cathedral][ridges_high_frequency][SVBRDF-Metal__acg_metal_016].png","[small_cathedral][ridges_high_frequency][SVBRDF-Metal__acg_metal_016].png","10"
"[small_cathedral][ridges_high_frequency][SVBRDF-Metal__cgbc_metal_weave_002].png","[small_cathedral][ridges_high_frequency][SVBRDF-Metal__cgbc_metal_weave_002].png","10"
"[small_cathedral][ridges_low_frequency][MERL_EDIT-beige-fabric_diff_mix_grease-covered-steel_spec_hue_1_sat_1_spec_0].png","[small_cathedral][ridges_low_frequency][MERL_EDIT-beige-fabric_diff_mix_grease-covered-steel_spec_hue_1_sat_1_spec_0].png","10"
"[small_cathedral][ridges_low_frequency][MERL_EDIT-beige-fabric_diff_mix_grease-covered-steel_spec_hue_2_sat_0_spec_1].png","[small_cathedral][ridges_low_frequency][MERL_EDIT-beige-fabric_diff_mix_grease-covered-steel_spec_hue_2_sat_0_spec_1].png","10"
"[small_cathedral][ridges_low_frequency][MERL_EDIT-beige-fabric_diff_mix_grease-covered-steel_spec_hue_2_sat_1_spec_1].png","[small_cathedral][ridges_low_frequency][MERL_EDIT-beige-fabric_diff_mix_grease-covered-steel_spec_hue_2_sat_1_spec_1].png","10"
"[small_cathedral][ridges_low_frequency][MERL_EDIT-beige-fabric_diff_mix_natural-209_spec_hue_1_sat_0_spec_1].png","[small_cathedral][ridges_low_frequency][MERL_EDIT-beige-fabric_diff_mix_natural-209_spec_hue_1_sat_0_spec_1].png","10"
"[small_cathedral][ridges_low_frequency][MERL_EDIT-beige-fabric_diff_mix_polyethylene_spec_hue_3_black_spec_1].png","[small_cathedral][ridges_low_frequency][MERL_EDIT-beige-fabric_diff_mix_polyethylene_spec_hue_3_black_spec_1].png","10"
"[small_cathedral][ridges_low_frequency][MERL_EDIT-beige-fabric_diff_mix_silver-paint_spec_hue_2_sat_1_spec_1].png","[small_cathedral][ridges_low_frequency][MERL_EDIT-beige-fabric_diff_mix_silver-paint_spec_hue_2_sat_1_spec_1].png","10"
"[small_cathedral][ridges_low_frequency][MERL_EDIT-beige-fabric_diff_mix_silver-paint_spec_hue_3_black_spec_0].png","[small_cathedral][ridges_low_frequency][MERL_EDIT-beige-fabric_diff_mix_silver-paint_spec_hue_3_black_spec_0].png","10"
"[small_cathedral][ridges_low_frequency][MERL_EDIT-beige-fabric_diff_mix_silver-paint_spec_hue_3_black_spec_1].png","[small_cathedral][ridges_low_frequency][MERL_EDIT-beige-fabric_diff_mix_silver-paint_spec_hue_3_black_spec_1].png","10"
"[small_cathedral][ridges_low_frequency][MERL_EDIT-beige-fabric_diff_mix_silver-paint_spec_hue_3_black_spec_2].png","[small_cathedral][ridges_low_frequency][MERL_EDIT-beige-fabric_diff_mix_silver-paint_spec_hue_3_black_spec_2].png","10"
"[small_cathedral][ridges_low_frequency][MERL_EDIT-beige-fabric_diff_mix_white-paint_spec_hue_0_sat_1_spec_0].png","[small_cathedral][ridges_low_frequency][MERL_EDIT-beige-fabric_diff_mix_white-paint_spec_hue_0_sat_1_spec_0].png","10"
"[small_cathedral][ridges_low_frequency][MERL_EDIT-beige-fabric_hue_3_black_spec_0].png","[small_cathedral][ridges_low_frequency][MERL_EDIT-beige-fabric_hue_3_black_spec_0].png","10"
"[small_cathedral][ridges_low_frequency][MERL-alum-bronze].png","[small_cathedral][ridges_low_frequency][MERL-alum-bronze].png","10"
"[small_cathedral][ridges_low_frequency][MERL-alumina-oxide].png","[small_cathedral][ridges_low_frequency][MERL-alumina-oxide].png","10"
"[small_cathedral][ridges_low_frequency][MERL-aluminium].png","[small_cathedral][ridges_low_frequency][MERL-aluminium].png","10"
"[small_cathedral][ridges_low_frequency][MERL-beige-fabric].png","[small_cathedral][ridges_low_frequency][MERL-beige-fabric].png","10"
"[small_cathedral][ridges_low_frequency][MERL-black-fabric].png","[small_cathedral][ridges_low_frequency][MERL-black-fabric].png","10"
"[small_cathedral][ridges_low_frequency][MERL-chrome].png","[small_cathedral][ridges_low_frequency][MERL-chrome].png","10"
"[small_cathedral][ridges_low_frequency][MERL-gold-metallic-paint].png","[small_cathedral][ridges_low_frequency][MERL-gold-metallic-paint].png","10"
"[small_cathedral][ridges_low_frequency][MERL-gold-metallic-paint2].png","[small_cathedral][ridges_low_frequency][MERL-gold-metallic-paint2].png","10"
"[small_cathedral][ridges_low_frequency][MERL-gold-metallic-paint3].png","[small_cathedral][ridges_low_frequency][MERL-gold-metallic-paint3].png","10"
"[small_cathedral][ridges_low_frequency][MERL-green-plastic].png","[small_cathedral][ridges_low_frequency][MERL-green-plastic].png","10"
"[small_cathedral][ridges_low_frequency][MERL-light-brown-fabric].png","[small_cathedral][ridges_low_frequency][MERL-light-brown-fabric].png","10"
"[small_cathedral][ridges_low_frequency][MERL-pearl-paint].png","[small_cathedral][ridges_low_frequency][MERL-pearl-paint].png","10"
"[small_cathedral][ridges_low_frequency][MERL-polyurethane-foam].png","[small_cathedral][ridges_low_frequency][MERL-polyurethane-foam].png","10"
"[small_cathedral][ridges_low_frequency][MERL-red-metallic-paint].png","[small_cathedral][ridges_low_frequency][MERL-red-metallic-paint].png","10"
"[small_cathedral][ridges_low_frequency][MERL-silicon-nitrade].png","[small_cathedral][ridges_low_frequency][MERL-silicon-nitrade].png","10"
"[small_cathedral][ridges_low_frequency][MERL-silver-metallic-paint].png","[small_cathedral][ridges_low_frequency][MERL-silver-metallic-paint].png","10"
"[small_cathedral][ridges_low_frequency][MERL-silver-metallic-paint2].png","[small_cathedral][ridges_low_frequency][MERL-silver-metallic-paint2].png","10"
"[small_cathedral][ridges_low_frequency][MERL-specular-blue-phenolic].png","[small_cathedral][ridges_low_frequency][MERL-specular-blue-phenolic].png","10"
"[small_cathedral][ridges_low_frequency][MERL-specular-green-phenolic].png","[small_cathedral][ridges_low_frequency][MERL-specular-green-phenolic].png","10"
"[small_cathedral][ridges_low_frequency][MERL-specular-maroon-phenolic].png","[small_cathedral][ridges_low_frequency][MERL-specular-maroon-phenolic].png","10"
"[small_cathedral][ridges_low_frequency][MERL-specular-orange-phenolic].png","[small_cathedral][ridges_low_frequency][MERL-specular-orange-phenolic].png","10"
"[small_cathedral][ridges_low_frequency][MERL-specular-red-phenolic].png","[small_cathedral][ridges_low_frequency][MERL-specular-red-phenolic].png","10"
"[small_cathedral][ridges_low_frequency][MERL-specular-violet-phenolic].png","[small_cathedral][ridges_low_frequency][MERL-specular-violet-phenolic].png","10"
"[small_cathedral][ridges_low_frequency][MERL-specular-white-phenolic].png","[small_cathedral][ridges_low_frequency][MERL-specular-white-phenolic].png","10"
"[small_cathedral][ridges_low_frequency][MERL-specular-yellow-phenolic].png","[small_cathedral][ridges_low_frequency][MERL-specular-yellow-phenolic].png","10"
"[small_cathedral][ridges_low_frequency][MERL-steel].png","[small_cathedral][ridges_low_frequency][MERL-steel].png","10"
"[small_cathedral][ridges_low_frequency][MERL-tungsten-carbide].png","[small_cathedral][ridges_low_frequency][MERL-tungsten-carbide].png","10"
"[small_cathedral][ridges_low_frequency][MERL-two-layer-silver].png","[small_cathedral][ridges_low_frequency][MERL-two-layer-silver].png","10"
"[small_cathedral][ridges_low_frequency][MERL-white-acrylic].png","[small_cathedral][ridges_low_frequency][MERL-white-acrylic].png","10"
"[small_cathedral][ridges_low_frequency][MERL-yellow-phenolic].png","[small_cathedral][ridges_low_frequency][MERL-yellow-phenolic].png","10"
"[small_cathedral][ridges_low_frequency][RGL-aniso_copper_sheet_rgb].png","[small_cathedral][ridges_low_frequency][RGL-aniso_copper_sheet_rgb].png","10"
"[small_cathedral][ridges_low_frequency][RGL-aniso_miro_7_rgb].png","[small_cathedral][ridges_low_frequency][RGL-aniso_miro_7_rgb].png","10"
"[small_cathedral][ridges_low_frequency][RGL-aniso_sari_silk_2color_rgb].png","[small_cathedral][ridges_low_frequency][RGL-aniso_sari_silk_2color_rgb].png","10"
"[small_cathedral][ridges_low_frequency][RGL-chm_orange_rgb].png","[small_cathedral][ridges_low_frequency][RGL-chm_orange_rgb].png","10"
"[small_cathedral][ridges_low_frequency][RGL-ilm_solo_m_68_rgb].png","[small_cathedral][ridges_low_frequency][RGL-ilm_solo_m_68_rgb].png","10"
"[small_cathedral][ridges_low_frequency][RGL-vch_frozen_amethyst_rgb].png","[small_cathedral][ridges_low_frequency][RGL-vch_frozen_amethyst_rgb].png","10"
"[small_cathedral][ridges_low_frequency][RGL-vch_golden_yellow_rgb].png","[small_cathedral][ridges_low_frequency][RGL-vch_golden_yellow_rgb].png","10"
"[small_cathedral][ridges_low_frequency][RGL-vch_silk_blue_rgb].png","[small_cathedral][ridges_low_frequency][RGL-vch_silk_blue_rgb].png","10"
"[small_cathedral][ridges_low_frequency][SVBRDF-Ceramic__0330_marble_wall_01].png","[small_cathedral][ridges_low_frequency][SVBRDF-Ceramic__0330_marble_wall_01].png","10"
"[small_cathedral][ridges_low_frequency][SVBRDF-Ceramic__0974_arcane_arabesque_patterns].png","[small_cathedral][ridges_low_frequency][SVBRDF-Ceramic__0974_arcane_arabesque_patterns].png","10"
"[small_cathedral][ridges_low_frequency][SVBRDF-Ceramic__cgbc_blue_tiles_001].png","[small_cathedral][ridges_low_frequency][SVBRDF-Ceramic__cgbc_blue_tiles_001].png","10"
"[small_cathedral][ridges_low_frequency][SVBRDF-Ceramic__tc_tiles_085].png","[small_cathedral][ridges_low_frequency][SVBRDF-Ceramic__tc_tiles_085].png","10"
"[small_cathedral][ridges_low_frequency][SVBRDF-Fabric__0265_fabric_padded_wall].png","[small_cathedral][ridges_low_frequency][SVBRDF-Fabric__0265_fabric_padded_wall].png","10"
"[small_cathedral][ridges_low_frequency][SVBRDF-Fabric__0266_fabric_padded_wall].png","[small_cathedral][ridges_low_frequency][SVBRDF-Fabric__0266_fabric_padded_wall].png","10"
"[small_cathedral][ridges_low_frequency][SVBRDF-Fabric__acg_fabric_058].png","[small_cathedral][ridges_low_frequency][SVBRDF-Fabric__acg_fabric_058].png","10"
"[small_cathedral][ridges_low_frequency][SVBRDF-Fabric__js_fabric_pattern_006].png","[small_cathedral][ridges_low_frequency][SVBRDF-Fabric__js_fabric_pattern_006].png","10"
"[small_cathedral][ridges_low_frequency][SVBRDF-Metal__0361_metal_brushed_copper].png","[small_cathedral][ridges_low_frequency][SVBRDF-Metal__0361_metal_brushed_copper].png","10"
"[small_cathedral][ridges_low_frequency][SVBRDF-Metal__acg_metal_016].png","[small_cathedral][ridges_low_frequency][SVBRDF-Metal__acg_metal_016].png","10"
"[small_cathedral][ridges_low_frequency][SVBRDF-Metal__cgbc_metal_weave_002].png","[small_cathedral][ridges_low_frequency][SVBRDF-Metal__cgbc_metal_weave_002].png","10"
"[small_cathedral][ridges_very_high_frequency][MERL_EDIT-beige-fabric_diff_mix_grease-covered-steel_spec_hue_1_sat_1_spec_0].png","[small_cathedral][ridges_very_high_frequency][MERL_EDIT-beige-fabric_diff_mix_grease-covered-steel_spec_hue_1_sat_1_spec_0].png","10"
"[small_cathedral][ridges_very_high_frequency][MERL_EDIT-beige-fabric_diff_mix_grease-covered-steel_spec_hue_2_sat_0_spec_1].png","[small_cathedral][ridges_very_high_frequency][MERL_EDIT-beige-fabric_diff_mix_grease-covered-steel_spec_hue_2_sat_0_spec_1].png","10"
"[small_cathedral][ridges_very_high_frequency][MERL_EDIT-beige-fabric_diff_mix_grease-covered-steel_spec_hue_2_sat_1_spec_1].png","[small_cathedral][ridges_very_high_frequency][MERL_EDIT-beige-fabric_diff_mix_grease-covered-steel_spec_hue_2_sat_1_spec_1].png","10"
"[small_cathedral][ridges_very_high_frequency][MERL_EDIT-beige-fabric_diff_mix_natural-209_spec_hue_1_sat_0_spec_1].png","[small_cathedral][ridges_very_high_frequency][MERL_EDIT-beige-fabric_diff_mix_natural-209_spec_hue_1_sat_0_spec_1].png","10"
"[small_cathedral][ridges_very_high_frequency][MERL_EDIT-beige-fabric_diff_mix_polyethylene_spec_hue_3_black_spec_1].png","[small_cathedral][ridges_very_high_frequency][MERL_EDIT-beige-fabric_diff_mix_polyethylene_spec_hue_3_black_spec_1].png","10"
"[small_cathedral][ridges_very_high_frequency][MERL_EDIT-beige-fabric_diff_mix_silver-paint_spec_hue_2_sat_1_spec_1].png","[small_cathedral][ridges_very_high_frequency][MERL_EDIT-beige-fabric_diff_mix_silver-paint_spec_hue_2_sat_1_spec_1].png","10"
"[small_cathedral][ridges_very_high_frequency][MERL_EDIT-beige-fabric_diff_mix_silver-paint_spec_hue_3_black_spec_0].png","[small_cathedral][ridges_very_high_frequency][MERL_EDIT-beige-fabric_diff_mix_silver-paint_spec_hue_3_black_spec_0].png","10"
"[small_cathedral][ridges_very_high_frequency][MERL_EDIT-beige-fabric_diff_mix_silver-paint_spec_hue_3_black_spec_1].png","[small_cathedral][ridges_very_high_frequency][MERL_EDIT-beige-fabric_diff_mix_silver-paint_spec_hue_3_black_spec_1].png","10"
"[small_cathedral][ridges_very_high_frequency][MERL_EDIT-beige-fabric_diff_mix_silver-paint_spec_hue_3_black_spec_2].png","[small_cathedral][ridges_very_high_frequency][MERL_EDIT-beige-fabric_diff_mix_silver-paint_spec_hue_3_black_spec_2].png","10"
"[small_cathedral][ridges_very_high_frequency][MERL_EDIT-beige-fabric_diff_mix_white-paint_spec_hue_0_sat_1_spec_0].png","[small_cathedral][ridges_very_high_frequency][MERL_EDIT-beige-fabric_diff_mix_white-paint_spec_hue_0_sat_1_spec_0].png","10"
"[small_cathedral][ridges_very_high_frequency][MERL_EDIT-beige-fabric_hue_3_black_spec_0].png","[small_cathedral][ridges_very_high_frequency][MERL_EDIT-beige-fabric_hue_3_black_spec_0].png","10"
"[small_cathedral][ridges_very_high_frequency][MERL-alum-bronze].png","[small_cathedral][ridges_very_high_frequency][MERL-alum-bronze].png","10"
"[small_cathedral][ridges_very_high_frequency][MERL-alumina-oxide].png","[small_cathedral][ridges_very_high_frequency][MERL-alumina-oxide].png","10"
"[small_cathedral][ridges_very_high_frequency][MERL-aluminium].png","[small_cathedral][ridges_very_high_frequency][MERL-aluminium].png","10"
"[small_cathedral][ridges_very_high_frequency][MERL-beige-fabric].png","[small_cathedral][ridges_very_high_frequency][MERL-beige-fabric].png","10"
"[small_cathedral][ridges_very_high_frequency][MERL-black-fabric].png","[small_cathedral][ridges_very_high_frequency][MERL-black-fabric].png","10"
"[small_cathedral][ridges_very_high_frequency][MERL-chrome].png","[small_cathedral][ridges_very_high_frequency][MERL-chrome].png","10"
"[small_cathedral][ridges_very_high_frequency][MERL-gold-metallic-paint].png","[small_cathedral][ridges_very_high_frequency][MERL-gold-metallic-paint].png","10"
"[small_cathedral][ridges_very_high_frequency][MERL-gold-metallic-paint2].png","[small_cathedral][ridges_very_high_frequency][MERL-gold-metallic-paint2].png","10"
"[small_cathedral][ridges_very_high_frequency][MERL-gold-metallic-paint3].png","[small_cathedral][ridges_very_high_frequency][MERL-gold-metallic-paint3].png","10"
"[small_cathedral][ridges_very_high_frequency][MERL-green-plastic].png","[small_cathedral][ridges_very_high_frequency][MERL-green-plastic].png","10"
"[small_cathedral][ridges_very_high_frequency][MERL-light-brown-fabric].png","[small_cathedral][ridges_very_high_frequency][MERL-light-brown-fabric].png","10"
"[small_cathedral][ridges_very_high_frequency][MERL-pearl-paint].png","[small_cathedral][ridges_very_high_frequency][MERL-pearl-paint].png","10"
"[small_cathedral][ridges_very_high_frequency][MERL-polyurethane-foam].png","[small_cathedral][ridges_very_high_frequency][MERL-polyurethane-foam].png","10"
"[small_cathedral][ridges_very_high_frequency][MERL-red-metallic-paint].png","[small_cathedral][ridges_very_high_frequency][MERL-red-metallic-paint].png","10"
"[small_cathedral][ridges_very_high_frequency][MERL-silicon-nitrade].png","[small_cathedral][ridges_very_high_frequency][MERL-silicon-nitrade].png","10"
"[small_cathedral][ridges_very_high_frequency][MERL-silver-metallic-paint].png","[small_cathedral][ridges_very_high_frequency][MERL-silver-metallic-paint].png","10"
"[small_cathedral][ridges_very_high_frequency][MERL-silver-metallic-paint2].png","[small_cathedral][ridges_very_high_frequency][MERL-silver-metallic-paint2].png","10"
"[small_cathedral][ridges_very_high_frequency][MERL-specular-blue-phenolic].png","[small_cathedral][ridges_very_high_frequency][MERL-specular-blue-phenolic].png","10"
"[small_cathedral][ridges_very_high_frequency][MERL-specular-green-phenolic].png","[small_cathedral][ridges_very_high_frequency][MERL-specular-green-phenolic].png","10"
"[small_cathedral][ridges_very_high_frequency][MERL-specular-maroon-phenolic].png","[small_cathedral][ridges_very_high_frequency][MERL-specular-maroon-phenolic].png","10"
"[small_cathedral][ridges_very_high_frequency][MERL-specular-orange-phenolic].png","[small_cathedral][ridges_very_high_frequency][MERL-specular-orange-phenolic].png","10"
"[small_cathedral][ridges_very_high_frequency][MERL-specular-red-phenolic].png","[small_cathedral][ridges_very_high_frequency][MERL-specular-red-phenolic].png","10"
"[small_cathedral][ridges_very_high_frequency][MERL-specular-violet-phenolic].png","[small_cathedral][ridges_very_high_frequency][MERL-specular-violet-phenolic].png","10"
"[small_cathedral][ridges_very_high_frequency][MERL-specular-white-phenolic].png","[small_cathedral][ridges_very_high_frequency][MERL-specular-white-phenolic].png","10"
"[small_cathedral][ridges_very_high_frequency][MERL-specular-yellow-phenolic].png","[small_cathedral][ridges_very_high_frequency][MERL-specular-yellow-phenolic].png","10"
"[small_cathedral][ridges_very_high_frequency][MERL-steel].png","[small_cathedral][ridges_very_high_frequency][MERL-steel].png","10"
"[small_cathedral][ridges_very_high_frequency][MERL-tungsten-carbide].png","[small_cathedral][ridges_very_high_frequency][MERL-tungsten-carbide].png","10"
"[small_cathedral][ridges_very_high_frequency][MERL-two-layer-silver].png","[small_cathedral][ridges_very_high_frequency][MERL-two-layer-silver].png","10"
"[small_cathedral][ridges_very_high_frequency][MERL-white-acrylic].png","[small_cathedral][ridges_very_high_frequency][MERL-white-acrylic].png","10"
"[small_cathedral][ridges_very_high_frequency][MERL-yellow-phenolic].png","[small_cathedral][ridges_very_high_frequency][MERL-yellow-phenolic].png","10"
"[small_cathedral][ridges_very_high_frequency][RGL-aniso_copper_sheet_rgb].png","[small_cathedral][ridges_very_high_frequency][RGL-aniso_copper_sheet_rgb].png","10"
"[small_cathedral][ridges_very_high_frequency][RGL-aniso_miro_7_rgb].png","[small_cathedral][ridges_very_high_frequency][RGL-aniso_miro_7_rgb].png","10"
"[small_cathedral][ridges_very_high_frequency][RGL-aniso_sari_silk_2color_rgb].png","[small_cathedral][ridges_very_high_frequency][RGL-aniso_sari_silk_2color_rgb].png","10"
"[small_cathedral][ridges_very_high_frequency][RGL-chm_orange_rgb].png","[small_cathedral][ridges_very_high_frequency][RGL-chm_orange_rgb].png","10"
"[small_cathedral][ridges_very_high_frequency][RGL-ilm_solo_m_68_rgb].png","[small_cathedral][ridges_very_high_frequency][RGL-ilm_solo_m_68_rgb].png","10"
"[small_cathedral][ridges_very_high_frequency][RGL-vch_frozen_amethyst_rgb].png","[small_cathedral][ridges_very_high_frequency][RGL-vch_frozen_amethyst_rgb].png","10"
"[small_cathedral][ridges_very_high_frequency][RGL-vch_golden_yellow_rgb].png","[small_cathedral][ridges_very_high_frequency][RGL-vch_golden_yellow_rgb].png","10"
"[small_cathedral][ridges_very_high_frequency][RGL-vch_silk_blue_rgb].png","[small_cathedral][ridges_very_high_frequency][RGL-vch_silk_blue_rgb].png","10"
"[small_cathedral][ridges_very_high_frequency][SVBRDF-Ceramic__0330_marble_wall_01].png","[small_cathedral][ridges_very_high_frequency][SVBRDF-Ceramic__0330_marble_wall_01].png","10"
"[small_cathedral][ridges_very_high_frequency][SVBRDF-Ceramic__0974_arcane_arabesque_patterns].png","[small_cathedral][ridges_very_high_frequency][SVBRDF-Ceramic__0974_arcane_arabesque_patterns].png","10"
"[small_cathedral][ridges_very_high_frequency][SVBRDF-Ceramic__cgbc_blue_tiles_001].png","[small_cathedral][ridges_very_high_frequency][SVBRDF-Ceramic__cgbc_blue_tiles_001].png","10"
"[small_cathedral][ridges_very_high_frequency][SVBRDF-Ceramic__tc_tiles_085].png","[small_cathedral][ridges_very_high_frequency][SVBRDF-Ceramic__tc_tiles_085].png","10"
"[small_cathedral][ridges_very_high_frequency][SVBRDF-Fabric__0265_fabric_padded_wall].png","[small_cathedral][ridges_very_high_frequency][SVBRDF-Fabric__0265_fabric_padded_wall].png","10"
"[small_cathedral][ridges_very_high_frequency][SVBRDF-Fabric__0266_fabric_padded_wall].png","[small_cathedral][ridges_very_high_frequency][SVBRDF-Fabric__0266_fabric_padded_wall].png","10"
"[small_cathedral][ridges_very_high_frequency][SVBRDF-Fabric__acg_fabric_058].png","[small_cathedral][ridges_very_high_frequency][SVBRDF-Fabric__acg_fabric_058].png","10"
"[small_cathedral][ridges_very_high_frequency][SVBRDF-Fabric__js_fabric_pattern_006].png","[small_cathedral][ridges_very_high_frequency][SVBRDF-Fabric__js_fabric_pattern_006].png","10"
"[small_cathedral][ridges_very_high_frequency][SVBRDF-Metal__0361_metal_brushed_copper].png","[small_cathedral][ridges_very_high_frequency][SVBRDF-Metal__0361_metal_brushed_copper].png","10"
"[small_cathedral][ridges_very_high_frequency][SVBRDF-Metal__acg_metal_016].png","[small_cathedral][ridges_very_high_frequency][SVBRDF-Metal__acg_metal_016].png","10"
"[small_cathedral][ridges_very_high_frequency][SVBRDF-Metal__cgbc_metal_weave_002].png","[small_cathedral][ridges_very_high_frequency][SVBRDF-Metal__cgbc_metal_weave_002].png","10"
"[small_cathedral][sphere][MERL_EDIT-beige-fabric_diff_mix_grease-covered-steel_spec_hue_1_sat_1_spec_0].png","[small_cathedral][sphere][MERL_EDIT-beige-fabric_diff_mix_grease-covered-steel_spec_hue_1_sat_1_spec_0].png","10"
"[small_cathedral][sphere][MERL_EDIT-beige-fabric_diff_mix_grease-covered-steel_spec_hue_2_sat_0_spec_1].png","[small_cathedral][sphere][MERL_EDIT-beige-fabric_diff_mix_grease-covered-steel_spec_hue_2_sat_0_spec_1].png","10"
"[small_cathedral][sphere][MERL_EDIT-beige-fabric_diff_mix_grease-covered-steel_spec_hue_2_sat_1_spec_1].png","[small_cathedral][sphere][MERL_EDIT-beige-fabric_diff_mix_grease-covered-steel_spec_hue_2_sat_1_spec_1].png","10"
"[small_cathedral][sphere][MERL_EDIT-beige-fabric_diff_mix_natural-209_spec_hue_1_sat_0_spec_1].png","[small_cathedral][sphere][MERL_EDIT-beige-fabric_diff_mix_natural-209_spec_hue_1_sat_0_spec_1].png","10"
"[small_cathedral][sphere][MERL_EDIT-beige-fabric_diff_mix_polyethylene_spec_hue_3_black_spec_1].png","[small_cathedral][sphere][MERL_EDIT-beige-fabric_diff_mix_polyethylene_spec_hue_3_black_spec_1].png","10"
"[small_cathedral][sphere][MERL_EDIT-beige-fabric_diff_mix_silver-paint_spec_hue_2_sat_1_spec_1].png","[small_cathedral][sphere][MERL_EDIT-beige-fabric_diff_mix_silver-paint_spec_hue_2_sat_1_spec_1].png","10"
"[small_cathedral][sphere][MERL_EDIT-beige-fabric_diff_mix_silver-paint_spec_hue_3_black_spec_0].png","[small_cathedral][sphere][MERL_EDIT-beige-fabric_diff_mix_silver-paint_spec_hue_3_black_spec_0].png","10"
"[small_cathedral][sphere][MERL_EDIT-beige-fabric_diff_mix_silver-paint_spec_hue_3_black_spec_1].png","[small_cathedral][sphere][MERL_EDIT-beige-fabric_diff_mix_silver-paint_spec_hue_3_black_spec_1].png","10"
"[small_cathedral][sphere][MERL_EDIT-beige-fabric_diff_mix_silver-paint_spec_hue_3_black_spec_2].png","[small_cathedral][sphere][MERL_EDIT-beige-fabric_diff_mix_silver-paint_spec_hue_3_black_spec_2].png","10"
"[small_cathedral][sphere][MERL_EDIT-beige-fabric_diff_mix_white-paint_spec_hue_0_sat_1_spec_0].png","[small_cathedral][sphere][MERL_EDIT-beige-fabric_diff_mix_white-paint_spec_hue_0_sat_1_spec_0].png","10"
"[small_cathedral][sphere][MERL_EDIT-beige-fabric_hue_3_black_spec_0].png","[small_cathedral][sphere][MERL_EDIT-beige-fabric_hue_3_black_spec_0].png","10"
"[small_cathedral][sphere][MERL-alum-bronze].png","[small_cathedral][sphere][MERL-alum-bronze].png","10"
"[small_cathedral][sphere][MERL-alumina-oxide].png","[small_cathedral][sphere][MERL-alumina-oxide].png","10"
"[small_cathedral][sphere][MERL-aluminium].png","[small_cathedral][sphere][MERL-aluminium].png","10"
"[small_cathedral][sphere][MERL-beige-fabric].png","[small_cathedral][sphere][MERL-beige-fabric].png","10"
"[small_cathedral][sphere][MERL-black-fabric].png","[small_cathedral][sphere][MERL-black-fabric].png","10"
"[small_cathedral][sphere][MERL-chrome].png","[small_cathedral][sphere][MERL-chrome].png","10"
"[small_cathedral][sphere][MERL-gold-metallic-paint].png","[small_cathedral][sphere][MERL-gold-metallic-paint].png","10"
"[small_cathedral][sphere][MERL-gold-metallic-paint2].png","[small_cathedral][sphere][MERL-gold-metallic-paint2].png","10"
"[small_cathedral][sphere][MERL-gold-metallic-paint3].png","[small_cathedral][sphere][MERL-gold-metallic-paint3].png","10"
"[small_cathedral][sphere][MERL-green-plastic].png","[small_cathedral][sphere][MERL-green-plastic].png","10"
"[small_cathedral][sphere][MERL-light-brown-fabric].png","[small_cathedral][sphere][MERL-light-brown-fabric].png","10"
"[small_cathedral][sphere][MERL-pearl-paint].png","[small_cathedral][sphere][MERL-pearl-paint].png","10"
"[small_cathedral][sphere][MERL-polyurethane-foam].png","[small_cathedral][sphere][MERL-polyurethane-foam].png","10"
"[small_cathedral][sphere][MERL-red-metallic-paint].png","[small_cathedral][sphere][MERL-red-metallic-paint].png","10"
"[small_cathedral][sphere][MERL-silicon-nitrade].png","[small_cathedral][sphere][MERL-silicon-nitrade].png","10"
"[small_cathedral][sphere][MERL-silver-metallic-paint].png","[small_cathedral][sphere][MERL-silver-metallic-paint].png","10"
"[small_cathedral][sphere][MERL-silver-metallic-paint2].png","[small_cathedral][sphere][MERL-silver-metallic-paint2].png","10"
"[small_cathedral][sphere][MERL-specular-blue-phenolic].png","[small_cathedral][sphere][MERL-specular-blue-phenolic].png","10"
"[small_cathedral][sphere][MERL-specular-green-phenolic].png","[small_cathedral][sphere][MERL-specular-green-phenolic].png","10"
"[small_cathedral][sphere][MERL-specular-maroon-phenolic].png","[small_cathedral][sphere][MERL-specular-maroon-phenolic].png","10"
"[small_cathedral][sphere][MERL-specular-orange-phenolic].png","[small_cathedral][sphere][MERL-specular-orange-phenolic].png","10"
"[small_cathedral][sphere][MERL-specular-red-phenolic].png","[small_cathedral][sphere][MERL-specular-red-phenolic].png","10"
"[small_cathedral][sphere][MERL-specular-violet-phenolic].png","[small_cathedral][sphere][MERL-specular-violet-phenolic].png","10"
"[small_cathedral][sphere][MERL-specular-white-phenolic].png","[small_cathedral][sphere][MERL-specular-white-phenolic].png","10"
"[small_cathedral][sphere][MERL-specular-yellow-phenolic].png","[small_cathedral][sphere][MERL-specular-yellow-phenolic].png","10"
"[small_cathedral][sphere][MERL-steel].png","[small_cathedral][sphere][MERL-steel].png","10"
"[small_cathedral][sphere][MERL-tungsten-carbide].png","[small_cathedral][sphere][MERL-tungsten-carbide].png","10"
"[small_cathedral][sphere][MERL-two-layer-silver].png","[small_cathedral][sphere][MERL-two-layer-silver].png","10"
"[small_cathedral][sphere][MERL-white-acrylic].png","[small_cathedral][sphere][MERL-white-acrylic].png","10"
"[small_cathedral][sphere][MERL-yellow-phenolic].png","[small_cathedral][sphere][MERL-yellow-phenolic].png","10"
"[small_cathedral][sphere][RGL-aniso_copper_sheet_rgb].png","[small_cathedral][sphere][RGL-aniso_copper_sheet_rgb].png","10"
"[small_cathedral][sphere][RGL-aniso_miro_7_rgb].png","[small_cathedral][sphere][RGL-aniso_miro_7_rgb].png","10"
"[small_cathedral][sphere][RGL-aniso_sari_silk_2color_rgb].png","[small_cathedral][sphere][RGL-aniso_sari_silk_2color_rgb].png","10"
"[small_cathedral][sphere][RGL-chm_orange_rgb].png","[small_cathedral][sphere][RGL-chm_orange_rgb].png","10"
"[small_cathedral][sphere][RGL-ilm_solo_m_68_rgb].png","[small_cathedral][sphere][RGL-ilm_solo_m_68_rgb].png","10"
"[small_cathedral][sphere][RGL-vch_frozen_amethyst_rgb].png","[small_cathedral][sphere][RGL-vch_frozen_amethyst_rgb].png","10"
"[small_cathedral][sphere][RGL-vch_golden_yellow_rgb].png","[small_cathedral][sphere][RGL-vch_golden_yellow_rgb].png","10"
"[small_cathedral][sphere][RGL-vch_silk_blue_rgb].png","[small_cathedral][sphere][RGL-vch_silk_blue_rgb].png","10"
"[small_cathedral][sphere][SVBRDF-Ceramic__0330_marble_wall_01].png","[small_cathedral][sphere][SVBRDF-Ceramic__0330_marble_wall_01].png","10"
"[small_cathedral][sphere][SVBRDF-Ceramic__0974_arcane_arabesque_patterns].png","[small_cathedral][sphere][SVBRDF-Ceramic__0974_arcane_arabesque_patterns].png","10"
"[small_cathedral][sphere][SVBRDF-Ceramic__cgbc_blue_tiles_001].png","[small_cathedral][sphere][SVBRDF-Ceramic__cgbc_blue_tiles_001].png","10"
"[small_cathedral][sphere][SVBRDF-Ceramic__tc_tiles_085].png","[small_cathedral][sphere][SVBRDF-Ceramic__tc_tiles_085].png","10"
"[small_cathedral][sphere][SVBRDF-Fabric__0265_fabric_padded_wall].png","[small_cathedral][sphere][SVBRDF-Fabric__0265_fabric_padded_wall].png","10"
"[small_cathedral][sphere][SVBRDF-Fabric__0266_fabric_padded_wall].png","[small_cathedral][sphere][SVBRDF-Fabric__0266_fabric_padded_wall].png","10"
"[small_cathedral][sphere][SVBRDF-Fabric__acg_fabric_058].png","[small_cathedral][sphere][SVBRDF-Fabric__acg_fabric_058].png","10"
"[small_cathedral][sphere][SVBRDF-Fabric__js_fabric_pattern_006].png","[small_cathedral][sphere][SVBRDF-Fabric__js_fabric_pattern_006].png","10"
"[small_cathedral][sphere][SVBRDF-Metal__0361_metal_brushed_copper].png","[small_cathedral][sphere][SVBRDF-Metal__0361_metal_brushed_copper].png","10"
"[small_cathedral][sphere][SVBRDF-Metal__acg_metal_016].png","[small_cathedral][sphere][SVBRDF-Metal__acg_metal_016].png","10"
"[small_cathedral][sphere][SVBRDF-Metal__cgbc_metal_weave_002].png","[small_cathedral][sphere][SVBRDF-Metal__cgbc_metal_weave_002].png","10"
